index,split,image_id,image_path,mask_path
0,train,ISIC_0029199,images/ISIC_0029199.jpg,masks/ISIC_0029199_segmentation.png
1,train,ISIC_0032333,images/ISIC_0032333.jpg,masks/ISIC_0032333_segmentation.png
2,train,ISIC_0026191,images/ISIC_0026191.jpg,masks/ISIC_0026191_segmentation.png
3,train,ISIC_0029202,images/ISIC_0029202.jpg,masks/ISIC_0029202_segmentation.png
4,train,ISIC_0032166,images/ISIC_0032166.jpg,masks/ISIC_0032166_segmentation.png
5,train,ISIC_0025160,images/ISIC_0025160.jpg,masks/ISIC_0025160_segmentation.png
6,train,ISIC_0026729,images/ISIC_0026729.jpg,masks/ISIC_0026729_segmentation.png
7,train,ISIC_0028582,images/ISIC_0028582.jpg,masks/ISIC_0028582_segmentation.png
8,train,ISIC_0030480,images/ISIC_0030480.jpg,masks/ISIC_0030480_segmentation.png
9,train,ISIC_0025253,images/ISIC_0025253.jpg,masks/ISIC_0025253_segmentation.png
10,train,ISIC_0024853,images/ISIC_0024853.jpg,masks/ISIC_0024853_segmentation.png
11,train,ISIC_0027339,images/ISIC_0027339.jpg,masks/ISIC_0027339_segmentation.png
12,train,ISIC_0025223,images/ISIC_0025223.jpg,masks/ISIC_0025223_segmentation.png
13,train,ISIC_0026029,images/ISIC_0026029.jpg,masks/ISIC_0026029_segmentation.png
14,train,ISIC_0025981,images/ISIC_0025981.jpg,masks/ISIC_0025981_segmentation.png
15,train,ISIC_0029517,images/ISIC_0029517.jpg,masks/ISIC_0029517_segmentation.png
16,train,ISIC_0033600,images/ISIC_0033600.jpg,masks/ISIC_0033600_segmentation.png
17,train,ISIC_0030957,images/ISIC_0030957.jpg,masks/ISIC_0030957_segmentation.png
18,train,ISIC_0031285,images/ISIC_0031285.jpg,masks/ISIC_0031285_segmentation.png
19,train,ISIC_0032338,images/ISIC_0032338.jpg,masks/ISIC_0032338_segmentation.png
20,train,ISIC_0031379,images/ISIC_0031379.jpg,masks/ISIC_0031379_segmentation.png
21,train,ISIC_0029697,images/ISIC_0029697.jpg,masks/ISIC_0029697_segmentation.png
22,train,ISIC_0028443,images/ISIC_0028443.jpg,masks/ISIC_0028443_segmentation.png
23,train,ISIC_0024502,images/ISIC_0024502.jpg,masks/ISIC_0024502_segmentation.png
24,train,ISIC_0033710,images/ISIC_0033710.jpg,masks/ISIC_0033710_segmentation.png
25,train,ISIC_0028075,images/ISIC_0028075.jpg,masks/ISIC_0028075_segmentation.png
26,train,ISIC_0026198,images/ISIC_0026198.jpg,masks/ISIC_0026198_segmentation.png
27,train,ISIC_0033217,images/ISIC_0033217.jpg,masks/ISIC_0033217_segmentation.png
28,train,ISIC_0030643,images/ISIC_0030643.jpg,masks/ISIC_0030643_segmentation.png
29,train,ISIC_0032145,images/ISIC_0032145.jpg,masks/ISIC_0032145_segmentation.png
30,train,ISIC_0027911,images/ISIC_0027911.jpg,masks/ISIC_0027911_segmentation.png
31,train,ISIC_0028094,images/ISIC_0028094.jpg,masks/ISIC_0028094_segmentation.png
32,train,ISIC_0026248,images/ISIC_0026248.jpg,masks/ISIC_0026248_segmentation.png
33,train,ISIC_0027137,images/ISIC_0027137.jpg,masks/ISIC_0027137_segmentation.png
34,train,ISIC_0025001,images/ISIC_0025001.jpg,masks/ISIC_0025001_segmentation.png
35,train,ISIC_0028475,images/ISIC_0028475.jpg,masks/ISIC_0028475_segmentation.png
36,train,ISIC_0027447,images/ISIC_0027447.jpg,masks/ISIC_0027447_segmentation.png
37,train,ISIC_0027760,images/ISIC_0027760.jpg,masks/ISIC_0027760_segmentation.png
38,train,ISIC_0028917,images/ISIC_0028917.jpg,masks/ISIC_0028917_segmentation.png
39,train,ISIC_0026754,images/ISIC_0026754.jpg,masks/ISIC_0026754_segmentation.png
40,train,ISIC_0034229,images/ISIC_0034229.jpg,masks/ISIC_0034229_segmentation.png
41,train,ISIC_0024842,images/ISIC_0024842.jpg,masks/ISIC_0024842_segmentation.png
42,train,ISIC_0031778,images/ISIC_0031778.jpg,masks/ISIC_0031778_segmentation.png
43,train,ISIC_0033039,images/ISIC_0033039.jpg,masks/ISIC_0033039_segmentation.png
44,train,ISIC_0026111,images/ISIC_0026111.jpg,masks/ISIC_0026111_segmentation.png
45,train,ISIC_0030746,images/ISIC_0030746.jpg,masks/ISIC_0030746_segmentation.png
46,train,ISIC_0033239,images/ISIC_0033239.jpg,masks/ISIC_0033239_segmentation.png
47,train,ISIC_0024898,images/ISIC_0024898.jpg,masks/ISIC_0024898_segmentation.png
48,train,ISIC_0026042,images/ISIC_0026042.jpg,masks/ISIC_0026042_segmentation.png
49,train,ISIC_0032480,images/ISIC_0032480.jpg,masks/ISIC_0032480_segmentation.png
50,train,ISIC_0028198,images/ISIC_0028198.jpg,masks/ISIC_0028198_segmentation.png
51,train,ISIC_0032606,images/ISIC_0032606.jpg,masks/ISIC_0032606_segmentation.png
52,train,ISIC_0025382,images/ISIC_0025382.jpg,masks/ISIC_0025382_segmentation.png
53,train,ISIC_0026163,images/ISIC_0026163.jpg,masks/ISIC_0026163_segmentation.png
54,train,ISIC_0025083,images/ISIC_0025083.jpg,masks/ISIC_0025083_segmentation.png
55,train,ISIC_0030747,images/ISIC_0030747.jpg,masks/ISIC_0030747_segmentation.png
56,train,ISIC_0026988,images/ISIC_0026988.jpg,masks/ISIC_0026988_segmentation.png
57,train,ISIC_0026236,images/ISIC_0026236.jpg,masks/ISIC_0026236_segmentation.png
58,train,ISIC_0028311,images/ISIC_0028311.jpg,masks/ISIC_0028311_segmentation.png
59,train,ISIC_0032453,images/ISIC_0032453.jpg,masks/ISIC_0032453_segmentation.png
60,train,ISIC_0034187,images/ISIC_0034187.jpg,masks/ISIC_0034187_segmentation.png
61,train,ISIC_0032733,images/ISIC_0032733.jpg,masks/ISIC_0032733_segmentation.png
62,train,ISIC_0031600,images/ISIC_0031600.jpg,masks/ISIC_0031600_segmentation.png
63,train,ISIC_0026812,images/ISIC_0026812.jpg,masks/ISIC_0026812_segmentation.png
64,train,ISIC_0031416,images/ISIC_0031416.jpg,masks/ISIC_0031416_segmentation.png
65,train,ISIC_0033500,images/ISIC_0033500.jpg,masks/ISIC_0033500_segmentation.png
66,train,ISIC_0026012,images/ISIC_0026012.jpg,masks/ISIC_0026012_segmentation.png
67,train,ISIC_0027104,images/ISIC_0027104.jpg,masks/ISIC_0027104_segmentation.png
68,train,ISIC_0033485,images/ISIC_0033485.jpg,masks/ISIC_0033485_segmentation.png
69,train,ISIC_0031881,images/ISIC_0031881.jpg,masks/ISIC_0031881_segmentation.png
70,train,ISIC_0029445,images/ISIC_0029445.jpg,masks/ISIC_0029445_segmentation.png
71,train,ISIC_0025863,images/ISIC_0025863.jpg,masks/ISIC_0025863_segmentation.png
72,train,ISIC_0024767,images/ISIC_0024767.jpg,masks/ISIC_0024767_segmentation.png
73,train,ISIC_0032955,images/ISIC_0032955.jpg,masks/ISIC_0032955_segmentation.png
74,train,ISIC_0027409,images/ISIC_0027409.jpg,masks/ISIC_0027409_segmentation.png
75,train,ISIC_0024660,images/ISIC_0024660.jpg,masks/ISIC_0024660_segmentation.png
76,train,ISIC_0025048,images/ISIC_0025048.jpg,masks/ISIC_0025048_segmentation.png
77,train,ISIC_0029167,images/ISIC_0029167.jpg,masks/ISIC_0029167_segmentation.png
78,train,ISIC_0025240,images/ISIC_0025240.jpg,masks/ISIC_0025240_segmentation.png
79,train,ISIC_0028979,images/ISIC_0028979.jpg,masks/ISIC_0028979_segmentation.png
80,train,ISIC_0027026,images/ISIC_0027026.jpg,masks/ISIC_0027026_segmentation.png
81,train,ISIC_0033333,images/ISIC_0033333.jpg,masks/ISIC_0033333_segmentation.png
82,train,ISIC_0025815,images/ISIC_0025815.jpg,masks/ISIC_0025815_segmentation.png
83,train,ISIC_0031953,images/ISIC_0031953.jpg,masks/ISIC_0031953_segmentation.png
84,train,ISIC_0029310,images/ISIC_0029310.jpg,masks/ISIC_0029310_segmentation.png
85,train,ISIC_0028406,images/ISIC_0028406.jpg,masks/ISIC_0028406_segmentation.png
86,train,ISIC_0027658,images/ISIC_0027658.jpg,masks/ISIC_0027658_segmentation.png
87,train,ISIC_0027101,images/ISIC_0027101.jpg,masks/ISIC_0027101_segmentation.png
88,train,ISIC_0028348,images/ISIC_0028348.jpg,masks/ISIC_0028348_segmentation.png
89,train,ISIC_0024946,images/ISIC_0024946.jpg,masks/ISIC_0024946_segmentation.png
90,train,ISIC_0024931,images/ISIC_0024931.jpg,masks/ISIC_0024931_segmentation.png
91,train,ISIC_0030081,images/ISIC_0030081.jpg,masks/ISIC_0030081_segmentation.png
92,train,ISIC_0026427,images/ISIC_0026427.jpg,masks/ISIC_0026427_segmentation.png
93,train,ISIC_0025023,images/ISIC_0025023.jpg,masks/ISIC_0025023_segmentation.png
94,train,ISIC_0024459,images/ISIC_0024459.jpg,masks/ISIC_0024459_segmentation.png
95,train,ISIC_0024756,images/ISIC_0024756.jpg,masks/ISIC_0024756_segmentation.png
96,train,ISIC_0027219,images/ISIC_0027219.jpg,masks/ISIC_0027219_segmentation.png
97,train,ISIC_0029695,images/ISIC_0029695.jpg,masks/ISIC_0029695_segmentation.png
98,train,ISIC_0026399,images/ISIC_0026399.jpg,masks/ISIC_0026399_segmentation.png
99,train,ISIC_0031530,images/ISIC_0031530.jpg,masks/ISIC_0031530_segmentation.png
100,train,ISIC_0031120,images/ISIC_0031120.jpg,masks/ISIC_0031120_segmentation.png
101,train,ISIC_0025677,images/ISIC_0025677.jpg,masks/ISIC_0025677_segmentation.png
102,train,ISIC_0030362,images/ISIC_0030362.jpg,masks/ISIC_0030362_segmentation.png
103,train,ISIC_0025182,images/ISIC_0025182.jpg,masks/ISIC_0025182_segmentation.png
104,train,ISIC_0030487,images/ISIC_0030487.jpg,masks/ISIC_0030487_segmentation.png
105,train,ISIC_0030516,images/ISIC_0030516.jpg,masks/ISIC_0030516_segmentation.png
106,train,ISIC_0025856,images/ISIC_0025856.jpg,masks/ISIC_0025856_segmentation.png
107,train,ISIC_0029217,images/ISIC_0029217.jpg,masks/ISIC_0029217_segmentation.png
108,train,ISIC_0034254,images/ISIC_0034254.jpg,masks/ISIC_0034254_segmentation.png
109,train,ISIC_0031892,images/ISIC_0031892.jpg,masks/ISIC_0031892_segmentation.png
110,train,ISIC_0029101,images/ISIC_0029101.jpg,masks/ISIC_0029101_segmentation.png
111,train,ISIC_0026009,images/ISIC_0026009.jpg,masks/ISIC_0026009_segmentation.png
112,train,ISIC_0030014,images/ISIC_0030014.jpg,masks/ISIC_0030014_segmentation.png
113,train,ISIC_0026696,images/ISIC_0026696.jpg,masks/ISIC_0026696_segmentation.png
114,train,ISIC_0029336,images/ISIC_0029336.jpg,masks/ISIC_0029336_segmentation.png
115,train,ISIC_0033258,images/ISIC_0033258.jpg,masks/ISIC_0033258_segmentation.png
116,train,ISIC_0030613,images/ISIC_0030613.jpg,masks/ISIC_0030613_segmentation.png
117,train,ISIC_0027064,images/ISIC_0027064.jpg,masks/ISIC_0027064_segmentation.png
118,train,ISIC_0031418,images/ISIC_0031418.jpg,masks/ISIC_0031418_segmentation.png
119,train,ISIC_0033898,images/ISIC_0033898.jpg,masks/ISIC_0033898_segmentation.png
120,train,ISIC_0032125,images/ISIC_0032125.jpg,masks/ISIC_0032125_segmentation.png
121,train,ISIC_0025898,images/ISIC_0025898.jpg,masks/ISIC_0025898_segmentation.png
122,train,ISIC_0033236,images/ISIC_0033236.jpg,masks/ISIC_0033236_segmentation.png
123,train,ISIC_0026017,images/ISIC_0026017.jpg,masks/ISIC_0026017_segmentation.png
124,train,ISIC_0025115,images/ISIC_0025115.jpg,masks/ISIC_0025115_segmentation.png
125,train,ISIC_0034309,images/ISIC_0034309.jpg,masks/ISIC_0034309_segmentation.png
126,train,ISIC_0025697,images/ISIC_0025697.jpg,masks/ISIC_0025697_segmentation.png
127,train,ISIC_0027896,images/ISIC_0027896.jpg,masks/ISIC_0027896_segmentation.png
128,train,ISIC_0029111,images/ISIC_0029111.jpg,masks/ISIC_0029111_segmentation.png
129,train,ISIC_0028592,images/ISIC_0028592.jpg,masks/ISIC_0028592_segmentation.png
130,train,ISIC_0026481,images/ISIC_0026481.jpg,masks/ISIC_0026481_segmentation.png
131,train,ISIC_0032354,images/ISIC_0032354.jpg,masks/ISIC_0032354_segmentation.png
132,train,ISIC_0027097,images/ISIC_0027097.jpg,masks/ISIC_0027097_segmentation.png
133,train,ISIC_0032337,images/ISIC_0032337.jpg,masks/ISIC_0032337_segmentation.png
134,train,ISIC_0025673,images/ISIC_0025673.jpg,masks/ISIC_0025673_segmentation.png
135,train,ISIC_0025462,images/ISIC_0025462.jpg,masks/ISIC_0025462_segmentation.png
136,train,ISIC_0025159,images/ISIC_0025159.jpg,masks/ISIC_0025159_segmentation.png
137,train,ISIC_0029109,images/ISIC_0029109.jpg,masks/ISIC_0029109_segmentation.png
138,train,ISIC_0030604,images/ISIC_0030604.jpg,masks/ISIC_0030604_segmentation.png
139,train,ISIC_0026865,images/ISIC_0026865.jpg,masks/ISIC_0026865_segmentation.png
140,train,ISIC_0029617,images/ISIC_0029617.jpg,masks/ISIC_0029617_segmentation.png
141,train,ISIC_0030208,images/ISIC_0030208.jpg,masks/ISIC_0030208_segmentation.png
142,train,ISIC_0025097,images/ISIC_0025097.jpg,masks/ISIC_0025097_segmentation.png
143,train,ISIC_0029052,images/ISIC_0029052.jpg,masks/ISIC_0029052_segmentation.png
144,train,ISIC_0026661,images/ISIC_0026661.jpg,masks/ISIC_0026661_segmentation.png
145,train,ISIC_0032556,images/ISIC_0032556.jpg,masks/ISIC_0032556_segmentation.png
146,train,ISIC_0033319,images/ISIC_0033319.jpg,masks/ISIC_0033319_segmentation.png
147,train,ISIC_0028262,images/ISIC_0028262.jpg,masks/ISIC_0028262_segmentation.png
148,train,ISIC_0032390,images/ISIC_0032390.jpg,masks/ISIC_0032390_segmentation.png
149,train,ISIC_0026938,images/ISIC_0026938.jpg,masks/ISIC_0026938_segmentation.png
150,train,ISIC_0026046,images/ISIC_0026046.jpg,masks/ISIC_0026046_segmentation.png
151,train,ISIC_0031548,images/ISIC_0031548.jpg,masks/ISIC_0031548_segmentation.png
152,train,ISIC_0028679,images/ISIC_0028679.jpg,masks/ISIC_0028679_segmentation.png
153,train,ISIC_0027111,images/ISIC_0027111.jpg,masks/ISIC_0027111_segmentation.png
154,train,ISIC_0028643,images/ISIC_0028643.jpg,masks/ISIC_0028643_segmentation.png
155,train,ISIC_0030169,images/ISIC_0030169.jpg,masks/ISIC_0030169_segmentation.png
156,train,ISIC_0024492,images/ISIC_0024492.jpg,masks/ISIC_0024492_segmentation.png
157,train,ISIC_0028739,images/ISIC_0028739.jpg,masks/ISIC_0028739_segmentation.png
158,train,ISIC_0030494,images/ISIC_0030494.jpg,masks/ISIC_0030494_segmentation.png
159,train,ISIC_0031395,images/ISIC_0031395.jpg,masks/ISIC_0031395_segmentation.png
160,train,ISIC_0031990,images/ISIC_0031990.jpg,masks/ISIC_0031990_segmentation.png
161,train,ISIC_0028574,images/ISIC_0028574.jpg,masks/ISIC_0028574_segmentation.png
162,train,ISIC_0032120,images/ISIC_0032120.jpg,masks/ISIC_0032120_segmentation.png
163,train,ISIC_0031288,images/ISIC_0031288.jpg,masks/ISIC_0031288_segmentation.png
164,train,ISIC_0030352,images/ISIC_0030352.jpg,masks/ISIC_0030352_segmentation.png
165,train,ISIC_0024844,images/ISIC_0024844.jpg,masks/ISIC_0024844_segmentation.png
166,train,ISIC_0025799,images/ISIC_0025799.jpg,masks/ISIC_0025799_segmentation.png
167,train,ISIC_0028394,images/ISIC_0028394.jpg,masks/ISIC_0028394_segmentation.png
168,train,ISIC_0026827,images/ISIC_0026827.jpg,masks/ISIC_0026827_segmentation.png
169,train,ISIC_0026423,images/ISIC_0026423.jpg,masks/ISIC_0026423_segmentation.png
170,train,ISIC_0031735,images/ISIC_0031735.jpg,masks/ISIC_0031735_segmentation.png
171,train,ISIC_0031037,images/ISIC_0031037.jpg,masks/ISIC_0031037_segmentation.png
172,train,ISIC_0029327,images/ISIC_0029327.jpg,masks/ISIC_0029327_segmentation.png
173,train,ISIC_0030764,images/ISIC_0030764.jpg,masks/ISIC_0030764_segmentation.png
174,train,ISIC_0026028,images/ISIC_0026028.jpg,masks/ISIC_0026028_segmentation.png
175,train,ISIC_0029518,images/ISIC_0029518.jpg,masks/ISIC_0029518_segmentation.png
176,train,ISIC_0027829,images/ISIC_0027829.jpg,masks/ISIC_0027829_segmentation.png
177,train,ISIC_0029137,images/ISIC_0029137.jpg,masks/ISIC_0029137_segmentation.png
178,train,ISIC_0030682,images/ISIC_0030682.jpg,masks/ISIC_0030682_segmentation.png
179,train,ISIC_0024905,images/ISIC_0024905.jpg,masks/ISIC_0024905_segmentation.png
180,train,ISIC_0033955,images/ISIC_0033955.jpg,masks/ISIC_0033955_segmentation.png
181,train,ISIC_0026381,images/ISIC_0026381.jpg,masks/ISIC_0026381_segmentation.png
182,train,ISIC_0030124,images/ISIC_0030124.jpg,masks/ISIC_0030124_segmentation.png
183,train,ISIC_0033070,images/ISIC_0033070.jpg,masks/ISIC_0033070_segmentation.png
184,train,ISIC_0028823,images/ISIC_0028823.jpg,masks/ISIC_0028823_segmentation.png
185,train,ISIC_0026877,images/ISIC_0026877.jpg,masks/ISIC_0026877_segmentation.png
186,train,ISIC_0026403,images/ISIC_0026403.jpg,masks/ISIC_0026403_segmentation.png
187,train,ISIC_0025273,images/ISIC_0025273.jpg,masks/ISIC_0025273_segmentation.png
188,train,ISIC_0031995,images/ISIC_0031995.jpg,masks/ISIC_0031995_segmentation.png
189,train,ISIC_0032818,images/ISIC_0032818.jpg,masks/ISIC_0032818_segmentation.png
190,train,ISIC_0031195,images/ISIC_0031195.jpg,masks/ISIC_0031195_segmentation.png
191,train,ISIC_0033067,images/ISIC_0033067.jpg,masks/ISIC_0033067_segmentation.png
192,train,ISIC_0026687,images/ISIC_0026687.jpg,masks/ISIC_0026687_segmentation.png
193,train,ISIC_0032766,images/ISIC_0032766.jpg,masks/ISIC_0032766_segmentation.png
194,train,ISIC_0026601,images/ISIC_0026601.jpg,masks/ISIC_0026601_segmentation.png
195,train,ISIC_0028716,images/ISIC_0028716.jpg,masks/ISIC_0028716_segmentation.png
196,train,ISIC_0026711,images/ISIC_0026711.jpg,masks/ISIC_0026711_segmentation.png
197,train,ISIC_0031782,images/ISIC_0031782.jpg,masks/ISIC_0031782_segmentation.png
198,train,ISIC_0029670,images/ISIC_0029670.jpg,masks/ISIC_0029670_segmentation.png
199,train,ISIC_0030955,images/ISIC_0030955.jpg,masks/ISIC_0030955_segmentation.png
200,train,ISIC_0034197,images/ISIC_0034197.jpg,masks/ISIC_0034197_segmentation.png
201,train,ISIC_0033512,images/ISIC_0033512.jpg,masks/ISIC_0033512_segmentation.png
202,train,ISIC_0034153,images/ISIC_0034153.jpg,masks/ISIC_0034153_segmentation.png
203,train,ISIC_0026157,images/ISIC_0026157.jpg,masks/ISIC_0026157_segmentation.png
204,train,ISIC_0030233,images/ISIC_0030233.jpg,masks/ISIC_0030233_segmentation.png
205,train,ISIC_0026457,images/ISIC_0026457.jpg,masks/ISIC_0026457_segmentation.png
206,train,ISIC_0031344,images/ISIC_0031344.jpg,masks/ISIC_0031344_segmentation.png
207,train,ISIC_0031401,images/ISIC_0031401.jpg,masks/ISIC_0031401_segmentation.png
208,train,ISIC_0025978,images/ISIC_0025978.jpg,masks/ISIC_0025978_segmentation.png
209,train,ISIC_0026140,images/ISIC_0026140.jpg,masks/ISIC_0026140_segmentation.png
210,train,ISIC_0032446,images/ISIC_0032446.jpg,masks/ISIC_0032446_segmentation.png
211,train,ISIC_0030834,images/ISIC_0030834.jpg,masks/ISIC_0030834_segmentation.png
212,train,ISIC_0027636,images/ISIC_0027636.jpg,masks/ISIC_0027636_segmentation.png
213,train,ISIC_0033215,images/ISIC_0033215.jpg,masks/ISIC_0033215_segmentation.png
214,train,ISIC_0028217,images/ISIC_0028217.jpg,masks/ISIC_0028217_segmentation.png
215,train,ISIC_0027440,images/ISIC_0027440.jpg,masks/ISIC_0027440_segmentation.png
216,train,ISIC_0031222,images/ISIC_0031222.jpg,masks/ISIC_0031222_segmentation.png
217,train,ISIC_0024437,images/ISIC_0024437.jpg,masks/ISIC_0024437_segmentation.png
218,train,ISIC_0025571,images/ISIC_0025571.jpg,masks/ISIC_0025571_segmentation.png
219,train,ISIC_0027240,images/ISIC_0027240.jpg,masks/ISIC_0027240_segmentation.png
220,train,ISIC_0029183,images/ISIC_0029183.jpg,masks/ISIC_0029183_segmentation.png
221,train,ISIC_0029546,images/ISIC_0029546.jpg,masks/ISIC_0029546_segmentation.png
222,train,ISIC_0024739,images/ISIC_0024739.jpg,masks/ISIC_0024739_segmentation.png
223,train,ISIC_0031765,images/ISIC_0031765.jpg,masks/ISIC_0031765_segmentation.png
224,train,ISIC_0029060,images/ISIC_0029060.jpg,masks/ISIC_0029060_segmentation.png
225,train,ISIC_0031668,images/ISIC_0031668.jpg,masks/ISIC_0031668_segmentation.png
226,train,ISIC_0029096,images/ISIC_0029096.jpg,masks/ISIC_0029096_segmentation.png
227,train,ISIC_0024880,images/ISIC_0024880.jpg,masks/ISIC_0024880_segmentation.png
228,train,ISIC_0030788,images/ISIC_0030788.jpg,masks/ISIC_0030788_segmentation.png
229,train,ISIC_0031821,images/ISIC_0031821.jpg,masks/ISIC_0031821_segmentation.png
230,train,ISIC_0026464,images/ISIC_0026464.jpg,masks/ISIC_0026464_segmentation.png
231,train,ISIC_0026382,images/ISIC_0026382.jpg,masks/ISIC_0026382_segmentation.png
232,train,ISIC_0032633,images/ISIC_0032633.jpg,masks/ISIC_0032633_segmentation.png
233,train,ISIC_0029302,images/ISIC_0029302.jpg,masks/ISIC_0029302_segmentation.png
234,train,ISIC_0029413,images/ISIC_0029413.jpg,masks/ISIC_0029413_segmentation.png
235,train,ISIC_0034170,images/ISIC_0034170.jpg,masks/ISIC_0034170_segmentation.png
236,train,ISIC_0032175,images/ISIC_0032175.jpg,masks/ISIC_0032175_segmentation.png
237,train,ISIC_0029551,images/ISIC_0029551.jpg,masks/ISIC_0029551_segmentation.png
238,train,ISIC_0025557,images/ISIC_0025557.jpg,masks/ISIC_0025557_segmentation.png
239,train,ISIC_0029291,images/ISIC_0029291.jpg,masks/ISIC_0029291_segmentation.png
240,train,ISIC_0033737,images/ISIC_0033737.jpg,masks/ISIC_0033737_segmentation.png
241,train,ISIC_0032154,images/ISIC_0032154.jpg,masks/ISIC_0032154_segmentation.png
242,train,ISIC_0025439,images/ISIC_0025439.jpg,masks/ISIC_0025439_segmentation.png
243,train,ISIC_0031437,images/ISIC_0031437.jpg,masks/ISIC_0031437_segmentation.png
244,train,ISIC_0026896,images/ISIC_0026896.jpg,masks/ISIC_0026896_segmentation.png
245,train,ISIC_0029815,images/ISIC_0029815.jpg,masks/ISIC_0029815_segmentation.png
246,train,ISIC_0033536,images/ISIC_0033536.jpg,masks/ISIC_0033536_segmentation.png
247,train,ISIC_0027756,images/ISIC_0027756.jpg,masks/ISIC_0027756_segmentation.png
248,train,ISIC_0027082,images/ISIC_0027082.jpg,masks/ISIC_0027082_segmentation.png
249,train,ISIC_0028061,images/ISIC_0028061.jpg,masks/ISIC_0028061_segmentation.png
250,train,ISIC_0025752,images/ISIC_0025752.jpg,masks/ISIC_0025752_segmentation.png
251,train,ISIC_0025561,images/ISIC_0025561.jpg,masks/ISIC_0025561_segmentation.png
252,train,ISIC_0024884,images/ISIC_0024884.jpg,masks/ISIC_0024884_segmentation.png
253,train,ISIC_0026739,images/ISIC_0026739.jpg,masks/ISIC_0026739_segmentation.png
254,train,ISIC_0031449,images/ISIC_0031449.jpg,masks/ISIC_0031449_segmentation.png
255,train,ISIC_0027419,images/ISIC_0027419.jpg,masks/ISIC_0027419_segmentation.png
256,train,ISIC_0030902,images/ISIC_0030902.jpg,masks/ISIC_0030902_segmentation.png
257,train,ISIC_0030387,images/ISIC_0030387.jpg,masks/ISIC_0030387_segmentation.png
258,train,ISIC_0027942,images/ISIC_0027942.jpg,masks/ISIC_0027942_segmentation.png
259,train,ISIC_0032534,images/ISIC_0032534.jpg,masks/ISIC_0032534_segmentation.png
260,train,ISIC_0029698,images/ISIC_0029698.jpg,masks/ISIC_0029698_segmentation.png
261,train,ISIC_0032867,images/ISIC_0032867.jpg,masks/ISIC_0032867_segmentation.png
262,train,ISIC_0031601,images/ISIC_0031601.jpg,masks/ISIC_0031601_segmentation.png
263,train,ISIC_0028414,images/ISIC_0028414.jpg,masks/ISIC_0028414_segmentation.png
264,train,ISIC_0025734,images/ISIC_0025734.jpg,masks/ISIC_0025734_segmentation.png
265,train,ISIC_0033300,images/ISIC_0033300.jpg,masks/ISIC_0033300_segmentation.png
266,train,ISIC_0029735,images/ISIC_0029735.jpg,masks/ISIC_0029735_segmentation.png
267,train,ISIC_0032161,images/ISIC_0032161.jpg,masks/ISIC_0032161_segmentation.png
268,train,ISIC_0032359,images/ISIC_0032359.jpg,masks/ISIC_0032359_segmentation.png
269,train,ISIC_0025864,images/ISIC_0025864.jpg,masks/ISIC_0025864_segmentation.png
270,train,ISIC_0031274,images/ISIC_0031274.jpg,masks/ISIC_0031274_segmentation.png
271,train,ISIC_0027585,images/ISIC_0027585.jpg,masks/ISIC_0027585_segmentation.png
272,train,ISIC_0026225,images/ISIC_0026225.jpg,masks/ISIC_0026225_segmentation.png
273,train,ISIC_0031271,images/ISIC_0031271.jpg,masks/ISIC_0031271_segmentation.png
274,train,ISIC_0026025,images/ISIC_0026025.jpg,masks/ISIC_0026025_segmentation.png
275,train,ISIC_0032383,images/ISIC_0032383.jpg,masks/ISIC_0032383_segmentation.png
276,train,ISIC_0025583,images/ISIC_0025583.jpg,masks/ISIC_0025583_segmentation.png
277,train,ISIC_0025483,images/ISIC_0025483.jpg,masks/ISIC_0025483_segmentation.png
278,train,ISIC_0032842,images/ISIC_0032842.jpg,masks/ISIC_0032842_segmentation.png
279,train,ISIC_0033468,images/ISIC_0033468.jpg,masks/ISIC_0033468_segmentation.png
280,train,ISIC_0029284,images/ISIC_0029284.jpg,masks/ISIC_0029284_segmentation.png
281,train,ISIC_0027976,images/ISIC_0027976.jpg,masks/ISIC_0027976_segmentation.png
282,train,ISIC_0032730,images/ISIC_0032730.jpg,masks/ISIC_0032730_segmentation.png
283,train,ISIC_0025700,images/ISIC_0025700.jpg,masks/ISIC_0025700_segmentation.png
284,train,ISIC_0027272,images/ISIC_0027272.jpg,masks/ISIC_0027272_segmentation.png
285,train,ISIC_0026819,images/ISIC_0026819.jpg,masks/ISIC_0026819_segmentation.png
286,train,ISIC_0030637,images/ISIC_0030637.jpg,masks/ISIC_0030637_segmentation.png
287,train,ISIC_0027836,images/ISIC_0027836.jpg,masks/ISIC_0027836_segmentation.png
288,train,ISIC_0034149,images/ISIC_0034149.jpg,masks/ISIC_0034149_segmentation.png
289,train,ISIC_0029936,images/ISIC_0029936.jpg,masks/ISIC_0029936_segmentation.png
290,train,ISIC_0025929,images/ISIC_0025929.jpg,masks/ISIC_0025929_segmentation.png
291,train,ISIC_0026813,images/ISIC_0026813.jpg,masks/ISIC_0026813_segmentation.png
292,train,ISIC_0034144,images/ISIC_0034144.jpg,masks/ISIC_0034144_segmentation.png
293,train,ISIC_0025870,images/ISIC_0025870.jpg,masks/ISIC_0025870_segmentation.png
294,train,ISIC_0032657,images/ISIC_0032657.jpg,masks/ISIC_0032657_segmentation.png
295,train,ISIC_0026060,images/ISIC_0026060.jpg,masks/ISIC_0026060_segmentation.png
296,train,ISIC_0031242,images/ISIC_0031242.jpg,masks/ISIC_0031242_segmentation.png
297,train,ISIC_0025004,images/ISIC_0025004.jpg,masks/ISIC_0025004_segmentation.png
298,train,ISIC_0027958,images/ISIC_0027958.jpg,masks/ISIC_0027958_segmentation.png
299,train,ISIC_0025372,images/ISIC_0025372.jpg,masks/ISIC_0025372_segmentation.png
300,train,ISIC_0025661,images/ISIC_0025661.jpg,masks/ISIC_0025661_segmentation.png
301,train,ISIC_0025084,images/ISIC_0025084.jpg,masks/ISIC_0025084_segmentation.png
302,train,ISIC_0033245,images/ISIC_0033245.jpg,masks/ISIC_0033245_segmentation.png
303,train,ISIC_0028628,images/ISIC_0028628.jpg,masks/ISIC_0028628_segmentation.png
304,train,ISIC_0030820,images/ISIC_0030820.jpg,masks/ISIC_0030820_segmentation.png
305,train,ISIC_0031911,images/ISIC_0031911.jpg,masks/ISIC_0031911_segmentation.png
306,train,ISIC_0025570,images/ISIC_0025570.jpg,masks/ISIC_0025570_segmentation.png
307,train,ISIC_0026179,images/ISIC_0026179.jpg,masks/ISIC_0026179_segmentation.png
308,train,ISIC_0026078,images/ISIC_0026078.jpg,masks/ISIC_0026078_segmentation.png
309,train,ISIC_0032348,images/ISIC_0032348.jpg,masks/ISIC_0032348_segmentation.png
310,train,ISIC_0031314,images/ISIC_0031314.jpg,masks/ISIC_0031314_segmentation.png
311,train,ISIC_0034268,images/ISIC_0034268.jpg,masks/ISIC_0034268_segmentation.png
312,train,ISIC_0029626,images/ISIC_0029626.jpg,masks/ISIC_0029626_segmentation.png
313,train,ISIC_0029017,images/ISIC_0029017.jpg,masks/ISIC_0029017_segmentation.png
314,train,ISIC_0025461,images/ISIC_0025461.jpg,masks/ISIC_0025461_segmentation.png
315,train,ISIC_0028066,images/ISIC_0028066.jpg,masks/ISIC_0028066_segmentation.png
316,train,ISIC_0032042,images/ISIC_0032042.jpg,masks/ISIC_0032042_segmentation.png
317,train,ISIC_0026383,images/ISIC_0026383.jpg,masks/ISIC_0026383_segmentation.png
318,train,ISIC_0030513,images/ISIC_0030513.jpg,masks/ISIC_0030513_segmentation.png
319,train,ISIC_0033805,images/ISIC_0033805.jpg,masks/ISIC_0033805_segmentation.png
320,train,ISIC_0026488,images/ISIC_0026488.jpg,masks/ISIC_0026488_segmentation.png
321,train,ISIC_0030129,images/ISIC_0030129.jpg,masks/ISIC_0030129_segmentation.png
322,train,ISIC_0027053,images/ISIC_0027053.jpg,masks/ISIC_0027053_segmentation.png
323,train,ISIC_0030553,images/ISIC_0030553.jpg,masks/ISIC_0030553_segmentation.png
324,train,ISIC_0032527,images/ISIC_0032527.jpg,masks/ISIC_0032527_segmentation.png
325,train,ISIC_0024921,images/ISIC_0024921.jpg,masks/ISIC_0024921_segmentation.png
326,train,ISIC_0028811,images/ISIC_0028811.jpg,masks/ISIC_0028811_segmentation.png
327,train,ISIC_0025955,images/ISIC_0025955.jpg,masks/ISIC_0025955_segmentation.png
328,train,ISIC_0024570,images/ISIC_0024570.jpg,masks/ISIC_0024570_segmentation.png
329,train,ISIC_0031679,images/ISIC_0031679.jpg,masks/ISIC_0031679_segmentation.png
330,train,ISIC_0031476,images/ISIC_0031476.jpg,masks/ISIC_0031476_segmentation.png
331,train,ISIC_0031966,images/ISIC_0031966.jpg,masks/ISIC_0031966_segmentation.png
332,train,ISIC_0030579,images/ISIC_0030579.jpg,masks/ISIC_0030579_segmentation.png
333,train,ISIC_0028110,images/ISIC_0028110.jpg,masks/ISIC_0028110_segmentation.png
334,train,ISIC_0029443,images/ISIC_0029443.jpg,masks/ISIC_0029443_segmentation.png
335,train,ISIC_0031261,images/ISIC_0031261.jpg,masks/ISIC_0031261_segmentation.png
336,train,ISIC_0026194,images/ISIC_0026194.jpg,masks/ISIC_0026194_segmentation.png
337,train,ISIC_0027570,images/ISIC_0027570.jpg,masks/ISIC_0027570_segmentation.png
338,train,ISIC_0028294,images/ISIC_0028294.jpg,masks/ISIC_0028294_segmentation.png
339,train,ISIC_0026495,images/ISIC_0026495.jpg,masks/ISIC_0026495_segmentation.png
340,train,ISIC_0030436,images/ISIC_0030436.jpg,masks/ISIC_0030436_segmentation.png
341,train,ISIC_0032034,images/ISIC_0032034.jpg,masks/ISIC_0032034_segmentation.png
342,train,ISIC_0025198,images/ISIC_0025198.jpg,masks/ISIC_0025198_segmentation.png
343,train,ISIC_0031272,images/ISIC_0031272.jpg,masks/ISIC_0031272_segmentation.png
344,train,ISIC_0025344,images/ISIC_0025344.jpg,masks/ISIC_0025344_segmentation.png
345,train,ISIC_0024995,images/ISIC_0024995.jpg,masks/ISIC_0024995_segmentation.png
346,train,ISIC_0026334,images/ISIC_0026334.jpg,masks/ISIC_0026334_segmentation.png
347,train,ISIC_0032682,images/ISIC_0032682.jpg,masks/ISIC_0032682_segmentation.png
348,train,ISIC_0033988,images/ISIC_0033988.jpg,masks/ISIC_0033988_segmentation.png
349,train,ISIC_0033618,images/ISIC_0033618.jpg,masks/ISIC_0033618_segmentation.png
350,train,ISIC_0028616,images/ISIC_0028616.jpg,masks/ISIC_0028616_segmentation.png
351,train,ISIC_0029440,images/ISIC_0029440.jpg,masks/ISIC_0029440_segmentation.png
352,train,ISIC_0028071,images/ISIC_0028071.jpg,masks/ISIC_0028071_segmentation.png
353,train,ISIC_0026478,images/ISIC_0026478.jpg,masks/ISIC_0026478_segmentation.png
354,train,ISIC_0028415,images/ISIC_0028415.jpg,masks/ISIC_0028415_segmentation.png
355,train,ISIC_0029234,images/ISIC_0029234.jpg,masks/ISIC_0029234_segmentation.png
356,train,ISIC_0031235,images/ISIC_0031235.jpg,masks/ISIC_0031235_segmentation.png
357,train,ISIC_0025102,images/ISIC_0025102.jpg,masks/ISIC_0025102_segmentation.png
358,train,ISIC_0030140,images/ISIC_0030140.jpg,masks/ISIC_0030140_segmentation.png
359,train,ISIC_0024595,images/ISIC_0024595.jpg,masks/ISIC_0024595_segmentation.png
360,train,ISIC_0026951,images/ISIC_0026951.jpg,masks/ISIC_0026951_segmentation.png
361,train,ISIC_0024718,images/ISIC_0024718.jpg,masks/ISIC_0024718_segmentation.png
362,train,ISIC_0033903,images/ISIC_0033903.jpg,masks/ISIC_0033903_segmentation.png
363,train,ISIC_0033278,images/ISIC_0033278.jpg,masks/ISIC_0033278_segmentation.png
364,train,ISIC_0033926,images/ISIC_0033926.jpg,masks/ISIC_0033926_segmentation.png
365,train,ISIC_0027883,images/ISIC_0027883.jpg,masks/ISIC_0027883_segmentation.png
366,train,ISIC_0034234,images/ISIC_0034234.jpg,masks/ISIC_0034234_segmentation.png
367,train,ISIC_0032087,images/ISIC_0032087.jpg,masks/ISIC_0032087_segmentation.png
368,train,ISIC_0033169,images/ISIC_0033169.jpg,masks/ISIC_0033169_segmentation.png
369,train,ISIC_0026168,images/ISIC_0026168.jpg,masks/ISIC_0026168_segmentation.png
370,train,ISIC_0025120,images/ISIC_0025120.jpg,masks/ISIC_0025120_segmentation.png
371,train,ISIC_0030411,images/ISIC_0030411.jpg,masks/ISIC_0030411_segmentation.png
372,train,ISIC_0032699,images/ISIC_0032699.jpg,masks/ISIC_0032699_segmentation.png
373,train,ISIC_0029560,images/ISIC_0029560.jpg,masks/ISIC_0029560_segmentation.png
374,train,ISIC_0025419,images/ISIC_0025419.jpg,masks/ISIC_0025419_segmentation.png
375,train,ISIC_0025684,images/ISIC_0025684.jpg,masks/ISIC_0025684_segmentation.png
376,train,ISIC_0026471,images/ISIC_0026471.jpg,masks/ISIC_0026471_segmentation.png
377,train,ISIC_0026275,images/ISIC_0026275.jpg,masks/ISIC_0026275_segmentation.png
378,train,ISIC_0029890,images/ISIC_0029890.jpg,masks/ISIC_0029890_segmentation.png
379,train,ISIC_0030899,images/ISIC_0030899.jpg,masks/ISIC_0030899_segmentation.png
380,train,ISIC_0030835,images/ISIC_0030835.jpg,masks/ISIC_0030835_segmentation.png
381,train,ISIC_0026333,images/ISIC_0026333.jpg,masks/ISIC_0026333_segmentation.png
382,train,ISIC_0025586,images/ISIC_0025586.jpg,masks/ISIC_0025586_segmentation.png
383,train,ISIC_0030996,images/ISIC_0030996.jpg,masks/ISIC_0030996_segmentation.png
384,train,ISIC_0024846,images/ISIC_0024846.jpg,masks/ISIC_0024846_segmentation.png
385,train,ISIC_0033495,images/ISIC_0033495.jpg,masks/ISIC_0033495_segmentation.png
386,train,ISIC_0030147,images/ISIC_0030147.jpg,masks/ISIC_0030147_segmentation.png
387,train,ISIC_0030339,images/ISIC_0030339.jpg,masks/ISIC_0030339_segmentation.png
388,train,ISIC_0030360,images/ISIC_0030360.jpg,masks/ISIC_0030360_segmentation.png
389,train,ISIC_0032169,images/ISIC_0032169.jpg,masks/ISIC_0032169_segmentation.png
390,train,ISIC_0033681,images/ISIC_0033681.jpg,masks/ISIC_0033681_segmentation.png
391,train,ISIC_0025131,images/ISIC_0025131.jpg,masks/ISIC_0025131_segmentation.png
392,train,ISIC_0026500,images/ISIC_0026500.jpg,masks/ISIC_0026500_segmentation.png
393,train,ISIC_0027955,images/ISIC_0027955.jpg,masks/ISIC_0027955_segmentation.png
394,train,ISIC_0029841,images/ISIC_0029841.jpg,masks/ISIC_0029841_segmentation.png
395,train,ISIC_0029236,images/ISIC_0029236.jpg,masks/ISIC_0029236_segmentation.png
396,train,ISIC_0024964,images/ISIC_0024964.jpg,masks/ISIC_0024964_segmentation.png
397,train,ISIC_0029983,images/ISIC_0029983.jpg,masks/ISIC_0029983_segmentation.png
398,train,ISIC_0025008,images/ISIC_0025008.jpg,masks/ISIC_0025008_segmentation.png
399,train,ISIC_0026490,images/ISIC_0026490.jpg,masks/ISIC_0026490_segmentation.png
400,train,ISIC_0025736,images/ISIC_0025736.jpg,masks/ISIC_0025736_segmentation.png
401,train,ISIC_0025405,images/ISIC_0025405.jpg,masks/ISIC_0025405_segmentation.png
402,train,ISIC_0030631,images/ISIC_0030631.jpg,masks/ISIC_0030631_segmentation.png
403,train,ISIC_0027473,images/ISIC_0027473.jpg,masks/ISIC_0027473_segmentation.png
404,train,ISIC_0025207,images/ISIC_0025207.jpg,masks/ISIC_0025207_segmentation.png
405,train,ISIC_0033019,images/ISIC_0033019.jpg,masks/ISIC_0033019_segmentation.png
406,train,ISIC_0027445,images/ISIC_0027445.jpg,masks/ISIC_0027445_segmentation.png
407,train,ISIC_0025656,images/ISIC_0025656.jpg,masks/ISIC_0025656_segmentation.png
408,train,ISIC_0033374,images/ISIC_0033374.jpg,masks/ISIC_0033374_segmentation.png
409,train,ISIC_0024977,images/ISIC_0024977.jpg,masks/ISIC_0024977_segmentation.png
410,train,ISIC_0031817,images/ISIC_0031817.jpg,masks/ISIC_0031817_segmentation.png
411,train,ISIC_0031301,images/ISIC_0031301.jpg,masks/ISIC_0031301_segmentation.png
412,train,ISIC_0029907,images/ISIC_0029907.jpg,masks/ISIC_0029907_segmentation.png
413,train,ISIC_0025778,images/ISIC_0025778.jpg,masks/ISIC_0025778_segmentation.png
414,train,ISIC_0025757,images/ISIC_0025757.jpg,masks/ISIC_0025757_segmentation.png
415,train,ISIC_0030634,images/ISIC_0030634.jpg,masks/ISIC_0030634_segmentation.png
416,train,ISIC_0031950,images/ISIC_0031950.jpg,masks/ISIC_0031950_segmentation.png
417,train,ISIC_0030728,images/ISIC_0030728.jpg,masks/ISIC_0030728_segmentation.png
418,train,ISIC_0025599,images/ISIC_0025599.jpg,masks/ISIC_0025599_segmentation.png
419,train,ISIC_0029087,images/ISIC_0029087.jpg,masks/ISIC_0029087_segmentation.png
420,train,ISIC_0033183,images/ISIC_0033183.jpg,masks/ISIC_0033183_segmentation.png
421,train,ISIC_0029449,images/ISIC_0029449.jpg,masks/ISIC_0029449_segmentation.png
422,train,ISIC_0033104,images/ISIC_0033104.jpg,masks/ISIC_0033104_segmentation.png
423,train,ISIC_0033192,images/ISIC_0033192.jpg,masks/ISIC_0033192_segmentation.png
424,train,ISIC_0029759,images/ISIC_0029759.jpg,masks/ISIC_0029759_segmentation.png
425,train,ISIC_0024423,images/ISIC_0024423.jpg,masks/ISIC_0024423_segmentation.png
426,train,ISIC_0029563,images/ISIC_0029563.jpg,masks/ISIC_0029563_segmentation.png
427,train,ISIC_0026525,images/ISIC_0026525.jpg,masks/ISIC_0026525_segmentation.png
428,train,ISIC_0024525,images/ISIC_0024525.jpg,masks/ISIC_0024525_segmentation.png
429,train,ISIC_0028135,images/ISIC_0028135.jpg,masks/ISIC_0028135_segmentation.png
430,train,ISIC_0027051,images/ISIC_0027051.jpg,masks/ISIC_0027051_segmentation.png
431,train,ISIC_0028693,images/ISIC_0028693.jpg,masks/ISIC_0028693_segmentation.png
432,train,ISIC_0030534,images/ISIC_0030534.jpg,masks/ISIC_0030534_segmentation.png
433,train,ISIC_0024883,images/ISIC_0024883.jpg,masks/ISIC_0024883_segmentation.png
434,train,ISIC_0030980,images/ISIC_0030980.jpg,masks/ISIC_0030980_segmentation.png
435,train,ISIC_0033191,images/ISIC_0033191.jpg,masks/ISIC_0033191_segmentation.png
436,train,ISIC_0026416,images/ISIC_0026416.jpg,masks/ISIC_0026416_segmentation.png
437,train,ISIC_0032007,images/ISIC_0032007.jpg,masks/ISIC_0032007_segmentation.png
438,train,ISIC_0028064,images/ISIC_0028064.jpg,masks/ISIC_0028064_segmentation.png
439,train,ISIC_0027603,images/ISIC_0027603.jpg,masks/ISIC_0027603_segmentation.png
440,train,ISIC_0026748,images/ISIC_0026748.jpg,masks/ISIC_0026748_segmentation.png
441,train,ISIC_0027020,images/ISIC_0027020.jpg,masks/ISIC_0027020_segmentation.png
442,train,ISIC_0033831,images/ISIC_0033831.jpg,masks/ISIC_0033831_segmentation.png
443,train,ISIC_0024885,images/ISIC_0024885.jpg,masks/ISIC_0024885_segmentation.png
444,train,ISIC_0028526,images/ISIC_0028526.jpg,masks/ISIC_0028526_segmentation.png
445,train,ISIC_0030308,images/ISIC_0030308.jpg,masks/ISIC_0030308_segmentation.png
446,train,ISIC_0030287,images/ISIC_0030287.jpg,masks/ISIC_0030287_segmentation.png
447,train,ISIC_0024935,images/ISIC_0024935.jpg,masks/ISIC_0024935_segmentation.png
448,train,ISIC_0028788,images/ISIC_0028788.jpg,masks/ISIC_0028788_segmentation.png
449,train,ISIC_0029067,images/ISIC_0029067.jpg,masks/ISIC_0029067_segmentation.png
450,train,ISIC_0033314,images/ISIC_0033314.jpg,masks/ISIC_0033314_segmentation.png
451,train,ISIC_0034158,images/ISIC_0034158.jpg,masks/ISIC_0034158_segmentation.png
452,train,ISIC_0028353,images/ISIC_0028353.jpg,masks/ISIC_0028353_segmentation.png
453,train,ISIC_0028343,images/ISIC_0028343.jpg,masks/ISIC_0028343_segmentation.png
454,train,ISIC_0029389,images/ISIC_0029389.jpg,masks/ISIC_0029389_segmentation.png
455,train,ISIC_0027302,images/ISIC_0027302.jpg,masks/ISIC_0027302_segmentation.png
456,train,ISIC_0028301,images/ISIC_0028301.jpg,masks/ISIC_0028301_segmentation.png
457,train,ISIC_0026499,images/ISIC_0026499.jpg,masks/ISIC_0026499_segmentation.png
458,train,ISIC_0024697,images/ISIC_0024697.jpg,masks/ISIC_0024697_segmentation.png
459,train,ISIC_0026442,images/ISIC_0026442.jpg,masks/ISIC_0026442_segmentation.png
460,train,ISIC_0029290,images/ISIC_0029290.jpg,masks/ISIC_0029290_segmentation.png
461,train,ISIC_0025051,images/ISIC_0025051.jpg,masks/ISIC_0025051_segmentation.png
462,train,ISIC_0024673,images/ISIC_0024673.jpg,masks/ISIC_0024673_segmentation.png
463,train,ISIC_0030819,images/ISIC_0030819.jpg,masks/ISIC_0030819_segmentation.png
464,train,ISIC_0029265,images/ISIC_0029265.jpg,masks/ISIC_0029265_segmentation.png
465,train,ISIC_0031664,images/ISIC_0031664.jpg,masks/ISIC_0031664_segmentation.png
466,train,ISIC_0033683,images/ISIC_0033683.jpg,masks/ISIC_0033683_segmentation.png
467,train,ISIC_0030881,images/ISIC_0030881.jpg,masks/ISIC_0030881_segmentation.png
468,train,ISIC_0026561,images/ISIC_0026561.jpg,masks/ISIC_0026561_segmentation.png
469,train,ISIC_0027517,images/ISIC_0027517.jpg,masks/ISIC_0027517_segmentation.png
470,train,ISIC_0033313,images/ISIC_0033313.jpg,masks/ISIC_0033313_segmentation.png
471,train,ISIC_0033174,images/ISIC_0033174.jpg,masks/ISIC_0033174_segmentation.png
472,train,ISIC_0032725,images/ISIC_0032725.jpg,masks/ISIC_0032725_segmentation.png
473,train,ISIC_0024690,images/ISIC_0024690.jpg,masks/ISIC_0024690_segmentation.png
474,train,ISIC_0027715,images/ISIC_0027715.jpg,masks/ISIC_0027715_segmentation.png
475,train,ISIC_0028839,images/ISIC_0028839.jpg,masks/ISIC_0028839_segmentation.png
476,train,ISIC_0028340,images/ISIC_0028340.jpg,masks/ISIC_0028340_segmentation.png
477,train,ISIC_0025098,images/ISIC_0025098.jpg,masks/ISIC_0025098_segmentation.png
478,train,ISIC_0024868,images/ISIC_0024868.jpg,masks/ISIC_0024868_segmentation.png
479,train,ISIC_0029837,images/ISIC_0029837.jpg,masks/ISIC_0029837_segmentation.png
480,train,ISIC_0031085,images/ISIC_0031085.jpg,masks/ISIC_0031085_segmentation.png
481,train,ISIC_0028502,images/ISIC_0028502.jpg,masks/ISIC_0028502_segmentation.png
482,train,ISIC_0031494,images/ISIC_0031494.jpg,masks/ISIC_0031494_segmentation.png
483,train,ISIC_0024981,images/ISIC_0024981.jpg,masks/ISIC_0024981_segmentation.png
484,train,ISIC_0026370,images/ISIC_0026370.jpg,masks/ISIC_0026370_segmentation.png
485,train,ISIC_0030229,images/ISIC_0030229.jpg,masks/ISIC_0030229_segmentation.png
486,train,ISIC_0028381,images/ISIC_0028381.jpg,masks/ISIC_0028381_segmentation.png
487,train,ISIC_0024794,images/ISIC_0024794.jpg,masks/ISIC_0024794_segmentation.png
488,train,ISIC_0025913,images/ISIC_0025913.jpg,masks/ISIC_0025913_segmentation.png
489,train,ISIC_0031049,images/ISIC_0031049.jpg,masks/ISIC_0031049_segmentation.png
490,train,ISIC_0030104,images/ISIC_0030104.jpg,masks/ISIC_0030104_segmentation.png
491,train,ISIC_0031254,images/ISIC_0031254.jpg,masks/ISIC_0031254_segmentation.png
492,train,ISIC_0030878,images/ISIC_0030878.jpg,masks/ISIC_0030878_segmentation.png
493,train,ISIC_0025333,images/ISIC_0025333.jpg,masks/ISIC_0025333_segmentation.png
494,train,ISIC_0030926,images/ISIC_0030926.jpg,masks/ISIC_0030926_segmentation.png
495,train,ISIC_0033978,images/ISIC_0033978.jpg,masks/ISIC_0033978_segmentation.png
496,train,ISIC_0034059,images/ISIC_0034059.jpg,masks/ISIC_0034059_segmentation.png
497,train,ISIC_0031304,images/ISIC_0031304.jpg,masks/ISIC_0031304_segmentation.png
498,train,ISIC_0031869,images/ISIC_0031869.jpg,masks/ISIC_0031869_segmentation.png
499,train,ISIC_0031064,images/ISIC_0031064.jpg,masks/ISIC_0031064_segmentation.png
500,train,ISIC_0032934,images/ISIC_0032934.jpg,masks/ISIC_0032934_segmentation.png
501,train,ISIC_0030629,images/ISIC_0030629.jpg,masks/ISIC_0030629_segmentation.png
502,train,ISIC_0030117,images/ISIC_0030117.jpg,masks/ISIC_0030117_segmentation.png
503,train,ISIC_0033068,images/ISIC_0033068.jpg,masks/ISIC_0033068_segmentation.png
504,train,ISIC_0032628,images/ISIC_0032628.jpg,masks/ISIC_0032628_segmentation.png
505,train,ISIC_0031090,images/ISIC_0031090.jpg,masks/ISIC_0031090_segmentation.png
506,train,ISIC_0028957,images/ISIC_0028957.jpg,masks/ISIC_0028957_segmentation.png
507,train,ISIC_0027398,images/ISIC_0027398.jpg,masks/ISIC_0027398_segmentation.png
508,train,ISIC_0029367,images/ISIC_0029367.jpg,masks/ISIC_0029367_segmentation.png
509,train,ISIC_0026314,images/ISIC_0026314.jpg,masks/ISIC_0026314_segmentation.png
510,train,ISIC_0030231,images/ISIC_0030231.jpg,masks/ISIC_0030231_segmentation.png
511,train,ISIC_0027355,images/ISIC_0027355.jpg,masks/ISIC_0027355_segmentation.png
512,train,ISIC_0025811,images/ISIC_0025811.jpg,masks/ISIC_0025811_segmentation.png
513,train,ISIC_0027426,images/ISIC_0027426.jpg,masks/ISIC_0027426_segmentation.png
514,train,ISIC_0028008,images/ISIC_0028008.jpg,masks/ISIC_0028008_segmentation.png
515,train,ISIC_0033801,images/ISIC_0033801.jpg,masks/ISIC_0033801_segmentation.png
516,train,ISIC_0025294,images/ISIC_0025294.jpg,masks/ISIC_0025294_segmentation.png
517,train,ISIC_0030783,images/ISIC_0030783.jpg,masks/ISIC_0030783_segmentation.png
518,train,ISIC_0033980,images/ISIC_0033980.jpg,masks/ISIC_0033980_segmentation.png
519,train,ISIC_0025966,images/ISIC_0025966.jpg,masks/ISIC_0025966_segmentation.png
520,train,ISIC_0029604,images/ISIC_0029604.jpg,masks/ISIC_0029604_segmentation.png
521,train,ISIC_0027987,images/ISIC_0027987.jpg,masks/ISIC_0027987_segmentation.png
522,train,ISIC_0030031,images/ISIC_0030031.jpg,masks/ISIC_0030031_segmentation.png
523,train,ISIC_0026816,images/ISIC_0026816.jpg,masks/ISIC_0026816_segmentation.png
524,train,ISIC_0026108,images/ISIC_0026108.jpg,masks/ISIC_0026108_segmentation.png
525,train,ISIC_0031578,images/ISIC_0031578.jpg,masks/ISIC_0031578_segmentation.png
526,train,ISIC_0032836,images/ISIC_0032836.jpg,masks/ISIC_0032836_segmentation.png
527,train,ISIC_0031464,images/ISIC_0031464.jpg,masks/ISIC_0031464_segmentation.png
528,train,ISIC_0034002,images/ISIC_0034002.jpg,masks/ISIC_0034002_segmentation.png
529,train,ISIC_0031623,images/ISIC_0031623.jpg,masks/ISIC_0031623_segmentation.png
530,train,ISIC_0024927,images/ISIC_0024927.jpg,masks/ISIC_0024927_segmentation.png
531,train,ISIC_0031982,images/ISIC_0031982.jpg,masks/ISIC_0031982_segmentation.png
532,train,ISIC_0032256,images/ISIC_0032256.jpg,masks/ISIC_0032256_segmentation.png
533,train,ISIC_0026055,images/ISIC_0026055.jpg,masks/ISIC_0026055_segmentation.png
534,train,ISIC_0033010,images/ISIC_0033010.jpg,masks/ISIC_0033010_segmentation.png
535,train,ISIC_0028295,images/ISIC_0028295.jpg,masks/ISIC_0028295_segmentation.png
536,train,ISIC_0033492,images/ISIC_0033492.jpg,masks/ISIC_0033492_segmentation.png
537,train,ISIC_0026937,images/ISIC_0026937.jpg,masks/ISIC_0026937_segmentation.png
538,train,ISIC_0026520,images/ISIC_0026520.jpg,masks/ISIC_0026520_segmentation.png
539,train,ISIC_0030377,images/ISIC_0030377.jpg,masks/ISIC_0030377_segmentation.png
540,train,ISIC_0032703,images/ISIC_0032703.jpg,masks/ISIC_0032703_segmentation.png
541,train,ISIC_0025523,images/ISIC_0025523.jpg,masks/ISIC_0025523_segmentation.png
542,train,ISIC_0030178,images/ISIC_0030178.jpg,masks/ISIC_0030178_segmentation.png
543,train,ISIC_0028391,images/ISIC_0028391.jpg,masks/ISIC_0028391_segmentation.png
544,train,ISIC_0032380,images/ISIC_0032380.jpg,masks/ISIC_0032380_segmentation.png
545,train,ISIC_0033480,images/ISIC_0033480.jpg,masks/ISIC_0033480_segmentation.png
546,train,ISIC_0034292,images/ISIC_0034292.jpg,masks/ISIC_0034292_segmentation.png
547,train,ISIC_0033848,images/ISIC_0033848.jpg,masks/ISIC_0033848_segmentation.png
548,train,ISIC_0026620,images/ISIC_0026620.jpg,masks/ISIC_0026620_segmentation.png
549,train,ISIC_0025546,images/ISIC_0025546.jpg,masks/ISIC_0025546_segmentation.png
550,train,ISIC_0024837,images/ISIC_0024837.jpg,masks/ISIC_0024837_segmentation.png
551,train,ISIC_0026435,images/ISIC_0026435.jpg,masks/ISIC_0026435_segmentation.png
552,train,ISIC_0031165,images/ISIC_0031165.jpg,masks/ISIC_0031165_segmentation.png
553,train,ISIC_0027160,images/ISIC_0027160.jpg,masks/ISIC_0027160_segmentation.png
554,train,ISIC_0031715,images/ISIC_0031715.jpg,masks/ISIC_0031715_segmentation.png
555,train,ISIC_0033829,images/ISIC_0033829.jpg,masks/ISIC_0033829_segmentation.png
556,train,ISIC_0025792,images/ISIC_0025792.jpg,masks/ISIC_0025792_segmentation.png
557,train,ISIC_0033277,images/ISIC_0033277.jpg,masks/ISIC_0033277_segmentation.png
558,train,ISIC_0030945,images/ISIC_0030945.jpg,masks/ISIC_0030945_segmentation.png
559,train,ISIC_0031167,images/ISIC_0031167.jpg,masks/ISIC_0031167_segmentation.png
560,train,ISIC_0026074,images/ISIC_0026074.jpg,masks/ISIC_0026074_segmentation.png
561,train,ISIC_0029705,images/ISIC_0029705.jpg,masks/ISIC_0029705_segmentation.png
562,train,ISIC_0028570,images/ISIC_0028570.jpg,masks/ISIC_0028570_segmentation.png
563,train,ISIC_0024994,images/ISIC_0024994.jpg,masks/ISIC_0024994_segmentation.png
564,train,ISIC_0030800,images/ISIC_0030800.jpg,masks/ISIC_0030800_segmentation.png
565,train,ISIC_0029507,images/ISIC_0029507.jpg,masks/ISIC_0029507_segmentation.png
566,train,ISIC_0025209,images/ISIC_0025209.jpg,masks/ISIC_0025209_segmentation.png
567,train,ISIC_0033482,images/ISIC_0033482.jpg,masks/ISIC_0033482_segmentation.png
568,train,ISIC_0032470,images/ISIC_0032470.jpg,masks/ISIC_0032470_segmentation.png
569,train,ISIC_0030483,images/ISIC_0030483.jpg,masks/ISIC_0030483_segmentation.png
570,train,ISIC_0034240,images/ISIC_0034240.jpg,masks/ISIC_0034240_segmentation.png
571,train,ISIC_0033483,images/ISIC_0033483.jpg,masks/ISIC_0033483_segmentation.png
572,train,ISIC_0025430,images/ISIC_0025430.jpg,masks/ISIC_0025430_segmentation.png
573,train,ISIC_0029451,images/ISIC_0029451.jpg,masks/ISIC_0029451_segmentation.png
574,train,ISIC_0028738,images/ISIC_0028738.jpg,masks/ISIC_0028738_segmentation.png
575,train,ISIC_0024448,images/ISIC_0024448.jpg,masks/ISIC_0024448_segmentation.png
576,train,ISIC_0028970,images/ISIC_0028970.jpg,masks/ISIC_0028970_segmentation.png
577,train,ISIC_0027188,images/ISIC_0027188.jpg,masks/ISIC_0027188_segmentation.png
578,train,ISIC_0027844,images/ISIC_0027844.jpg,masks/ISIC_0027844_segmentation.png
579,train,ISIC_0025608,images/ISIC_0025608.jpg,masks/ISIC_0025608_segmentation.png
580,train,ISIC_0026598,images/ISIC_0026598.jpg,masks/ISIC_0026598_segmentation.png
581,train,ISIC_0032689,images/ISIC_0032689.jpg,masks/ISIC_0032689_segmentation.png
582,train,ISIC_0031710,images/ISIC_0031710.jpg,masks/ISIC_0031710_segmentation.png
583,train,ISIC_0030137,images/ISIC_0030137.jpg,masks/ISIC_0030137_segmentation.png
584,train,ISIC_0028910,images/ISIC_0028910.jpg,masks/ISIC_0028910_segmentation.png
585,train,ISIC_0029505,images/ISIC_0029505.jpg,masks/ISIC_0029505_segmentation.png
586,train,ISIC_0030353,images/ISIC_0030353.jpg,masks/ISIC_0030353_segmentation.png
587,train,ISIC_0030601,images/ISIC_0030601.jpg,masks/ISIC_0030601_segmentation.png
588,train,ISIC_0027863,images/ISIC_0027863.jpg,masks/ISIC_0027863_segmentation.png
589,train,ISIC_0029607,images/ISIC_0029607.jpg,masks/ISIC_0029607_segmentation.png
590,train,ISIC_0029738,images/ISIC_0029738.jpg,masks/ISIC_0029738_segmentation.png
591,train,ISIC_0032865,images/ISIC_0032865.jpg,masks/ISIC_0032865_segmentation.png
592,train,ISIC_0030180,images/ISIC_0030180.jpg,masks/ISIC_0030180_segmentation.png
593,train,ISIC_0025809,images/ISIC_0025809.jpg,masks/ISIC_0025809_segmentation.png
594,train,ISIC_0027311,images/ISIC_0027311.jpg,masks/ISIC_0027311_segmentation.png
595,train,ISIC_0025085,images/ISIC_0025085.jpg,masks/ISIC_0025085_segmentation.png
596,train,ISIC_0027986,images/ISIC_0027986.jpg,masks/ISIC_0027986_segmentation.png
597,train,ISIC_0030321,images/ISIC_0030321.jpg,masks/ISIC_0030321_segmentation.png
598,train,ISIC_0027243,images/ISIC_0027243.jpg,masks/ISIC_0027243_segmentation.png
599,train,ISIC_0027862,images/ISIC_0027862.jpg,masks/ISIC_0027862_segmentation.png
600,train,ISIC_0032215,images/ISIC_0032215.jpg,masks/ISIC_0032215_segmentation.png
601,train,ISIC_0029297,images/ISIC_0029297.jpg,masks/ISIC_0029297_segmentation.png
602,train,ISIC_0024556,images/ISIC_0024556.jpg,masks/ISIC_0024556_segmentation.png
603,train,ISIC_0028007,images/ISIC_0028007.jpg,masks/ISIC_0028007_segmentation.png
604,train,ISIC_0030843,images/ISIC_0030843.jpg,masks/ISIC_0030843_segmentation.png
605,train,ISIC_0030385,images/ISIC_0030385.jpg,masks/ISIC_0030385_segmentation.png
606,train,ISIC_0030754,images/ISIC_0030754.jpg,masks/ISIC_0030754_segmentation.png
607,train,ISIC_0030597,images/ISIC_0030597.jpg,masks/ISIC_0030597_segmentation.png
608,train,ISIC_0033609,images/ISIC_0033609.jpg,masks/ISIC_0033609_segmentation.png
609,train,ISIC_0033632,images/ISIC_0033632.jpg,masks/ISIC_0033632_segmentation.png
610,train,ISIC_0033532,images/ISIC_0033532.jpg,masks/ISIC_0033532_segmentation.png
611,train,ISIC_0031691,images/ISIC_0031691.jpg,masks/ISIC_0031691_segmentation.png
612,train,ISIC_0026971,images/ISIC_0026971.jpg,masks/ISIC_0026971_segmentation.png
613,train,ISIC_0027262,images/ISIC_0027262.jpg,masks/ISIC_0027262_segmentation.png
614,train,ISIC_0024922,images/ISIC_0024922.jpg,masks/ISIC_0024922_segmentation.png
615,train,ISIC_0026559,images/ISIC_0026559.jpg,masks/ISIC_0026559_segmentation.png
616,train,ISIC_0029763,images/ISIC_0029763.jpg,masks/ISIC_0029763_segmentation.png
617,train,ISIC_0026512,images/ISIC_0026512.jpg,masks/ISIC_0026512_segmentation.png
618,train,ISIC_0026609,images/ISIC_0026609.jpg,masks/ISIC_0026609_segmentation.png
619,train,ISIC_0028505,images/ISIC_0028505.jpg,masks/ISIC_0028505_segmentation.png
620,train,ISIC_0030372,images/ISIC_0030372.jpg,masks/ISIC_0030372_segmentation.png
621,train,ISIC_0029816,images/ISIC_0029816.jpg,masks/ISIC_0029816_segmentation.png
622,train,ISIC_0029467,images/ISIC_0029467.jpg,masks/ISIC_0029467_segmentation.png
623,train,ISIC_0032388,images/ISIC_0032388.jpg,masks/ISIC_0032388_segmentation.png
624,train,ISIC_0030192,images/ISIC_0030192.jpg,masks/ISIC_0030192_segmentation.png
625,train,ISIC_0027508,images/ISIC_0027508.jpg,masks/ISIC_0027508_segmentation.png
626,train,ISIC_0027189,images/ISIC_0027189.jpg,masks/ISIC_0027189_segmentation.png
627,train,ISIC_0025050,images/ISIC_0025050.jpg,masks/ISIC_0025050_segmentation.png
628,train,ISIC_0025317,images/ISIC_0025317.jpg,masks/ISIC_0025317_segmentation.png
629,train,ISIC_0028018,images/ISIC_0028018.jpg,masks/ISIC_0028018_segmentation.png
630,train,ISIC_0026270,images/ISIC_0026270.jpg,masks/ISIC_0026270_segmentation.png
631,train,ISIC_0033449,images/ISIC_0033449.jpg,masks/ISIC_0033449_segmentation.png
632,train,ISIC_0033860,images/ISIC_0033860.jpg,masks/ISIC_0033860_segmentation.png
633,train,ISIC_0029797,images/ISIC_0029797.jpg,masks/ISIC_0029797_segmentation.png
634,train,ISIC_0033644,images/ISIC_0033644.jpg,masks/ISIC_0033644_segmentation.png
635,train,ISIC_0027634,images/ISIC_0027634.jpg,masks/ISIC_0027634_segmentation.png
636,train,ISIC_0030307,images/ISIC_0030307.jpg,masks/ISIC_0030307_segmentation.png
637,train,ISIC_0025935,images/ISIC_0025935.jpg,masks/ISIC_0025935_segmentation.png
638,train,ISIC_0032864,images/ISIC_0032864.jpg,masks/ISIC_0032864_segmentation.png
639,train,ISIC_0031754,images/ISIC_0031754.jpg,masks/ISIC_0031754_segmentation.png
640,train,ISIC_0032765,images/ISIC_0032765.jpg,masks/ISIC_0032765_segmentation.png
641,train,ISIC_0032012,images/ISIC_0032012.jpg,masks/ISIC_0032012_segmentation.png
642,train,ISIC_0033952,images/ISIC_0033952.jpg,masks/ISIC_0033952_segmentation.png
643,train,ISIC_0027751,images/ISIC_0027751.jpg,masks/ISIC_0027751_segmentation.png
644,train,ISIC_0029094,images/ISIC_0029094.jpg,masks/ISIC_0029094_segmentation.png
645,train,ISIC_0033520,images/ISIC_0033520.jpg,masks/ISIC_0033520_segmentation.png
646,train,ISIC_0024309,images/ISIC_0024309.jpg,masks/ISIC_0024309_segmentation.png
647,train,ISIC_0028384,images/ISIC_0028384.jpg,masks/ISIC_0028384_segmentation.png
648,train,ISIC_0031598,images/ISIC_0031598.jpg,masks/ISIC_0031598_segmentation.png
649,train,ISIC_0025948,images/ISIC_0025948.jpg,masks/ISIC_0025948_segmentation.png
650,train,ISIC_0024520,images/ISIC_0024520.jpg,masks/ISIC_0024520_segmentation.png
651,train,ISIC_0032235,images/ISIC_0032235.jpg,masks/ISIC_0032235_segmentation.png
652,train,ISIC_0026920,images/ISIC_0026920.jpg,masks/ISIC_0026920_segmentation.png
653,train,ISIC_0032247,images/ISIC_0032247.jpg,masks/ISIC_0032247_segmentation.png
654,train,ISIC_0030350,images/ISIC_0030350.jpg,masks/ISIC_0030350_segmentation.png
655,train,ISIC_0027267,images/ISIC_0027267.jpg,masks/ISIC_0027267_segmentation.png
656,train,ISIC_0033772,images/ISIC_0033772.jpg,masks/ISIC_0033772_segmentation.png
657,train,ISIC_0029845,images/ISIC_0029845.jpg,masks/ISIC_0029845_segmentation.png
658,train,ISIC_0032960,images/ISIC_0032960.jpg,masks/ISIC_0032960_segmentation.png
659,train,ISIC_0025391,images/ISIC_0025391.jpg,masks/ISIC_0025391_segmentation.png
660,train,ISIC_0031145,images/ISIC_0031145.jpg,masks/ISIC_0031145_segmentation.png
661,train,ISIC_0026887,images/ISIC_0026887.jpg,masks/ISIC_0026887_segmentation.png
662,train,ISIC_0026159,images/ISIC_0026159.jpg,masks/ISIC_0026159_segmentation.png
663,train,ISIC_0032060,images/ISIC_0032060.jpg,masks/ISIC_0032060_segmentation.png
664,train,ISIC_0025600,images/ISIC_0025600.jpg,masks/ISIC_0025600_segmentation.png
665,train,ISIC_0025566,images/ISIC_0025566.jpg,masks/ISIC_0025566_segmentation.png
666,train,ISIC_0028233,images/ISIC_0028233.jpg,masks/ISIC_0028233_segmentation.png
667,train,ISIC_0030049,images/ISIC_0030049.jpg,masks/ISIC_0030049_segmentation.png
668,train,ISIC_0027939,images/ISIC_0027939.jpg,masks/ISIC_0027939_segmentation.png
669,train,ISIC_0028193,images/ISIC_0028193.jpg,masks/ISIC_0028193_segmentation.png
670,train,ISIC_0026401,images/ISIC_0026401.jpg,masks/ISIC_0026401_segmentation.png
671,train,ISIC_0028742,images/ISIC_0028742.jpg,masks/ISIC_0028742_segmentation.png
672,train,ISIC_0032345,images/ISIC_0032345.jpg,masks/ISIC_0032345_segmentation.png
673,train,ISIC_0029932,images/ISIC_0029932.jpg,masks/ISIC_0029932_segmentation.png
674,train,ISIC_0028809,images/ISIC_0028809.jpg,masks/ISIC_0028809_segmentation.png
675,train,ISIC_0024436,images/ISIC_0024436.jpg,masks/ISIC_0024436_segmentation.png
676,train,ISIC_0033608,images/ISIC_0033608.jpg,masks/ISIC_0033608_segmentation.png
677,train,ISIC_0028600,images/ISIC_0028600.jpg,masks/ISIC_0028600_segmentation.png
678,train,ISIC_0030564,images/ISIC_0030564.jpg,masks/ISIC_0030564_segmentation.png
679,train,ISIC_0031628,images/ISIC_0031628.jpg,masks/ISIC_0031628_segmentation.png
680,train,ISIC_0028268,images/ISIC_0028268.jpg,masks/ISIC_0028268_segmentation.png
681,train,ISIC_0030845,images/ISIC_0030845.jpg,masks/ISIC_0030845_segmentation.png
682,train,ISIC_0027029,images/ISIC_0027029.jpg,masks/ISIC_0027029_segmentation.png
683,train,ISIC_0029404,images/ISIC_0029404.jpg,masks/ISIC_0029404_segmentation.png
684,train,ISIC_0029326,images/ISIC_0029326.jpg,masks/ISIC_0029326_segmentation.png
685,train,ISIC_0029660,images/ISIC_0029660.jpg,masks/ISIC_0029660_segmentation.png
686,train,ISIC_0030526,images/ISIC_0030526.jpg,masks/ISIC_0030526_segmentation.png
687,train,ISIC_0030448,images/ISIC_0030448.jpg,masks/ISIC_0030448_segmentation.png
688,train,ISIC_0029914,images/ISIC_0029914.jpg,masks/ISIC_0029914_segmentation.png
689,train,ISIC_0025473,images/ISIC_0025473.jpg,masks/ISIC_0025473_segmentation.png
690,train,ISIC_0031239,images/ISIC_0031239.jpg,masks/ISIC_0031239_segmentation.png
691,train,ISIC_0028988,images/ISIC_0028988.jpg,masks/ISIC_0028988_segmentation.png
692,train,ISIC_0033453,images/ISIC_0033453.jpg,masks/ISIC_0033453_segmentation.png
693,train,ISIC_0029539,images/ISIC_0029539.jpg,masks/ISIC_0029539_segmentation.png
694,train,ISIC_0033481,images/ISIC_0033481.jpg,masks/ISIC_0033481_segmentation.png
695,train,ISIC_0031737,images/ISIC_0031737.jpg,masks/ISIC_0031737_segmentation.png
696,train,ISIC_0031058,images/ISIC_0031058.jpg,masks/ISIC_0031058_segmentation.png
697,train,ISIC_0028205,images/ISIC_0028205.jpg,masks/ISIC_0028205_segmentation.png
698,train,ISIC_0033867,images/ISIC_0033867.jpg,masks/ISIC_0033867_segmentation.png
699,train,ISIC_0029339,images/ISIC_0029339.jpg,masks/ISIC_0029339_segmentation.png
700,train,ISIC_0029058,images/ISIC_0029058.jpg,masks/ISIC_0029058_segmentation.png
701,train,ISIC_0030617,images/ISIC_0030617.jpg,masks/ISIC_0030617_segmentation.png
702,train,ISIC_0027808,images/ISIC_0027808.jpg,masks/ISIC_0027808_segmentation.png
703,train,ISIC_0033419,images/ISIC_0033419.jpg,masks/ISIC_0033419_segmentation.png
704,train,ISIC_0033601,images/ISIC_0033601.jpg,masks/ISIC_0033601_segmentation.png
705,train,ISIC_0026269,images/ISIC_0026269.jpg,masks/ISIC_0026269_segmentation.png
706,train,ISIC_0028952,images/ISIC_0028952.jpg,masks/ISIC_0028952_segmentation.png
707,train,ISIC_0025961,images/ISIC_0025961.jpg,masks/ISIC_0025961_segmentation.png
708,train,ISIC_0028402,images/ISIC_0028402.jpg,masks/ISIC_0028402_segmentation.png
709,train,ISIC_0027210,images/ISIC_0027210.jpg,masks/ISIC_0027210_segmentation.png
710,train,ISIC_0027507,images/ISIC_0027507.jpg,masks/ISIC_0027507_segmentation.png
711,train,ISIC_0030183,images/ISIC_0030183.jpg,masks/ISIC_0030183_segmentation.png
712,train,ISIC_0024589,images/ISIC_0024589.jpg,masks/ISIC_0024589_segmentation.png
713,train,ISIC_0030251,images/ISIC_0030251.jpg,masks/ISIC_0030251_segmentation.png
714,train,ISIC_0033404,images/ISIC_0033404.jpg,masks/ISIC_0033404_segmentation.png
715,train,ISIC_0025438,images/ISIC_0025438.jpg,masks/ISIC_0025438_segmentation.png
716,train,ISIC_0027897,images/ISIC_0027897.jpg,masks/ISIC_0027897_segmentation.png
717,train,ISIC_0032804,images/ISIC_0032804.jpg,masks/ISIC_0032804_segmentation.png
718,train,ISIC_0026969,images/ISIC_0026969.jpg,masks/ISIC_0026969_segmentation.png
719,train,ISIC_0028956,images/ISIC_0028956.jpg,masks/ISIC_0028956_segmentation.png
720,train,ISIC_0033080,images/ISIC_0033080.jpg,masks/ISIC_0033080_segmentation.png
721,train,ISIC_0027231,images/ISIC_0027231.jpg,masks/ISIC_0027231_segmentation.png
722,train,ISIC_0025402,images/ISIC_0025402.jpg,masks/ISIC_0025402_segmentation.png
723,train,ISIC_0028541,images/ISIC_0028541.jpg,masks/ISIC_0028541_segmentation.png
724,train,ISIC_0031103,images/ISIC_0031103.jpg,masks/ISIC_0031103_segmentation.png
725,train,ISIC_0026404,images/ISIC_0026404.jpg,masks/ISIC_0026404_segmentation.png
726,train,ISIC_0032477,images/ISIC_0032477.jpg,masks/ISIC_0032477_segmentation.png
727,train,ISIC_0030319,images/ISIC_0030319.jpg,masks/ISIC_0030319_segmentation.png
728,train,ISIC_0026941,images/ISIC_0026941.jpg,masks/ISIC_0026941_segmentation.png
729,train,ISIC_0029638,images/ISIC_0029638.jpg,masks/ISIC_0029638_segmentation.png
730,train,ISIC_0032734,images/ISIC_0032734.jpg,masks/ISIC_0032734_segmentation.png
731,train,ISIC_0032817,images/ISIC_0032817.jpg,masks/ISIC_0032817_segmentation.png
732,train,ISIC_0026679,images/ISIC_0026679.jpg,masks/ISIC_0026679_segmentation.png
733,train,ISIC_0028773,images/ISIC_0028773.jpg,masks/ISIC_0028773_segmentation.png
734,train,ISIC_0033729,images/ISIC_0033729.jpg,masks/ISIC_0033729_segmentation.png
735,train,ISIC_0029969,images/ISIC_0029969.jpg,masks/ISIC_0029969_segmentation.png
736,train,ISIC_0031870,images/ISIC_0031870.jpg,masks/ISIC_0031870_segmentation.png
737,train,ISIC_0033160,images/ISIC_0033160.jpg,masks/ISIC_0033160_segmentation.png
738,train,ISIC_0027249,images/ISIC_0027249.jpg,masks/ISIC_0027249_segmentation.png
739,train,ISIC_0026642,images/ISIC_0026642.jpg,masks/ISIC_0026642_segmentation.png
740,train,ISIC_0030082,images/ISIC_0030082.jpg,masks/ISIC_0030082_segmentation.png
741,train,ISIC_0029682,images/ISIC_0029682.jpg,masks/ISIC_0029682_segmentation.png
742,train,ISIC_0025729,images/ISIC_0025729.jpg,masks/ISIC_0025729_segmentation.png
743,train,ISIC_0027005,images/ISIC_0027005.jpg,masks/ISIC_0027005_segmentation.png
744,train,ISIC_0026829,images/ISIC_0026829.jpg,masks/ISIC_0026829_segmentation.png
745,train,ISIC_0026391,images/ISIC_0026391.jpg,masks/ISIC_0026391_segmentation.png
746,train,ISIC_0033409,images/ISIC_0033409.jpg,masks/ISIC_0033409_segmentation.png
747,train,ISIC_0030131,images/ISIC_0030131.jpg,masks/ISIC_0030131_segmentation.png
748,train,ISIC_0024741,images/ISIC_0024741.jpg,masks/ISIC_0024741_segmentation.png
749,train,ISIC_0027571,images/ISIC_0027571.jpg,masks/ISIC_0027571_segmentation.png
750,train,ISIC_0027928,images/ISIC_0027928.jpg,masks/ISIC_0027928_segmentation.png
751,train,ISIC_0028405,images/ISIC_0028405.jpg,masks/ISIC_0028405_segmentation.png
752,train,ISIC_0031178,images/ISIC_0031178.jpg,masks/ISIC_0031178_segmentation.png
753,train,ISIC_0029532,images/ISIC_0029532.jpg,masks/ISIC_0029532_segmentation.png
754,train,ISIC_0024618,images/ISIC_0024618.jpg,masks/ISIC_0024618_segmentation.png
755,train,ISIC_0025584,images/ISIC_0025584.jpg,masks/ISIC_0025584_segmentation.png
756,train,ISIC_0024727,images/ISIC_0024727.jpg,masks/ISIC_0024727_segmentation.png
757,train,ISIC_0033282,images/ISIC_0033282.jpg,masks/ISIC_0033282_segmentation.png
758,train,ISIC_0029274,images/ISIC_0029274.jpg,masks/ISIC_0029274_segmentation.png
759,train,ISIC_0028339,images/ISIC_0028339.jpg,masks/ISIC_0028339_segmentation.png
760,train,ISIC_0027207,images/ISIC_0027207.jpg,masks/ISIC_0027207_segmentation.png
761,train,ISIC_0027522,images/ISIC_0027522.jpg,masks/ISIC_0027522_segmentation.png
762,train,ISIC_0032680,images/ISIC_0032680.jpg,masks/ISIC_0032680_segmentation.png
763,train,ISIC_0027720,images/ISIC_0027720.jpg,masks/ISIC_0027720_segmentation.png
764,train,ISIC_0029059,images/ISIC_0029059.jpg,masks/ISIC_0029059_segmentation.png
765,train,ISIC_0027647,images/ISIC_0027647.jpg,masks/ISIC_0027647_segmentation.png
766,train,ISIC_0027989,images/ISIC_0027989.jpg,masks/ISIC_0027989_segmentation.png
767,train,ISIC_0029385,images/ISIC_0029385.jpg,masks/ISIC_0029385_segmentation.png
768,train,ISIC_0026437,images/ISIC_0026437.jpg,masks/ISIC_0026437_segmentation.png
769,train,ISIC_0031319,images/ISIC_0031319.jpg,masks/ISIC_0031319_segmentation.png
770,train,ISIC_0026265,images/ISIC_0026265.jpg,masks/ISIC_0026265_segmentation.png
771,train,ISIC_0031015,images/ISIC_0031015.jpg,masks/ISIC_0031015_segmentation.png
772,train,ISIC_0026980,images/ISIC_0026980.jpg,masks/ISIC_0026980_segmentation.png
773,train,ISIC_0026841,images/ISIC_0026841.jpg,masks/ISIC_0026841_segmentation.png
774,train,ISIC_0032165,images/ISIC_0032165.jpg,masks/ISIC_0032165_segmentation.png
775,train,ISIC_0027904,images/ISIC_0027904.jpg,masks/ISIC_0027904_segmentation.png
776,train,ISIC_0034062,images/ISIC_0034062.jpg,masks/ISIC_0034062_segmentation.png
777,train,ISIC_0027580,images/ISIC_0027580.jpg,masks/ISIC_0027580_segmentation.png
778,train,ISIC_0031369,images/ISIC_0031369.jpg,masks/ISIC_0031369_segmentation.png
779,train,ISIC_0030668,images/ISIC_0030668.jpg,masks/ISIC_0030668_segmentation.png
780,train,ISIC_0027395,images/ISIC_0027395.jpg,masks/ISIC_0027395_segmentation.png
781,train,ISIC_0028049,images/ISIC_0028049.jpg,masks/ISIC_0028049_segmentation.png
782,train,ISIC_0028847,images/ISIC_0028847.jpg,masks/ISIC_0028847_segmentation.png
783,train,ISIC_0024761,images/ISIC_0024761.jpg,masks/ISIC_0024761_segmentation.png
784,train,ISIC_0027081,images/ISIC_0027081.jpg,masks/ISIC_0027081_segmentation.png
785,train,ISIC_0026864,images/ISIC_0026864.jpg,masks/ISIC_0026864_segmentation.png
786,train,ISIC_0029086,images/ISIC_0029086.jpg,masks/ISIC_0029086_segmentation.png
787,train,ISIC_0027453,images/ISIC_0027453.jpg,masks/ISIC_0027453_segmentation.png
788,train,ISIC_0029281,images/ISIC_0029281.jpg,masks/ISIC_0029281_segmentation.png
789,train,ISIC_0028571,images/ISIC_0028571.jpg,masks/ISIC_0028571_segmentation.png
790,train,ISIC_0032454,images/ISIC_0032454.jpg,masks/ISIC_0032454_segmentation.png
791,train,ISIC_0025311,images/ISIC_0025311.jpg,masks/ISIC_0025311_segmentation.png
792,train,ISIC_0031740,images/ISIC_0031740.jpg,masks/ISIC_0031740_segmentation.png
793,train,ISIC_0025323,images/ISIC_0025323.jpg,masks/ISIC_0025323_segmentation.png
794,train,ISIC_0026047,images/ISIC_0026047.jpg,masks/ISIC_0026047_segmentation.png
795,train,ISIC_0031356,images/ISIC_0031356.jpg,masks/ISIC_0031356_segmentation.png
796,train,ISIC_0033552,images/ISIC_0033552.jpg,masks/ISIC_0033552_segmentation.png
797,train,ISIC_0033922,images/ISIC_0033922.jpg,masks/ISIC_0033922_segmentation.png
798,train,ISIC_0028210,images/ISIC_0028210.jpg,masks/ISIC_0028210_segmentation.png
799,train,ISIC_0034105,images/ISIC_0034105.jpg,masks/ISIC_0034105_segmentation.png
800,train,ISIC_0033806,images/ISIC_0033806.jpg,masks/ISIC_0033806_segmentation.png
801,train,ISIC_0034201,images/ISIC_0034201.jpg,masks/ISIC_0034201_segmentation.png
802,train,ISIC_0029971,images/ISIC_0029971.jpg,masks/ISIC_0029971_segmentation.png
803,train,ISIC_0026338,images/ISIC_0026338.jpg,masks/ISIC_0026338_segmentation.png
804,train,ISIC_0026146,images/ISIC_0026146.jpg,masks/ISIC_0026146_segmentation.png
805,train,ISIC_0027352,images/ISIC_0027352.jpg,masks/ISIC_0027352_segmentation.png
806,train,ISIC_0028971,images/ISIC_0028971.jpg,masks/ISIC_0028971_segmentation.png
807,train,ISIC_0030355,images/ISIC_0030355.jpg,masks/ISIC_0030355_segmentation.png
808,train,ISIC_0025248,images/ISIC_0025248.jpg,masks/ISIC_0025248_segmentation.png
809,train,ISIC_0026634,images/ISIC_0026634.jpg,masks/ISIC_0026634_segmentation.png
810,train,ISIC_0034050,images/ISIC_0034050.jpg,masks/ISIC_0034050_segmentation.png
811,train,ISIC_0025524,images/ISIC_0025524.jpg,masks/ISIC_0025524_segmentation.png
812,train,ISIC_0034087,images/ISIC_0034087.jpg,masks/ISIC_0034087_segmentation.png
813,train,ISIC_0025374,images/ISIC_0025374.jpg,masks/ISIC_0025374_segmentation.png
814,train,ISIC_0024925,images/ISIC_0024925.jpg,masks/ISIC_0024925_segmentation.png
815,train,ISIC_0032925,images/ISIC_0032925.jpg,masks/ISIC_0032925_segmentation.png
816,train,ISIC_0026038,images/ISIC_0026038.jpg,masks/ISIC_0026038_segmentation.png
817,train,ISIC_0033871,images/ISIC_0033871.jpg,masks/ISIC_0033871_segmentation.png
818,train,ISIC_0031109,images/ISIC_0031109.jpg,masks/ISIC_0031109_segmentation.png
819,train,ISIC_0031034,images/ISIC_0031034.jpg,masks/ISIC_0031034_segmentation.png
820,train,ISIC_0025035,images/ISIC_0025035.jpg,masks/ISIC_0025035_segmentation.png
821,train,ISIC_0034198,images/ISIC_0034198.jpg,masks/ISIC_0034198_segmentation.png
822,train,ISIC_0025962,images/ISIC_0025962.jpg,masks/ISIC_0025962_segmentation.png
823,train,ISIC_0027873,images/ISIC_0027873.jpg,masks/ISIC_0027873_segmentation.png
824,train,ISIC_0032482,images/ISIC_0032482.jpg,masks/ISIC_0032482_segmentation.png
825,train,ISIC_0025498,images/ISIC_0025498.jpg,masks/ISIC_0025498_segmentation.png
826,train,ISIC_0032544,images/ISIC_0032544.jpg,masks/ISIC_0032544_segmentation.png
827,train,ISIC_0028866,images/ISIC_0028866.jpg,masks/ISIC_0028866_segmentation.png
828,train,ISIC_0028882,images/ISIC_0028882.jpg,masks/ISIC_0028882_segmentation.png
829,train,ISIC_0027090,images/ISIC_0027090.jpg,masks/ISIC_0027090_segmentation.png
830,train,ISIC_0033976,images/ISIC_0033976.jpg,masks/ISIC_0033976_segmentation.png
831,train,ISIC_0033026,images/ISIC_0033026.jpg,masks/ISIC_0033026_segmentation.png
832,train,ISIC_0031211,images/ISIC_0031211.jpg,masks/ISIC_0031211_segmentation.png
833,train,ISIC_0028124,images/ISIC_0028124.jpg,masks/ISIC_0028124_segmentation.png
834,train,ISIC_0033091,images/ISIC_0033091.jpg,masks/ISIC_0033091_segmentation.png
835,train,ISIC_0024878,images/ISIC_0024878.jpg,masks/ISIC_0024878_segmentation.png
836,train,ISIC_0033267,images/ISIC_0033267.jpg,masks/ISIC_0033267_segmentation.png
837,train,ISIC_0034217,images/ISIC_0034217.jpg,masks/ISIC_0034217_segmentation.png
838,train,ISIC_0031573,images/ISIC_0031573.jpg,masks/ISIC_0031573_segmentation.png
839,train,ISIC_0031690,images/ISIC_0031690.jpg,masks/ISIC_0031690_segmentation.png
840,train,ISIC_0027218,images/ISIC_0027218.jpg,masks/ISIC_0027218_segmentation.png
841,train,ISIC_0029026,images/ISIC_0029026.jpg,masks/ISIC_0029026_segmentation.png
842,train,ISIC_0025397,images/ISIC_0025397.jpg,masks/ISIC_0025397_segmentation.png
843,train,ISIC_0031856,images/ISIC_0031856.jpg,masks/ISIC_0031856_segmentation.png
844,train,ISIC_0027032,images/ISIC_0027032.jpg,masks/ISIC_0027032_segmentation.png
845,train,ISIC_0031054,images/ISIC_0031054.jpg,masks/ISIC_0031054_segmentation.png
846,train,ISIC_0030883,images/ISIC_0030883.jpg,masks/ISIC_0030883_segmentation.png
847,train,ISIC_0029056,images/ISIC_0029056.jpg,masks/ISIC_0029056_segmentation.png
848,train,ISIC_0027548,images/ISIC_0027548.jpg,masks/ISIC_0027548_segmentation.png
849,train,ISIC_0033505,images/ISIC_0033505.jpg,masks/ISIC_0033505_segmentation.png
850,train,ISIC_0026158,images/ISIC_0026158.jpg,masks/ISIC_0026158_segmentation.png
851,train,ISIC_0025379,images/ISIC_0025379.jpg,masks/ISIC_0025379_segmentation.png
852,train,ISIC_0026985,images/ISIC_0026985.jpg,masks/ISIC_0026985_segmentation.png
853,train,ISIC_0030919,images/ISIC_0030919.jpg,masks/ISIC_0030919_segmentation.png
854,train,ISIC_0026867,images/ISIC_0026867.jpg,masks/ISIC_0026867_segmentation.png
855,train,ISIC_0032786,images/ISIC_0032786.jpg,masks/ISIC_0032786_segmentation.png
856,train,ISIC_0025576,images/ISIC_0025576.jpg,masks/ISIC_0025576_segmentation.png
857,train,ISIC_0026106,images/ISIC_0026106.jpg,masks/ISIC_0026106_segmentation.png
858,train,ISIC_0029013,images/ISIC_0029013.jpg,masks/ISIC_0029013_segmentation.png
859,train,ISIC_0029995,images/ISIC_0029995.jpg,masks/ISIC_0029995_segmentation.png
860,train,ISIC_0032409,images/ISIC_0032409.jpg,masks/ISIC_0032409_segmentation.png
861,train,ISIC_0031556,images/ISIC_0031556.jpg,masks/ISIC_0031556_segmentation.png
862,train,ISIC_0028998,images/ISIC_0028998.jpg,masks/ISIC_0028998_segmentation.png
863,train,ISIC_0025246,images/ISIC_0025246.jpg,masks/ISIC_0025246_segmentation.png
864,train,ISIC_0026000,images/ISIC_0026000.jpg,masks/ISIC_0026000_segmentation.png
865,train,ISIC_0024639,images/ISIC_0024639.jpg,masks/ISIC_0024639_segmentation.png
866,train,ISIC_0034289,images/ISIC_0034289.jpg,masks/ISIC_0034289_segmentation.png
867,train,ISIC_0031454,images/ISIC_0031454.jpg,masks/ISIC_0031454_segmentation.png
868,train,ISIC_0029040,images/ISIC_0029040.jpg,masks/ISIC_0029040_segmentation.png
869,train,ISIC_0030622,images/ISIC_0030622.jpg,masks/ISIC_0030622_segmentation.png
870,train,ISIC_0026870,images/ISIC_0026870.jpg,masks/ISIC_0026870_segmentation.png
871,train,ISIC_0033603,images/ISIC_0033603.jpg,masks/ISIC_0033603_segmentation.png
872,train,ISIC_0032040,images/ISIC_0032040.jpg,masks/ISIC_0032040_segmentation.png
873,train,ISIC_0027879,images/ISIC_0027879.jpg,masks/ISIC_0027879_segmentation.png
874,train,ISIC_0031974,images/ISIC_0031974.jpg,masks/ISIC_0031974_segmentation.png
875,train,ISIC_0026577,images/ISIC_0026577.jpg,masks/ISIC_0026577_segmentation.png
876,train,ISIC_0026757,images/ISIC_0026757.jpg,masks/ISIC_0026757_segmentation.png
877,train,ISIC_0033774,images/ISIC_0033774.jpg,masks/ISIC_0033774_segmentation.png
878,train,ISIC_0031099,images/ISIC_0031099.jpg,masks/ISIC_0031099_segmentation.png
879,train,ISIC_0029967,images/ISIC_0029967.jpg,masks/ISIC_0029967_segmentation.png
880,train,ISIC_0027277,images/ISIC_0027277.jpg,masks/ISIC_0027277_segmentation.png
881,train,ISIC_0026290,images/ISIC_0026290.jpg,masks/ISIC_0026290_segmentation.png
882,train,ISIC_0028891,images/ISIC_0028891.jpg,masks/ISIC_0028891_segmentation.png
883,train,ISIC_0029922,images/ISIC_0029922.jpg,masks/ISIC_0029922_segmentation.png
884,train,ISIC_0032854,images/ISIC_0032854.jpg,masks/ISIC_0032854_segmentation.png
885,train,ISIC_0030272,images/ISIC_0030272.jpg,masks/ISIC_0030272_segmentation.png
886,train,ISIC_0025655,images/ISIC_0025655.jpg,masks/ISIC_0025655_segmentation.png
887,train,ISIC_0027764,images/ISIC_0027764.jpg,masks/ISIC_0027764_segmentation.png
888,train,ISIC_0027518,images/ISIC_0027518.jpg,masks/ISIC_0027518_segmentation.png
889,train,ISIC_0031726,images/ISIC_0031726.jpg,masks/ISIC_0031726_segmentation.png
890,train,ISIC_0026268,images/ISIC_0026268.jpg,masks/ISIC_0026268_segmentation.png
891,train,ISIC_0028894,images/ISIC_0028894.jpg,masks/ISIC_0028894_segmentation.png
892,train,ISIC_0031144,images/ISIC_0031144.jpg,masks/ISIC_0031144_segmentation.png
893,train,ISIC_0032138,images/ISIC_0032138.jpg,masks/ISIC_0032138_segmentation.png
894,train,ISIC_0032479,images/ISIC_0032479.jpg,masks/ISIC_0032479_segmentation.png
895,train,ISIC_0025044,images/ISIC_0025044.jpg,masks/ISIC_0025044_segmentation.png
896,train,ISIC_0032128,images/ISIC_0032128.jpg,masks/ISIC_0032128_segmentation.png
897,train,ISIC_0030155,images/ISIC_0030155.jpg,masks/ISIC_0030155_segmentation.png
898,train,ISIC_0031639,images/ISIC_0031639.jpg,masks/ISIC_0031639_segmentation.png
899,train,ISIC_0030772,images/ISIC_0030772.jpg,masks/ISIC_0030772_segmentation.png
900,train,ISIC_0031055,images/ISIC_0031055.jpg,masks/ISIC_0031055_segmentation.png
901,train,ISIC_0024632,images/ISIC_0024632.jpg,masks/ISIC_0024632_segmentation.png
902,train,ISIC_0026461,images/ISIC_0026461.jpg,masks/ISIC_0026461_segmentation.png
903,train,ISIC_0034089,images/ISIC_0034089.jpg,masks/ISIC_0034089_segmentation.png
904,train,ISIC_0025367,images/ISIC_0025367.jpg,masks/ISIC_0025367_segmentation.png
905,train,ISIC_0029834,images/ISIC_0029834.jpg,masks/ISIC_0029834_segmentation.png
906,train,ISIC_0028990,images/ISIC_0028990.jpg,masks/ISIC_0028990_segmentation.png
907,train,ISIC_0030381,images/ISIC_0030381.jpg,masks/ISIC_0030381_segmentation.png
908,train,ISIC_0031164,images/ISIC_0031164.jpg,masks/ISIC_0031164_segmentation.png
909,train,ISIC_0031941,images/ISIC_0031941.jpg,masks/ISIC_0031941_segmentation.png
910,train,ISIC_0028521,images/ISIC_0028521.jpg,masks/ISIC_0028521_segmentation.png
911,train,ISIC_0030126,images/ISIC_0030126.jpg,masks/ISIC_0030126_segmentation.png
912,train,ISIC_0032782,images/ISIC_0032782.jpg,masks/ISIC_0032782_segmentation.png
913,train,ISIC_0029409,images/ISIC_0029409.jpg,masks/ISIC_0029409_segmentation.png
914,train,ISIC_0025749,images/ISIC_0025749.jpg,masks/ISIC_0025749_segmentation.png
915,train,ISIC_0033499,images/ISIC_0033499.jpg,masks/ISIC_0033499_segmentation.png
916,train,ISIC_0025807,images/ISIC_0025807.jpg,masks/ISIC_0025807_segmentation.png
917,train,ISIC_0033711,images/ISIC_0033711.jpg,masks/ISIC_0033711_segmentation.png
918,train,ISIC_0032769,images/ISIC_0032769.jpg,masks/ISIC_0032769_segmentation.png
919,train,ISIC_0024422,images/ISIC_0024422.jpg,masks/ISIC_0024422_segmentation.png
920,train,ISIC_0030777,images/ISIC_0030777.jpg,masks/ISIC_0030777_segmentation.png
921,train,ISIC_0026400,images/ISIC_0026400.jpg,masks/ISIC_0026400_segmentation.png
922,train,ISIC_0028792,images/ISIC_0028792.jpg,masks/ISIC_0028792_segmentation.png
923,train,ISIC_0029462,images/ISIC_0029462.jpg,masks/ISIC_0029462_segmentation.png
924,train,ISIC_0031129,images/ISIC_0031129.jpg,masks/ISIC_0031129_segmentation.png
925,train,ISIC_0029750,images/ISIC_0029750.jpg,masks/ISIC_0029750_segmentation.png
926,train,ISIC_0032252,images/ISIC_0032252.jpg,masks/ISIC_0032252_segmentation.png
927,train,ISIC_0024580,images/ISIC_0024580.jpg,masks/ISIC_0024580_segmentation.png
928,train,ISIC_0027974,images/ISIC_0027974.jpg,masks/ISIC_0027974_segmentation.png
929,train,ISIC_0028746,images/ISIC_0028746.jpg,masks/ISIC_0028746_segmentation.png
930,train,ISIC_0033149,images/ISIC_0033149.jpg,masks/ISIC_0033149_segmentation.png
931,train,ISIC_0030801,images/ISIC_0030801.jpg,masks/ISIC_0030801_segmentation.png
932,train,ISIC_0026783,images/ISIC_0026783.jpg,masks/ISIC_0026783_segmentation.png
933,train,ISIC_0031176,images/ISIC_0031176.jpg,masks/ISIC_0031176_segmentation.png
934,train,ISIC_0033224,images/ISIC_0033224.jpg,masks/ISIC_0033224_segmentation.png
935,train,ISIC_0031460,images/ISIC_0031460.jpg,masks/ISIC_0031460_segmentation.png
936,train,ISIC_0029761,images/ISIC_0029761.jpg,masks/ISIC_0029761_segmentation.png
937,train,ISIC_0031669,images/ISIC_0031669.jpg,masks/ISIC_0031669_segmentation.png
938,train,ISIC_0030823,images/ISIC_0030823.jpg,masks/ISIC_0030823_segmentation.png
939,train,ISIC_0030347,images/ISIC_0030347.jpg,masks/ISIC_0030347_segmentation.png
940,train,ISIC_0033227,images/ISIC_0033227.jpg,masks/ISIC_0033227_segmentation.png
941,train,ISIC_0025921,images/ISIC_0025921.jpg,masks/ISIC_0025921_segmentation.png
942,train,ISIC_0032143,images/ISIC_0032143.jpg,masks/ISIC_0032143_segmentation.png
943,train,ISIC_0027800,images/ISIC_0027800.jpg,masks/ISIC_0027800_segmentation.png
944,train,ISIC_0032979,images/ISIC_0032979.jpg,masks/ISIC_0032979_segmentation.png
945,train,ISIC_0031197,images/ISIC_0031197.jpg,masks/ISIC_0031197_segmentation.png
946,train,ISIC_0029648,images/ISIC_0029648.jpg,masks/ISIC_0029648_segmentation.png
947,train,ISIC_0025245,images/ISIC_0025245.jpg,masks/ISIC_0025245_segmentation.png
948,train,ISIC_0031568,images/ISIC_0031568.jpg,masks/ISIC_0031568_segmentation.png
949,train,ISIC_0029991,images/ISIC_0029991.jpg,masks/ISIC_0029991_segmentation.png
950,train,ISIC_0029158,images/ISIC_0029158.jpg,masks/ISIC_0029158_segmentation.png
951,train,ISIC_0030865,images/ISIC_0030865.jpg,masks/ISIC_0030865_segmentation.png
952,train,ISIC_0027537,images/ISIC_0027537.jpg,masks/ISIC_0027537_segmentation.png
953,train,ISIC_0032283,images/ISIC_0032283.jpg,masks/ISIC_0032283_segmentation.png
954,train,ISIC_0030108,images/ISIC_0030108.jpg,masks/ISIC_0030108_segmentation.png
955,train,ISIC_0033359,images/ISIC_0033359.jpg,masks/ISIC_0033359_segmentation.png
956,train,ISIC_0033009,images/ISIC_0033009.jpg,masks/ISIC_0033009_segmentation.png
957,train,ISIC_0028561,images/ISIC_0028561.jpg,masks/ISIC_0028561_segmentation.png
958,train,ISIC_0029572,images/ISIC_0029572.jpg,masks/ISIC_0029572_segmentation.png
959,train,ISIC_0028417,images/ISIC_0028417.jpg,masks/ISIC_0028417_segmentation.png
960,train,ISIC_0032536,images/ISIC_0032536.jpg,masks/ISIC_0032536_segmentation.png
961,train,ISIC_0033369,images/ISIC_0033369.jpg,masks/ISIC_0033369_segmentation.png
962,train,ISIC_0032929,images/ISIC_0032929.jpg,masks/ISIC_0032929_segmentation.png
963,train,ISIC_0026147,images/ISIC_0026147.jpg,masks/ISIC_0026147_segmentation.png
964,train,ISIC_0033151,images/ISIC_0033151.jpg,masks/ISIC_0033151_segmentation.png
965,train,ISIC_0030012,images/ISIC_0030012.jpg,masks/ISIC_0030012_segmentation.png
966,train,ISIC_0032141,images/ISIC_0032141.jpg,masks/ISIC_0032141_segmentation.png
967,train,ISIC_0025452,images/ISIC_0025452.jpg,masks/ISIC_0025452_segmentation.png
968,train,ISIC_0032632,images/ISIC_0032632.jpg,masks/ISIC_0032632_segmentation.png
969,train,ISIC_0033585,images/ISIC_0033585.jpg,masks/ISIC_0033585_segmentation.png
970,train,ISIC_0031546,images/ISIC_0031546.jpg,masks/ISIC_0031546_segmentation.png
971,train,ISIC_0026280,images/ISIC_0026280.jpg,masks/ISIC_0026280_segmentation.png
972,train,ISIC_0033024,images/ISIC_0033024.jpg,masks/ISIC_0033024_segmentation.png
973,train,ISIC_0033284,images/ISIC_0033284.jpg,masks/ISIC_0033284_segmentation.png
974,train,ISIC_0026309,images/ISIC_0026309.jpg,masks/ISIC_0026309_segmentation.png
975,train,ISIC_0029825,images/ISIC_0029825.jpg,masks/ISIC_0029825_segmentation.png
976,train,ISIC_0030599,images/ISIC_0030599.jpg,masks/ISIC_0030599_segmentation.png
977,train,ISIC_0032057,images/ISIC_0032057.jpg,masks/ISIC_0032057_segmentation.png
978,train,ISIC_0030582,images/ISIC_0030582.jpg,masks/ISIC_0030582_segmentation.png
979,train,ISIC_0029788,images/ISIC_0029788.jpg,masks/ISIC_0029788_segmentation.png
980,train,ISIC_0031549,images/ISIC_0031549.jpg,masks/ISIC_0031549_segmentation.png
981,train,ISIC_0028152,images/ISIC_0028152.jpg,masks/ISIC_0028152_segmentation.png
982,train,ISIC_0025092,images/ISIC_0025092.jpg,masks/ISIC_0025092_segmentation.png
983,train,ISIC_0033674,images/ISIC_0033674.jpg,masks/ISIC_0033674_segmentation.png
984,train,ISIC_0025453,images/ISIC_0025453.jpg,masks/ISIC_0025453_segmentation.png
985,train,ISIC_0025322,images/ISIC_0025322.jpg,masks/ISIC_0025322_segmentation.png
986,train,ISIC_0031136,images/ISIC_0031136.jpg,masks/ISIC_0031136_segmentation.png
987,train,ISIC_0032508,images/ISIC_0032508.jpg,masks/ISIC_0032508_segmentation.png
988,train,ISIC_0024545,images/ISIC_0024545.jpg,masks/ISIC_0024545_segmentation.png
989,train,ISIC_0028815,images/ISIC_0028815.jpg,masks/ISIC_0028815_segmentation.png
990,train,ISIC_0025192,images/ISIC_0025192.jpg,masks/ISIC_0025192_segmentation.png
991,train,ISIC_0027164,images/ISIC_0027164.jpg,masks/ISIC_0027164_segmentation.png
992,train,ISIC_0024740,images/ISIC_0024740.jpg,masks/ISIC_0024740_segmentation.png
993,train,ISIC_0031161,images/ISIC_0031161.jpg,masks/ISIC_0031161_segmentation.png
994,train,ISIC_0029664,images/ISIC_0029664.jpg,masks/ISIC_0029664_segmentation.png
995,train,ISIC_0026068,images/ISIC_0026068.jpg,masks/ISIC_0026068_segmentation.png
996,train,ISIC_0032425,images/ISIC_0032425.jpg,masks/ISIC_0032425_segmentation.png
997,train,ISIC_0030884,images/ISIC_0030884.jpg,masks/ISIC_0030884_segmentation.png
998,train,ISIC_0034125,images/ISIC_0034125.jpg,masks/ISIC_0034125_segmentation.png
999,train,ISIC_0027569,images/ISIC_0027569.jpg,masks/ISIC_0027569_segmentation.png
1000,train,ISIC_0028012,images/ISIC_0028012.jpg,masks/ISIC_0028012_segmentation.png
1001,train,ISIC_0033249,images/ISIC_0033249.jpg,masks/ISIC_0033249_segmentation.png
1002,train,ISIC_0028126,images/ISIC_0028126.jpg,masks/ISIC_0028126_segmentation.png
1003,train,ISIC_0032489,images/ISIC_0032489.jpg,masks/ISIC_0032489_segmentation.png
1004,train,ISIC_0027143,images/ISIC_0027143.jpg,masks/ISIC_0027143_segmentation.png
1005,train,ISIC_0030128,images/ISIC_0030128.jpg,masks/ISIC_0030128_segmentation.png
1006,train,ISIC_0029238,images/ISIC_0029238.jpg,masks/ISIC_0029238_segmentation.png
1007,train,ISIC_0031823,images/ISIC_0031823.jpg,masks/ISIC_0031823_segmentation.png
1008,train,ISIC_0026713,images/ISIC_0026713.jpg,masks/ISIC_0026713_segmentation.png
1009,train,ISIC_0029514,images/ISIC_0029514.jpg,masks/ISIC_0029514_segmentation.png
1010,train,ISIC_0024914,images/ISIC_0024914.jpg,masks/ISIC_0024914_segmentation.png
1011,train,ISIC_0030063,images/ISIC_0030063.jpg,masks/ISIC_0030063_segmentation.png
1012,train,ISIC_0028142,images/ISIC_0028142.jpg,masks/ISIC_0028142_segmentation.png
1013,train,ISIC_0030336,images/ISIC_0030336.jpg,masks/ISIC_0030336_segmentation.png
1014,train,ISIC_0030384,images/ISIC_0030384.jpg,masks/ISIC_0030384_segmentation.png
1015,train,ISIC_0025429,images/ISIC_0025429.jpg,masks/ISIC_0025429_segmentation.png
1016,train,ISIC_0030638,images/ISIC_0030638.jpg,masks/ISIC_0030638_segmentation.png
1017,train,ISIC_0028133,images/ISIC_0028133.jpg,masks/ISIC_0028133_segmentation.png
1018,train,ISIC_0028596,images/ISIC_0028596.jpg,masks/ISIC_0028596_segmentation.png
1019,train,ISIC_0029985,images/ISIC_0029985.jpg,masks/ISIC_0029985_segmentation.png
1020,train,ISIC_0025581,images/ISIC_0025581.jpg,masks/ISIC_0025581_segmentation.png
1021,train,ISIC_0032560,images/ISIC_0032560.jpg,masks/ISIC_0032560_segmentation.png
1022,train,ISIC_0032531,images/ISIC_0032531.jpg,masks/ISIC_0032531_segmentation.png
1023,train,ISIC_0031748,images/ISIC_0031748.jpg,masks/ISIC_0031748_segmentation.png
1024,train,ISIC_0024929,images/ISIC_0024929.jpg,masks/ISIC_0024929_segmentation.png
1025,train,ISIC_0026368,images/ISIC_0026368.jpg,masks/ISIC_0026368_segmentation.png
1026,train,ISIC_0026242,images/ISIC_0026242.jpg,masks/ISIC_0026242_segmentation.png
1027,train,ISIC_0025503,images/ISIC_0025503.jpg,masks/ISIC_0025503_segmentation.png
1028,train,ISIC_0033268,images/ISIC_0033268.jpg,masks/ISIC_0033268_segmentation.png
1029,train,ISIC_0033093,images/ISIC_0033093.jpg,masks/ISIC_0033093_segmentation.png
1030,train,ISIC_0025177,images/ISIC_0025177.jpg,masks/ISIC_0025177_segmentation.png
1031,train,ISIC_0028851,images/ISIC_0028851.jpg,masks/ISIC_0028851_segmentation.png
1032,train,ISIC_0028583,images/ISIC_0028583.jpg,masks/ISIC_0028583_segmentation.png
1033,train,ISIC_0028859,images/ISIC_0028859.jpg,masks/ISIC_0028859_segmentation.png
1034,train,ISIC_0027912,images/ISIC_0027912.jpg,masks/ISIC_0027912_segmentation.png
1035,train,ISIC_0032753,images/ISIC_0032753.jpg,masks/ISIC_0032753_segmentation.png
1036,train,ISIC_0025867,images/ISIC_0025867.jpg,masks/ISIC_0025867_segmentation.png
1037,train,ISIC_0028440,images/ISIC_0028440.jpg,masks/ISIC_0028440_segmentation.png
1038,train,ISIC_0027494,images/ISIC_0027494.jpg,masks/ISIC_0027494_segmentation.png
1039,train,ISIC_0026666,images/ISIC_0026666.jpg,masks/ISIC_0026666_segmentation.png
1040,train,ISIC_0033695,images/ISIC_0033695.jpg,masks/ISIC_0033695_segmentation.png
1041,train,ISIC_0030254,images/ISIC_0030254.jpg,masks/ISIC_0030254_segmentation.png
1042,train,ISIC_0031624,images/ISIC_0031624.jpg,masks/ISIC_0031624_segmentation.png
1043,train,ISIC_0024728,images/ISIC_0024728.jpg,masks/ISIC_0024728_segmentation.png
1044,train,ISIC_0031717,images/ISIC_0031717.jpg,masks/ISIC_0031717_segmentation.png
1045,train,ISIC_0031077,images/ISIC_0031077.jpg,masks/ISIC_0031077_segmentation.png
1046,train,ISIC_0027901,images/ISIC_0027901.jpg,masks/ISIC_0027901_segmentation.png
1047,train,ISIC_0027734,images/ISIC_0027734.jpg,masks/ISIC_0027734_segmentation.png
1048,train,ISIC_0026154,images/ISIC_0026154.jpg,masks/ISIC_0026154_segmentation.png
1049,train,ISIC_0033646,images/ISIC_0033646.jpg,masks/ISIC_0033646_segmentation.png
1050,train,ISIC_0033627,images/ISIC_0033627.jpg,masks/ISIC_0033627_segmentation.png
1051,train,ISIC_0027057,images/ISIC_0027057.jpg,masks/ISIC_0027057_segmentation.png
1052,train,ISIC_0031866,images/ISIC_0031866.jpg,masks/ISIC_0031866_segmentation.png
1053,train,ISIC_0031210,images/ISIC_0031210.jpg,masks/ISIC_0031210_segmentation.png
1054,train,ISIC_0026422,images/ISIC_0026422.jpg,masks/ISIC_0026422_segmentation.png
1055,train,ISIC_0030681,images/ISIC_0030681.jpg,masks/ISIC_0030681_segmentation.png
1056,train,ISIC_0024874,images/ISIC_0024874.jpg,masks/ISIC_0024874_segmentation.png
1057,train,ISIC_0030325,images/ISIC_0030325.jpg,masks/ISIC_0030325_segmentation.png
1058,train,ISIC_0025945,images/ISIC_0025945.jpg,masks/ISIC_0025945_segmentation.png
1059,train,ISIC_0033339,images/ISIC_0033339.jpg,masks/ISIC_0033339_segmentation.png
1060,train,ISIC_0026482,images/ISIC_0026482.jpg,masks/ISIC_0026482_segmentation.png
1061,train,ISIC_0029180,images/ISIC_0029180.jpg,masks/ISIC_0029180_segmentation.png
1062,train,ISIC_0028822,images/ISIC_0028822.jpg,masks/ISIC_0028822_segmentation.png
1063,train,ISIC_0028310,images/ISIC_0028310.jpg,masks/ISIC_0028310_segmentation.png
1064,train,ISIC_0031608,images/ISIC_0031608.jpg,masks/ISIC_0031608_segmentation.png
1065,train,ISIC_0031473,images/ISIC_0031473.jpg,masks/ISIC_0031473_segmentation.png
1066,train,ISIC_0032217,images/ISIC_0032217.jpg,masks/ISIC_0032217_segmentation.png
1067,train,ISIC_0031597,images/ISIC_0031597.jpg,masks/ISIC_0031597_segmentation.png
1068,train,ISIC_0033781,images/ISIC_0033781.jpg,masks/ISIC_0033781_segmentation.png
1069,train,ISIC_0025141,images/ISIC_0025141.jpg,masks/ISIC_0025141_segmentation.png
1070,train,ISIC_0032631,images/ISIC_0032631.jpg,masks/ISIC_0032631_segmentation.png
1071,train,ISIC_0029899,images/ISIC_0029899.jpg,masks/ISIC_0029899_segmentation.png
1072,train,ISIC_0024768,images/ISIC_0024768.jpg,masks/ISIC_0024768_segmentation.png
1073,train,ISIC_0033201,images/ISIC_0033201.jpg,masks/ISIC_0033201_segmentation.png
1074,train,ISIC_0032384,images/ISIC_0032384.jpg,masks/ISIC_0032384_segmentation.png
1075,train,ISIC_0024859,images/ISIC_0024859.jpg,masks/ISIC_0024859_segmentation.png
1076,train,ISIC_0026528,images/ISIC_0026528.jpg,masks/ISIC_0026528_segmentation.png
1077,train,ISIC_0032616,images/ISIC_0032616.jpg,masks/ISIC_0032616_segmentation.png
1078,train,ISIC_0025724,images/ISIC_0025724.jpg,masks/ISIC_0025724_segmentation.png
1079,train,ISIC_0028098,images/ISIC_0028098.jpg,masks/ISIC_0028098_segmentation.png
1080,train,ISIC_0030972,images/ISIC_0030972.jpg,masks/ISIC_0030972_segmentation.png
1081,train,ISIC_0028564,images/ISIC_0028564.jpg,masks/ISIC_0028564_segmentation.png
1082,train,ISIC_0031768,images/ISIC_0031768.jpg,masks/ISIC_0031768_segmentation.png
1083,train,ISIC_0030969,images/ISIC_0030969.jpg,masks/ISIC_0030969_segmentation.png
1084,train,ISIC_0029259,images/ISIC_0029259.jpg,masks/ISIC_0029259_segmentation.png
1085,train,ISIC_0032196,images/ISIC_0032196.jpg,masks/ISIC_0032196_segmentation.png
1086,train,ISIC_0027803,images/ISIC_0027803.jpg,masks/ISIC_0027803_segmentation.png
1087,train,ISIC_0024987,images/ISIC_0024987.jpg,masks/ISIC_0024987_segmentation.png
1088,train,ISIC_0029267,images/ISIC_0029267.jpg,masks/ISIC_0029267_segmentation.png
1089,train,ISIC_0029078,images/ISIC_0029078.jpg,masks/ISIC_0029078_segmentation.png
1090,train,ISIC_0031047,images/ISIC_0031047.jpg,masks/ISIC_0031047_segmentation.png
1091,train,ISIC_0026989,images/ISIC_0026989.jpg,masks/ISIC_0026989_segmentation.png
1092,train,ISIC_0025063,images/ISIC_0025063.jpg,masks/ISIC_0025063_segmentation.png
1093,train,ISIC_0033262,images/ISIC_0033262.jpg,masks/ISIC_0033262_segmentation.png
1094,train,ISIC_0025585,images/ISIC_0025585.jpg,masks/ISIC_0025585_segmentation.png
1095,train,ISIC_0027828,images/ISIC_0027828.jpg,masks/ISIC_0027828_segmentation.png
1096,train,ISIC_0033865,images/ISIC_0033865.jpg,masks/ISIC_0033865_segmentation.png
1097,train,ISIC_0032519,images/ISIC_0032519.jpg,masks/ISIC_0032519_segmentation.png
1098,train,ISIC_0025181,images/ISIC_0025181.jpg,masks/ISIC_0025181_segmentation.png
1099,train,ISIC_0032565,images/ISIC_0032565.jpg,masks/ISIC_0032565_segmentation.png
1100,train,ISIC_0024973,images/ISIC_0024973.jpg,masks/ISIC_0024973_segmentation.png
1101,train,ISIC_0027565,images/ISIC_0027565.jpg,masks/ISIC_0027565_segmentation.png
1102,train,ISIC_0031012,images/ISIC_0031012.jpg,masks/ISIC_0031012_segmentation.png
1103,train,ISIC_0033934,images/ISIC_0033934.jpg,masks/ISIC_0033934_segmentation.png
1104,train,ISIC_0024372,images/ISIC_0024372.jpg,masks/ISIC_0024372_segmentation.png
1105,train,ISIC_0028258,images/ISIC_0028258.jpg,masks/ISIC_0028258_segmentation.png
1106,train,ISIC_0033429,images/ISIC_0033429.jpg,masks/ISIC_0033429_segmentation.png
1107,train,ISIC_0029691,images/ISIC_0029691.jpg,masks/ISIC_0029691_segmentation.png
1108,train,ISIC_0030944,images/ISIC_0030944.jpg,masks/ISIC_0030944_segmentation.png
1109,train,ISIC_0032533,images/ISIC_0032533.jpg,masks/ISIC_0032533_segmentation.png
1110,train,ISIC_0033297,images/ISIC_0033297.jpg,masks/ISIC_0033297_segmentation.png
1111,train,ISIC_0025277,images/ISIC_0025277.jpg,masks/ISIC_0025277_segmentation.png
1112,train,ISIC_0024953,images/ISIC_0024953.jpg,masks/ISIC_0024953_segmentation.png
1113,train,ISIC_0030866,images/ISIC_0030866.jpg,masks/ISIC_0030866_segmentation.png
1114,train,ISIC_0030023,images/ISIC_0030023.jpg,masks/ISIC_0030023_segmentation.png
1115,train,ISIC_0031538,images/ISIC_0031538.jpg,masks/ISIC_0031538_segmentation.png
1116,train,ISIC_0029587,images/ISIC_0029587.jpg,masks/ISIC_0029587_segmentation.png
1117,train,ISIC_0030094,images/ISIC_0030094.jpg,masks/ISIC_0030094_segmentation.png
1118,train,ISIC_0028032,images/ISIC_0028032.jpg,masks/ISIC_0028032_segmentation.png
1119,train,ISIC_0028248,images/ISIC_0028248.jpg,masks/ISIC_0028248_segmentation.png
1120,train,ISIC_0032743,images/ISIC_0032743.jpg,masks/ISIC_0032743_segmentation.png
1121,train,ISIC_0025587,images/ISIC_0025587.jpg,masks/ISIC_0025587_segmentation.png
1122,train,ISIC_0027194,images/ISIC_0027194.jpg,masks/ISIC_0027194_segmentation.png
1123,train,ISIC_0029863,images/ISIC_0029863.jpg,masks/ISIC_0029863_segmentation.png
1124,train,ISIC_0030848,images/ISIC_0030848.jpg,masks/ISIC_0030848_segmentation.png
1125,train,ISIC_0032888,images/ISIC_0032888.jpg,masks/ISIC_0032888_segmentation.png
1126,train,ISIC_0028659,images/ISIC_0028659.jpg,masks/ISIC_0028659_segmentation.png
1127,train,ISIC_0033555,images/ISIC_0033555.jpg,masks/ISIC_0033555_segmentation.png
1128,train,ISIC_0032448,images/ISIC_0032448.jpg,masks/ISIC_0032448_segmentation.png
1129,train,ISIC_0030052,images/ISIC_0030052.jpg,masks/ISIC_0030052_segmentation.png
1130,train,ISIC_0028211,images/ISIC_0028211.jpg,masks/ISIC_0028211_segmentation.png
1131,train,ISIC_0027147,images/ISIC_0027147.jpg,masks/ISIC_0027147_segmentation.png
1132,train,ISIC_0030492,images/ISIC_0030492.jpg,masks/ISIC_0030492_segmentation.png
1133,train,ISIC_0027438,images/ISIC_0027438.jpg,masks/ISIC_0027438_segmentation.png
1134,train,ISIC_0030162,images/ISIC_0030162.jpg,masks/ISIC_0030162_segmentation.png
1135,train,ISIC_0026138,images/ISIC_0026138.jpg,masks/ISIC_0026138_segmentation.png
1136,train,ISIC_0033714,images/ISIC_0033714.jpg,masks/ISIC_0033714_segmentation.png
1137,train,ISIC_0033730,images/ISIC_0033730.jpg,masks/ISIC_0033730_segmentation.png
1138,train,ISIC_0034095,images/ISIC_0034095.jpg,masks/ISIC_0034095_segmentation.png
1139,train,ISIC_0031554,images/ISIC_0031554.jpg,masks/ISIC_0031554_segmentation.png
1140,train,ISIC_0033799,images/ISIC_0033799.jpg,masks/ISIC_0033799_segmentation.png
1141,train,ISIC_0030769,images/ISIC_0030769.jpg,masks/ISIC_0030769_segmentation.png
1142,train,ISIC_0032759,images/ISIC_0032759.jpg,masks/ISIC_0032759_segmentation.png
1143,train,ISIC_0029426,images/ISIC_0029426.jpg,masks/ISIC_0029426_segmentation.png
1144,train,ISIC_0024805,images/ISIC_0024805.jpg,masks/ISIC_0024805_segmentation.png
1145,train,ISIC_0030274,images/ISIC_0030274.jpg,masks/ISIC_0030274_segmentation.png
1146,train,ISIC_0031266,images/ISIC_0031266.jpg,masks/ISIC_0031266_segmentation.png
1147,train,ISIC_0025472,images/ISIC_0025472.jpg,masks/ISIC_0025472_segmentation.png
1148,train,ISIC_0027739,images/ISIC_0027739.jpg,masks/ISIC_0027739_segmentation.png
1149,train,ISIC_0028632,images/ISIC_0028632.jpg,masks/ISIC_0028632_segmentation.png
1150,train,ISIC_0034066,images/ISIC_0034066.jpg,masks/ISIC_0034066_segmentation.png
1151,train,ISIC_0027154,images/ISIC_0027154.jpg,masks/ISIC_0027154_segmentation.png
1152,train,ISIC_0030358,images/ISIC_0030358.jpg,masks/ISIC_0030358_segmentation.png
1153,train,ISIC_0029273,images/ISIC_0029273.jpg,masks/ISIC_0029273_segmentation.png
1154,train,ISIC_0025501,images/ISIC_0025501.jpg,masks/ISIC_0025501_segmentation.png
1155,train,ISIC_0032755,images/ISIC_0032755.jpg,masks/ISIC_0032755_segmentation.png
1156,train,ISIC_0032231,images/ISIC_0032231.jpg,masks/ISIC_0032231_segmentation.png
1157,train,ISIC_0032983,images/ISIC_0032983.jpg,masks/ISIC_0032983_segmentation.png
1158,train,ISIC_0029133,images/ISIC_0029133.jpg,masks/ISIC_0029133_segmentation.png
1159,train,ISIC_0024715,images/ISIC_0024715.jpg,masks/ISIC_0024715_segmentation.png
1160,train,ISIC_0029447,images/ISIC_0029447.jpg,masks/ISIC_0029447_segmentation.png
1161,train,ISIC_0025957,images/ISIC_0025957.jpg,masks/ISIC_0025957_segmentation.png
1162,train,ISIC_0025171,images/ISIC_0025171.jpg,masks/ISIC_0025171_segmentation.png
1163,train,ISIC_0028926,images/ISIC_0028926.jpg,masks/ISIC_0028926_segmentation.png
1164,train,ISIC_0027397,images/ISIC_0027397.jpg,masks/ISIC_0027397_segmentation.png
1165,train,ISIC_0031897,images/ISIC_0031897.jpg,masks/ISIC_0031897_segmentation.png
1166,train,ISIC_0031799,images/ISIC_0031799.jpg,masks/ISIC_0031799_segmentation.png
1167,train,ISIC_0031358,images/ISIC_0031358.jpg,masks/ISIC_0031358_segmentation.png
1168,train,ISIC_0028235,images/ISIC_0028235.jpg,masks/ISIC_0028235_segmentation.png
1169,train,ISIC_0026596,images/ISIC_0026596.jpg,masks/ISIC_0026596_segmentation.png
1170,train,ISIC_0028488,images/ISIC_0028488.jpg,masks/ISIC_0028488_segmentation.png
1171,train,ISIC_0026295,images/ISIC_0026295.jpg,masks/ISIC_0026295_segmentation.png
1172,train,ISIC_0024793,images/ISIC_0024793.jpg,masks/ISIC_0024793_segmentation.png
1173,train,ISIC_0029661,images/ISIC_0029661.jpg,masks/ISIC_0029661_segmentation.png
1174,train,ISIC_0031843,images/ISIC_0031843.jpg,masks/ISIC_0031843_segmentation.png
1175,train,ISIC_0029332,images/ISIC_0029332.jpg,masks/ISIC_0029332_segmentation.png
1176,train,ISIC_0025917,images/ISIC_0025917.jpg,masks/ISIC_0025917_segmentation.png
1177,train,ISIC_0025609,images/ISIC_0025609.jpg,masks/ISIC_0025609_segmentation.png
1178,train,ISIC_0025951,images/ISIC_0025951.jpg,masks/ISIC_0025951_segmentation.png
1179,train,ISIC_0033534,images/ISIC_0033534.jpg,masks/ISIC_0033534_segmentation.png
1180,train,ISIC_0024348,images/ISIC_0024348.jpg,masks/ISIC_0024348_segmentation.png
1181,train,ISIC_0026880,images/ISIC_0026880.jpg,masks/ISIC_0026880_segmentation.png
1182,train,ISIC_0031067,images/ISIC_0031067.jpg,masks/ISIC_0031067_segmentation.png
1183,train,ISIC_0034184,images/ISIC_0034184.jpg,masks/ISIC_0034184_segmentation.png
1184,train,ISIC_0029545,images/ISIC_0029545.jpg,masks/ISIC_0029545_segmentation.png
1185,train,ISIC_0032998,images/ISIC_0032998.jpg,masks/ISIC_0032998_segmentation.png
1186,train,ISIC_0027818,images/ISIC_0027818.jpg,masks/ISIC_0027818_segmentation.png
1187,train,ISIC_0027866,images/ISIC_0027866.jpg,masks/ISIC_0027866_segmentation.png
1188,train,ISIC_0034058,images/ISIC_0034058.jpg,masks/ISIC_0034058_segmentation.png
1189,train,ISIC_0028642,images/ISIC_0028642.jpg,masks/ISIC_0028642_segmentation.png
1190,train,ISIC_0026875,images/ISIC_0026875.jpg,masks/ISIC_0026875_segmentation.png
1191,train,ISIC_0032852,images/ISIC_0032852.jpg,masks/ISIC_0032852_segmentation.png
1192,train,ISIC_0032802,images/ISIC_0032802.jpg,masks/ISIC_0032802_segmentation.png
1193,train,ISIC_0034215,images/ISIC_0034215.jpg,masks/ISIC_0034215_segmentation.png
1194,train,ISIC_0029438,images/ISIC_0029438.jpg,masks/ISIC_0029438_segmentation.png
1195,train,ISIC_0028520,images/ISIC_0028520.jpg,masks/ISIC_0028520_segmentation.png
1196,train,ISIC_0027563,images/ISIC_0027563.jpg,masks/ISIC_0027563_segmentation.png
1197,train,ISIC_0028937,images/ISIC_0028937.jpg,masks/ISIC_0028937_segmentation.png
1198,train,ISIC_0027376,images/ISIC_0027376.jpg,masks/ISIC_0027376_segmentation.png
1199,train,ISIC_0027196,images/ISIC_0027196.jpg,masks/ISIC_0027196_segmentation.png
1200,train,ISIC_0026143,images/ISIC_0026143.jpg,masks/ISIC_0026143_segmentation.png
1201,train,ISIC_0029768,images/ISIC_0029768.jpg,masks/ISIC_0029768_segmentation.png
1202,train,ISIC_0032253,images/ISIC_0032253.jpg,masks/ISIC_0032253_segmentation.png
1203,train,ISIC_0030542,images/ISIC_0030542.jpg,masks/ISIC_0030542_segmentation.png
1204,train,ISIC_0027222,images/ISIC_0027222.jpg,masks/ISIC_0027222_segmentation.png
1205,train,ISIC_0032630,images/ISIC_0032630.jpg,masks/ISIC_0032630_segmentation.png
1206,train,ISIC_0030979,images/ISIC_0030979.jpg,masks/ISIC_0030979_segmentation.png
1207,train,ISIC_0031019,images/ISIC_0031019.jpg,masks/ISIC_0031019_segmentation.png
1208,train,ISIC_0033622,images/ISIC_0033622.jpg,masks/ISIC_0033622_segmentation.png
1209,train,ISIC_0028416,images/ISIC_0028416.jpg,masks/ISIC_0028416_segmentation.png
1210,train,ISIC_0030970,images/ISIC_0030970.jpg,masks/ISIC_0030970_segmentation.png
1211,train,ISIC_0030887,images/ISIC_0030887.jpg,masks/ISIC_0030887_segmentation.png
1212,train,ISIC_0024405,images/ISIC_0024405.jpg,masks/ISIC_0024405_segmentation.png
1213,train,ISIC_0031709,images/ISIC_0031709.jpg,masks/ISIC_0031709_segmentation.png
1214,train,ISIC_0034241,images/ISIC_0034241.jpg,masks/ISIC_0034241_segmentation.png
1215,train,ISIC_0028287,images/ISIC_0028287.jpg,masks/ISIC_0028287_segmentation.png
1216,train,ISIC_0024572,images/ISIC_0024572.jpg,masks/ISIC_0024572_segmentation.png
1217,train,ISIC_0030737,images/ISIC_0030737.jpg,masks/ISIC_0030737_segmentation.png
1218,train,ISIC_0033605,images/ISIC_0033605.jpg,masks/ISIC_0033605_segmentation.png
1219,train,ISIC_0033760,images/ISIC_0033760.jpg,masks/ISIC_0033760_segmentation.png
1220,train,ISIC_0027748,images/ISIC_0027748.jpg,masks/ISIC_0027748_segmentation.png
1221,train,ISIC_0025041,images/ISIC_0025041.jpg,masks/ISIC_0025041_segmentation.png
1222,train,ISIC_0027338,images/ISIC_0027338.jpg,masks/ISIC_0027338_segmentation.png
1223,train,ISIC_0030394,images/ISIC_0030394.jpg,masks/ISIC_0030394_segmentation.png
1224,train,ISIC_0030669,images/ISIC_0030669.jpg,masks/ISIC_0030669_segmentation.png
1225,train,ISIC_0029037,images/ISIC_0029037.jpg,masks/ISIC_0029037_segmentation.png
1226,train,ISIC_0029048,images/ISIC_0029048.jpg,masks/ISIC_0029048_segmentation.png
1227,train,ISIC_0024592,images/ISIC_0024592.jpg,masks/ISIC_0024592_segmentation.png
1228,train,ISIC_0025879,images/ISIC_0025879.jpg,masks/ISIC_0025879_segmentation.png
1229,train,ISIC_0034093,images/ISIC_0034093.jpg,masks/ISIC_0034093_segmentation.png
1230,train,ISIC_0027377,images/ISIC_0027377.jpg,masks/ISIC_0027377_segmentation.png
1231,train,ISIC_0028207,images/ISIC_0028207.jpg,masks/ISIC_0028207_segmentation.png
1232,train,ISIC_0031907,images/ISIC_0031907.jpg,masks/ISIC_0031907_segmentation.png
1233,train,ISIC_0026083,images/ISIC_0026083.jpg,masks/ISIC_0026083_segmentation.png
1234,train,ISIC_0033586,images/ISIC_0033586.jpg,masks/ISIC_0033586_segmentation.png
1235,train,ISIC_0032342,images/ISIC_0032342.jpg,masks/ISIC_0032342_segmentation.png
1236,train,ISIC_0024792,images/ISIC_0024792.jpg,masks/ISIC_0024792_segmentation.png
1237,train,ISIC_0029176,images/ISIC_0029176.jpg,masks/ISIC_0029176_segmentation.png
1238,train,ISIC_0028660,images/ISIC_0028660.jpg,masks/ISIC_0028660_segmentation.png
1239,train,ISIC_0032691,images/ISIC_0032691.jpg,masks/ISIC_0032691_segmentation.png
1240,train,ISIC_0026998,images/ISIC_0026998.jpg,masks/ISIC_0026998_segmentation.png
1241,train,ISIC_0029804,images/ISIC_0029804.jpg,masks/ISIC_0029804_segmentation.png
1242,train,ISIC_0029656,images/ISIC_0029656.jpg,masks/ISIC_0029656_segmentation.png
1243,train,ISIC_0034261,images/ISIC_0034261.jpg,masks/ISIC_0034261_segmentation.png
1244,train,ISIC_0026105,images/ISIC_0026105.jpg,masks/ISIC_0026105_segmentation.png
1245,train,ISIC_0024980,images/ISIC_0024980.jpg,masks/ISIC_0024980_segmentation.png
1246,train,ISIC_0033379,images/ISIC_0033379.jpg,masks/ISIC_0033379_segmentation.png
1247,train,ISIC_0031972,images/ISIC_0031972.jpg,masks/ISIC_0031972_segmentation.png
1248,train,ISIC_0032468,images/ISIC_0032468.jpg,masks/ISIC_0032468_segmentation.png
1249,train,ISIC_0034310,images/ISIC_0034310.jpg,masks/ISIC_0034310_segmentation.png
1250,train,ISIC_0030791,images/ISIC_0030791.jpg,masks/ISIC_0030791_segmentation.png
1251,train,ISIC_0027794,images/ISIC_0027794.jpg,masks/ISIC_0027794_segmentation.png
1252,train,ISIC_0028608,images/ISIC_0028608.jpg,masks/ISIC_0028608_segmentation.png
1253,train,ISIC_0025378,images/ISIC_0025378.jpg,masks/ISIC_0025378_segmentation.png
1254,train,ISIC_0028918,images/ISIC_0028918.jpg,masks/ISIC_0028918_segmentation.png
1255,train,ISIC_0033732,images/ISIC_0033732.jpg,masks/ISIC_0033732_segmentation.png
1256,train,ISIC_0024599,images/ISIC_0024599.jpg,masks/ISIC_0024599_segmentation.png
1257,train,ISIC_0029808,images/ISIC_0029808.jpg,masks/ISIC_0029808_segmentation.png
1258,train,ISIC_0024454,images/ISIC_0024454.jpg,masks/ISIC_0024454_segmentation.png
1259,train,ISIC_0028107,images/ISIC_0028107.jpg,masks/ISIC_0028107_segmentation.png
1260,train,ISIC_0034099,images/ISIC_0034099.jpg,masks/ISIC_0034099_segmentation.png
1261,train,ISIC_0025447,images/ISIC_0025447.jpg,masks/ISIC_0025447_segmentation.png
1262,train,ISIC_0034191,images/ISIC_0034191.jpg,masks/ISIC_0034191_segmentation.png
1263,train,ISIC_0028447,images/ISIC_0028447.jpg,masks/ISIC_0028447_segmentation.png
1264,train,ISIC_0027815,images/ISIC_0027815.jpg,masks/ISIC_0027815_segmentation.png
1265,train,ISIC_0032679,images/ISIC_0032679.jpg,masks/ISIC_0032679_segmentation.png
1266,train,ISIC_0024478,images/ISIC_0024478.jpg,masks/ISIC_0024478_segmentation.png
1267,train,ISIC_0025663,images/ISIC_0025663.jpg,masks/ISIC_0025663_segmentation.png
1268,train,ISIC_0028495,images/ISIC_0028495.jpg,masks/ISIC_0028495_segmentation.png
1269,train,ISIC_0028117,images/ISIC_0028117.jpg,masks/ISIC_0028117_segmentation.png
1270,train,ISIC_0030076,images/ISIC_0030076.jpg,masks/ISIC_0030076_segmentation.png
1271,train,ISIC_0029791,images/ISIC_0029791.jpg,masks/ISIC_0029791_segmentation.png
1272,train,ISIC_0033997,images/ISIC_0033997.jpg,masks/ISIC_0033997_segmentation.png
1273,train,ISIC_0028102,images/ISIC_0028102.jpg,masks/ISIC_0028102_segmentation.png
1274,train,ISIC_0029171,images/ISIC_0029171.jpg,masks/ISIC_0029171_segmentation.png
1275,train,ISIC_0026592,images/ISIC_0026592.jpg,masks/ISIC_0026592_segmentation.png
1276,train,ISIC_0031354,images/ISIC_0031354.jpg,masks/ISIC_0031354_segmentation.png
1277,train,ISIC_0032265,images/ISIC_0032265.jpg,masks/ISIC_0032265_segmentation.png
1278,train,ISIC_0025604,images/ISIC_0025604.jpg,masks/ISIC_0025604_segmentation.png
1279,train,ISIC_0025000,images/ISIC_0025000.jpg,masks/ISIC_0025000_segmentation.png
1280,train,ISIC_0030021,images/ISIC_0030021.jpg,masks/ISIC_0030021_segmentation.png
1281,train,ISIC_0028630,images/ISIC_0028630.jpg,masks/ISIC_0028630_segmentation.png
1282,train,ISIC_0025329,images/ISIC_0025329.jpg,masks/ISIC_0025329_segmentation.png
1283,train,ISIC_0031584,images/ISIC_0031584.jpg,masks/ISIC_0031584_segmentation.png
1284,train,ISIC_0031367,images/ISIC_0031367.jpg,masks/ISIC_0031367_segmentation.png
1285,train,ISIC_0029703,images/ISIC_0029703.jpg,masks/ISIC_0029703_segmentation.png
1286,train,ISIC_0030119,images/ISIC_0030119.jpg,masks/ISIC_0030119_segmentation.png
1287,train,ISIC_0033152,images/ISIC_0033152.jpg,masks/ISIC_0033152_segmentation.png
1288,train,ISIC_0027431,images/ISIC_0027431.jpg,masks/ISIC_0027431_segmentation.png
1289,train,ISIC_0028947,images/ISIC_0028947.jpg,masks/ISIC_0028947_segmentation.png
1290,train,ISIC_0027292,images/ISIC_0027292.jpg,masks/ISIC_0027292_segmentation.png
1291,train,ISIC_0027784,images/ISIC_0027784.jpg,masks/ISIC_0027784_segmentation.png
1292,train,ISIC_0027324,images/ISIC_0027324.jpg,masks/ISIC_0027324_segmentation.png
1293,train,ISIC_0029869,images/ISIC_0029869.jpg,masks/ISIC_0029869_segmentation.png
1294,train,ISIC_0028985,images/ISIC_0028985.jpg,masks/ISIC_0028985_segmentation.png
1295,train,ISIC_0026908,images/ISIC_0026908.jpg,masks/ISIC_0026908_segmentation.png
1296,train,ISIC_0029657,images/ISIC_0029657.jpg,masks/ISIC_0029657_segmentation.png
1297,train,ISIC_0029896,images/ISIC_0029896.jpg,masks/ISIC_0029896_segmentation.png
1298,train,ISIC_0026409,images/ISIC_0026409.jpg,masks/ISIC_0026409_segmentation.png
1299,train,ISIC_0030538,images/ISIC_0030538.jpg,masks/ISIC_0030538_segmentation.png
1300,train,ISIC_0033739,images/ISIC_0033739.jpg,masks/ISIC_0033739_segmentation.png
1301,train,ISIC_0026653,images/ISIC_0026653.jpg,masks/ISIC_0026653_segmentation.png
1302,train,ISIC_0027457,images/ISIC_0027457.jpg,masks/ISIC_0027457_segmentation.png
1303,train,ISIC_0032232,images/ISIC_0032232.jpg,masks/ISIC_0032232_segmentation.png
1304,train,ISIC_0032651,images/ISIC_0032651.jpg,masks/ISIC_0032651_segmentation.png
1305,train,ISIC_0029526,images/ISIC_0029526.jpg,masks/ISIC_0029526_segmentation.png
1306,train,ISIC_0030521,images/ISIC_0030521.jpg,masks/ISIC_0030521_segmentation.png
1307,train,ISIC_0033675,images/ISIC_0033675.jpg,masks/ISIC_0033675_segmentation.png
1308,train,ISIC_0029565,images/ISIC_0029565.jpg,masks/ISIC_0029565_segmentation.png
1309,train,ISIC_0031962,images/ISIC_0031962.jpg,masks/ISIC_0031962_segmentation.png
1310,train,ISIC_0031666,images/ISIC_0031666.jpg,masks/ISIC_0031666_segmentation.png
1311,train,ISIC_0026456,images/ISIC_0026456.jpg,masks/ISIC_0026456_segmentation.png
1312,train,ISIC_0027200,images/ISIC_0027200.jpg,masks/ISIC_0027200_segmentation.png
1313,train,ISIC_0026313,images/ISIC_0026313.jpg,masks/ISIC_0026313_segmentation.png
1314,train,ISIC_0033111,images/ISIC_0033111.jpg,masks/ISIC_0033111_segmentation.png
1315,train,ISIC_0024979,images/ISIC_0024979.jpg,masks/ISIC_0024979_segmentation.png
1316,train,ISIC_0028904,images/ISIC_0028904.jpg,masks/ISIC_0028904_segmentation.png
1317,train,ISIC_0029508,images/ISIC_0029508.jpg,masks/ISIC_0029508_segmentation.png
1318,train,ISIC_0032171,images/ISIC_0032171.jpg,masks/ISIC_0032171_segmentation.png
1319,train,ISIC_0031934,images/ISIC_0031934.jpg,masks/ISIC_0031934_segmentation.png
1320,train,ISIC_0032255,images/ISIC_0032255.jpg,masks/ISIC_0032255_segmentation.png
1321,train,ISIC_0028500,images/ISIC_0028500.jpg,masks/ISIC_0028500_segmentation.png
1322,train,ISIC_0025426,images/ISIC_0025426.jpg,masks/ISIC_0025426_segmentation.png
1323,train,ISIC_0031659,images/ISIC_0031659.jpg,masks/ISIC_0031659_segmentation.png
1324,train,ISIC_0029169,images/ISIC_0029169.jpg,masks/ISIC_0029169_segmentation.png
1325,train,ISIC_0027368,images/ISIC_0027368.jpg,masks/ISIC_0027368_segmentation.png
1326,train,ISIC_0028900,images/ISIC_0028900.jpg,masks/ISIC_0028900_segmentation.png
1327,train,ISIC_0031384,images/ISIC_0031384.jpg,masks/ISIC_0031384_segmentation.png
1328,train,ISIC_0025455,images/ISIC_0025455.jpg,masks/ISIC_0025455_segmentation.png
1329,train,ISIC_0028580,images/ISIC_0028580.jpg,masks/ISIC_0028580_segmentation.png
1330,train,ISIC_0026216,images/ISIC_0026216.jpg,masks/ISIC_0026216_segmentation.png
1331,train,ISIC_0031066,images/ISIC_0031066.jpg,masks/ISIC_0031066_segmentation.png
1332,train,ISIC_0025013,images/ISIC_0025013.jpg,masks/ISIC_0025013_segmentation.png
1333,train,ISIC_0027639,images/ISIC_0027639.jpg,masks/ISIC_0027639_segmentation.png
1334,train,ISIC_0028460,images/ISIC_0028460.jpg,masks/ISIC_0028460_segmentation.png
1335,train,ISIC_0025411,images/ISIC_0025411.jpg,masks/ISIC_0025411_segmentation.png
1336,train,ISIC_0029477,images/ISIC_0029477.jpg,masks/ISIC_0029477_segmentation.png
1337,train,ISIC_0028223,images/ISIC_0028223.jpg,masks/ISIC_0028223_segmentation.png
1338,train,ISIC_0025994,images/ISIC_0025994.jpg,masks/ISIC_0025994_segmentation.png
1339,train,ISIC_0026888,images/ISIC_0026888.jpg,masks/ISIC_0026888_segmentation.png
1340,train,ISIC_0030328,images/ISIC_0030328.jpg,masks/ISIC_0030328_segmentation.png
1341,train,ISIC_0025502,images/ISIC_0025502.jpg,masks/ISIC_0025502_segmentation.png
1342,train,ISIC_0027123,images/ISIC_0027123.jpg,masks/ISIC_0027123_segmentation.png
1343,train,ISIC_0028848,images/ISIC_0028848.jpg,masks/ISIC_0028848_segmentation.png
1344,train,ISIC_0028182,images/ISIC_0028182.jpg,masks/ISIC_0028182_segmentation.png
1345,train,ISIC_0030640,images/ISIC_0030640.jpg,masks/ISIC_0030640_segmentation.png
1346,train,ISIC_0030239,images/ISIC_0030239.jpg,masks/ISIC_0030239_segmentation.png
1347,train,ISIC_0033839,images/ISIC_0033839.jpg,masks/ISIC_0033839_segmentation.png
1348,train,ISIC_0031895,images/ISIC_0031895.jpg,masks/ISIC_0031895_segmentation.png
1349,train,ISIC_0031965,images/ISIC_0031965.jpg,masks/ISIC_0031965_segmentation.png
1350,train,ISIC_0024830,images/ISIC_0024830.jpg,masks/ISIC_0024830_segmentation.png
1351,train,ISIC_0029229,images/ISIC_0029229.jpg,masks/ISIC_0029229_segmentation.png
1352,train,ISIC_0024942,images/ISIC_0024942.jpg,masks/ISIC_0024942_segmentation.png
1353,train,ISIC_0025395,images/ISIC_0025395.jpg,masks/ISIC_0025395_segmentation.png
1354,train,ISIC_0032964,images/ISIC_0032964.jpg,masks/ISIC_0032964_segmentation.png
1355,train,ISIC_0032875,images/ISIC_0032875.jpg,masks/ISIC_0032875_segmentation.png
1356,train,ISIC_0025176,images/ISIC_0025176.jpg,masks/ISIC_0025176_segmentation.png
1357,train,ISIC_0029895,images/ISIC_0029895.jpg,masks/ISIC_0029895_segmentation.png
1358,train,ISIC_0024638,images/ISIC_0024638.jpg,masks/ISIC_0024638_segmentation.png
1359,train,ISIC_0031350,images/ISIC_0031350.jpg,masks/ISIC_0031350_segmentation.png
1360,train,ISIC_0032352,images/ISIC_0032352.jpg,masks/ISIC_0032352_segmentation.png
1361,train,ISIC_0032412,images/ISIC_0032412.jpg,masks/ISIC_0032412_segmentation.png
1362,train,ISIC_0034021,images/ISIC_0034021.jpg,masks/ISIC_0034021_segmentation.png
1363,train,ISIC_0028498,images/ISIC_0028498.jpg,masks/ISIC_0028498_segmentation.png
1364,train,ISIC_0030986,images/ISIC_0030986.jpg,masks/ISIC_0030986_segmentation.png
1365,train,ISIC_0032895,images/ISIC_0032895.jpg,masks/ISIC_0032895_segmentation.png
1366,train,ISIC_0033243,images/ISIC_0033243.jpg,masks/ISIC_0033243_segmentation.png
1367,train,ISIC_0030610,images/ISIC_0030610.jpg,masks/ISIC_0030610_segmentation.png
1368,train,ISIC_0030139,images/ISIC_0030139.jpg,masks/ISIC_0030139_segmentation.png
1369,train,ISIC_0033550,images/ISIC_0033550.jpg,masks/ISIC_0033550_segmentation.png
1370,train,ISIC_0028579,images/ISIC_0028579.jpg,masks/ISIC_0028579_segmentation.png
1371,train,ISIC_0029952,images/ISIC_0029952.jpg,masks/ISIC_0029952_segmentation.png
1372,train,ISIC_0025687,images/ISIC_0025687.jpg,masks/ISIC_0025687_segmentation.png
1373,train,ISIC_0027444,images/ISIC_0027444.jpg,masks/ISIC_0027444_segmentation.png
1374,train,ISIC_0032758,images/ISIC_0032758.jpg,masks/ISIC_0032758_segmentation.png
1375,train,ISIC_0030470,images/ISIC_0030470.jpg,masks/ISIC_0030470_segmentation.png
1376,train,ISIC_0030097,images/ISIC_0030097.jpg,masks/ISIC_0030097_segmentation.png
1377,train,ISIC_0028887,images/ISIC_0028887.jpg,masks/ISIC_0028887_segmentation.png
1378,train,ISIC_0025417,images/ISIC_0025417.jpg,masks/ISIC_0025417_segmentation.png
1379,train,ISIC_0032821,images/ISIC_0032821.jpg,masks/ISIC_0032821_segmentation.png
1380,train,ISIC_0032843,images/ISIC_0032843.jpg,masks/ISIC_0032843_segmentation.png
1381,train,ISIC_0027712,images/ISIC_0027712.jpg,masks/ISIC_0027712_segmentation.png
1382,train,ISIC_0027109,images/ISIC_0027109.jpg,masks/ISIC_0027109_segmentation.png
1383,train,ISIC_0029143,images/ISIC_0029143.jpg,masks/ISIC_0029143_segmentation.png
1384,train,ISIC_0027878,images/ISIC_0027878.jpg,masks/ISIC_0027878_segmentation.png
1385,train,ISIC_0029031,images/ISIC_0029031.jpg,masks/ISIC_0029031_segmentation.png
1386,train,ISIC_0029007,images/ISIC_0029007.jpg,masks/ISIC_0029007_segmentation.png
1387,train,ISIC_0031963,images/ISIC_0031963.jpg,masks/ISIC_0031963_segmentation.png
1388,train,ISIC_0026804,images/ISIC_0026804.jpg,masks/ISIC_0026804_segmentation.png
1389,train,ISIC_0029531,images/ISIC_0029531.jpg,masks/ISIC_0029531_segmentation.png
1390,train,ISIC_0025928,images/ISIC_0025928.jpg,masks/ISIC_0025928_segmentation.png
1391,train,ISIC_0028547,images/ISIC_0028547.jpg,masks/ISIC_0028547_segmentation.png
1392,train,ISIC_0025113,images/ISIC_0025113.jpg,masks/ISIC_0025113_segmentation.png
1393,train,ISIC_0032945,images/ISIC_0032945.jpg,masks/ISIC_0032945_segmentation.png
1394,train,ISIC_0031110,images/ISIC_0031110.jpg,masks/ISIC_0031110_segmentation.png
1395,train,ISIC_0026209,images/ISIC_0026209.jpg,masks/ISIC_0026209_segmentation.png
1396,train,ISIC_0033523,images/ISIC_0033523.jpg,masks/ISIC_0033523_segmentation.png
1397,train,ISIC_0025572,images/ISIC_0025572.jpg,masks/ISIC_0025572_segmentation.png
1398,train,ISIC_0033371,images/ISIC_0033371.jpg,masks/ISIC_0033371_segmentation.png
1399,train,ISIC_0028872,images/ISIC_0028872.jpg,masks/ISIC_0028872_segmentation.png
1400,train,ISIC_0033742,images/ISIC_0033742.jpg,masks/ISIC_0033742_segmentation.png
1401,train,ISIC_0025657,images/ISIC_0025657.jpg,masks/ISIC_0025657_segmentation.png
1402,train,ISIC_0032770,images/ISIC_0032770.jpg,masks/ISIC_0032770_segmentation.png
1403,train,ISIC_0030495,images/ISIC_0030495.jpg,masks/ISIC_0030495_segmentation.png
1404,train,ISIC_0032980,images/ISIC_0032980.jpg,masks/ISIC_0032980_segmentation.png
1405,train,ISIC_0027404,images/ISIC_0027404.jpg,masks/ISIC_0027404_segmentation.png
1406,train,ISIC_0032558,images/ISIC_0032558.jpg,masks/ISIC_0032558_segmentation.png
1407,train,ISIC_0025686,images/ISIC_0025686.jpg,masks/ISIC_0025686_segmentation.png
1408,train,ISIC_0027003,images/ISIC_0027003.jpg,masks/ISIC_0027003_segmentation.png
1409,train,ISIC_0033237,images/ISIC_0033237.jpg,masks/ISIC_0033237_segmentation.png
1410,train,ISIC_0033701,images/ISIC_0033701.jpg,masks/ISIC_0033701_segmentation.png
1411,train,ISIC_0033576,images/ISIC_0033576.jpg,masks/ISIC_0033576_segmentation.png
1412,train,ISIC_0025675,images/ISIC_0025675.jpg,masks/ISIC_0025675_segmentation.png
1413,train,ISIC_0024392,images/ISIC_0024392.jpg,masks/ISIC_0024392_segmentation.png
1414,train,ISIC_0025710,images/ISIC_0025710.jpg,masks/ISIC_0025710_segmentation.png
1415,train,ISIC_0026125,images/ISIC_0026125.jpg,masks/ISIC_0026125_segmentation.png
1416,train,ISIC_0025145,images/ISIC_0025145.jpg,masks/ISIC_0025145_segmentation.png
1417,train,ISIC_0032316,images/ISIC_0032316.jpg,masks/ISIC_0032316_segmentation.png
1418,train,ISIC_0029039,images/ISIC_0029039.jpg,masks/ISIC_0029039_segmentation.png
1419,train,ISIC_0024623,images/ISIC_0024623.jpg,masks/ISIC_0024623_segmentation.png
1420,train,ISIC_0026753,images/ISIC_0026753.jpg,masks/ISIC_0026753_segmentation.png
1421,train,ISIC_0031309,images/ISIC_0031309.jpg,masks/ISIC_0031309_segmentation.png
1422,train,ISIC_0028232,images/ISIC_0028232.jpg,masks/ISIC_0028232_segmentation.png
1423,train,ISIC_0028214,images/ISIC_0028214.jpg,masks/ISIC_0028214_segmentation.png
1424,train,ISIC_0031901,images/ISIC_0031901.jpg,masks/ISIC_0031901_segmentation.png
1425,train,ISIC_0028911,images/ISIC_0028911.jpg,masks/ISIC_0028911_segmentation.png
1426,train,ISIC_0030703,images/ISIC_0030703.jpg,masks/ISIC_0030703_segmentation.png
1427,train,ISIC_0031736,images/ISIC_0031736.jpg,masks/ISIC_0031736_segmentation.png
1428,train,ISIC_0027217,images/ISIC_0027217.jpg,masks/ISIC_0027217_segmentation.png
1429,train,ISIC_0028116,images/ISIC_0028116.jpg,masks/ISIC_0028116_segmentation.png
1430,train,ISIC_0030672,images/ISIC_0030672.jpg,masks/ISIC_0030672_segmentation.png
1431,train,ISIC_0030609,images/ISIC_0030609.jpg,masks/ISIC_0030609_segmentation.png
1432,train,ISIC_0030088,images/ISIC_0030088.jpg,masks/ISIC_0030088_segmentation.png
1433,train,ISIC_0031011,images/ISIC_0031011.jpg,masks/ISIC_0031011_segmentation.png
1434,train,ISIC_0030144,images/ISIC_0030144.jpg,masks/ISIC_0030144_segmentation.png
1435,train,ISIC_0033503,images/ISIC_0033503.jpg,masks/ISIC_0033503_segmentation.png
1436,train,ISIC_0031450,images/ISIC_0031450.jpg,masks/ISIC_0031450_segmentation.png
1437,train,ISIC_0030006,images/ISIC_0030006.jpg,masks/ISIC_0030006_segmentation.png
1438,train,ISIC_0027230,images/ISIC_0027230.jpg,masks/ISIC_0027230_segmentation.png
1439,train,ISIC_0030237,images/ISIC_0030237.jpg,masks/ISIC_0030237_segmentation.png
1440,train,ISIC_0031101,images/ISIC_0031101.jpg,masks/ISIC_0031101_segmentation.png
1441,train,ISIC_0033089,images/ISIC_0033089.jpg,masks/ISIC_0033089_segmentation.png
1442,train,ISIC_0027170,images/ISIC_0027170.jpg,masks/ISIC_0027170_segmentation.png
1443,train,ISIC_0033395,images/ISIC_0033395.jpg,masks/ISIC_0033395_segmentation.png
1444,train,ISIC_0025527,images/ISIC_0025527.jpg,masks/ISIC_0025527_segmentation.png
1445,train,ISIC_0030890,images/ISIC_0030890.jpg,masks/ISIC_0030890_segmentation.png
1446,train,ISIC_0028961,images/ISIC_0028961.jpg,masks/ISIC_0028961_segmentation.png
1447,train,ISIC_0033345,images/ISIC_0033345.jpg,masks/ISIC_0033345_segmentation.png
1448,train,ISIC_0031829,images/ISIC_0031829.jpg,masks/ISIC_0031829_segmentation.png
1449,train,ISIC_0028270,images/ISIC_0028270.jpg,masks/ISIC_0028270_segmentation.png
1450,train,ISIC_0028056,images/ISIC_0028056.jpg,masks/ISIC_0028056_segmentation.png
1451,train,ISIC_0030228,images/ISIC_0030228.jpg,masks/ISIC_0030228_segmentation.png
1452,train,ISIC_0032208,images/ISIC_0032208.jpg,masks/ISIC_0032208_segmentation.png
1453,train,ISIC_0026384,images/ISIC_0026384.jpg,masks/ISIC_0026384_segmentation.png
1454,train,ISIC_0029977,images/ISIC_0029977.jpg,masks/ISIC_0029977_segmentation.png
1455,train,ISIC_0027746,images/ISIC_0027746.jpg,masks/ISIC_0027746_segmentation.png
1456,train,ISIC_0033321,images/ISIC_0033321.jpg,masks/ISIC_0033321_segmentation.png
1457,train,ISIC_0033987,images/ISIC_0033987.jpg,masks/ISIC_0033987_segmentation.png
1458,train,ISIC_0031849,images/ISIC_0031849.jpg,masks/ISIC_0031849_segmentation.png
1459,train,ISIC_0029931,images/ISIC_0029931.jpg,masks/ISIC_0029931_segmentation.png
1460,train,ISIC_0031283,images/ISIC_0031283.jpg,masks/ISIC_0031283_segmentation.png
1461,train,ISIC_0024930,images/ISIC_0024930.jpg,masks/ISIC_0024930_segmentation.png
1462,train,ISIC_0024388,images/ISIC_0024388.jpg,masks/ISIC_0024388_segmentation.png
1463,train,ISIC_0027046,images/ISIC_0027046.jpg,masks/ISIC_0027046_segmentation.png
1464,train,ISIC_0028145,images/ISIC_0028145.jpg,masks/ISIC_0028145_segmentation.png
1465,train,ISIC_0029666,images/ISIC_0029666.jpg,masks/ISIC_0029666_segmentation.png
1466,train,ISIC_0026498,images/ISIC_0026498.jpg,masks/ISIC_0026498_segmentation.png
1467,train,ISIC_0026443,images/ISIC_0026443.jpg,masks/ISIC_0026443_segmentation.png
1468,train,ISIC_0030166,images/ISIC_0030166.jpg,masks/ISIC_0030166_segmentation.png
1469,train,ISIC_0032953,images/ISIC_0032953.jpg,masks/ISIC_0032953_segmentation.png
1470,train,ISIC_0027984,images/ISIC_0027984.jpg,masks/ISIC_0027984_segmentation.png
1471,train,ISIC_0027557,images/ISIC_0027557.jpg,masks/ISIC_0027557_segmentation.png
1472,train,ISIC_0032104,images/ISIC_0032104.jpg,masks/ISIC_0032104_segmentation.png
1473,train,ISIC_0030364,images/ISIC_0030364.jpg,masks/ISIC_0030364_segmentation.png
1474,train,ISIC_0032418,images/ISIC_0032418.jpg,masks/ISIC_0032418_segmentation.png
1475,train,ISIC_0028631,images/ISIC_0028631.jpg,masks/ISIC_0028631_segmentation.png
1476,train,ISIC_0034013,images/ISIC_0034013.jpg,masks/ISIC_0034013_segmentation.png
1477,train,ISIC_0027448,images/ISIC_0027448.jpg,masks/ISIC_0027448_segmentation.png
1478,train,ISIC_0030852,images/ISIC_0030852.jpg,masks/ISIC_0030852_segmentation.png
1479,train,ISIC_0032430,images/ISIC_0032430.jpg,masks/ISIC_0032430_segmentation.png
1480,train,ISIC_0028621,images/ISIC_0028621.jpg,masks/ISIC_0028621_segmentation.png
1481,train,ISIC_0029504,images/ISIC_0029504.jpg,masks/ISIC_0029504_segmentation.png
1482,train,ISIC_0031716,images/ISIC_0031716.jpg,masks/ISIC_0031716_segmentation.png
1483,train,ISIC_0026986,images/ISIC_0026986.jpg,masks/ISIC_0026986_segmentation.png
1484,train,ISIC_0026172,images/ISIC_0026172.jpg,masks/ISIC_0026172_segmentation.png
1485,train,ISIC_0033491,images/ISIC_0033491.jpg,masks/ISIC_0033491_segmentation.png
1486,train,ISIC_0025090,images/ISIC_0025090.jpg,masks/ISIC_0025090_segmentation.png
1487,train,ISIC_0029453,images/ISIC_0029453.jpg,masks/ISIC_0029453_segmentation.png
1488,train,ISIC_0028782,images/ISIC_0028782.jpg,masks/ISIC_0028782_segmentation.png
1489,train,ISIC_0031993,images/ISIC_0031993.jpg,masks/ISIC_0031993_segmentation.png
1490,train,ISIC_0034076,images/ISIC_0034076.jpg,masks/ISIC_0034076_segmentation.png
1491,train,ISIC_0030997,images/ISIC_0030997.jpg,masks/ISIC_0030997_segmentation.png
1492,train,ISIC_0028403,images/ISIC_0028403.jpg,masks/ISIC_0028403_segmentation.png
1493,train,ISIC_0026101,images/ISIC_0026101.jpg,masks/ISIC_0026101_segmentation.png
1494,train,ISIC_0033423,images/ISIC_0033423.jpg,masks/ISIC_0033423_segmentation.png
1495,train,ISIC_0029081,images/ISIC_0029081.jpg,masks/ISIC_0029081_segmentation.png
1496,train,ISIC_0033273,images/ISIC_0033273.jpg,masks/ISIC_0033273_segmentation.png
1497,train,ISIC_0026257,images/ISIC_0026257.jpg,masks/ISIC_0026257_segmentation.png
1498,train,ISIC_0030489,images/ISIC_0030489.jpg,masks/ISIC_0030489_segmentation.png
1499,train,ISIC_0034092,images/ISIC_0034092.jpg,masks/ISIC_0034092_segmentation.png
1500,train,ISIC_0026787,images/ISIC_0026787.jpg,masks/ISIC_0026787_segmentation.png
1501,train,ISIC_0025005,images/ISIC_0025005.jpg,masks/ISIC_0025005_segmentation.png
1502,train,ISIC_0032712,images/ISIC_0032712.jpg,masks/ISIC_0032712_segmentation.png
1503,train,ISIC_0026534,images/ISIC_0026534.jpg,masks/ISIC_0026534_segmentation.png
1504,train,ISIC_0025934,images/ISIC_0025934.jpg,masks/ISIC_0025934_segmentation.png
1505,train,ISIC_0030666,images/ISIC_0030666.jpg,masks/ISIC_0030666_segmentation.png
1506,train,ISIC_0030349,images/ISIC_0030349.jpg,masks/ISIC_0030349_segmentation.png
1507,train,ISIC_0032281,images/ISIC_0032281.jpg,masks/ISIC_0032281_segmentation.png
1508,train,ISIC_0032906,images/ISIC_0032906.jpg,masks/ISIC_0032906_segmentation.png
1509,train,ISIC_0027252,images/ISIC_0027252.jpg,masks/ISIC_0027252_segmentation.png
1510,train,ISIC_0030216,images/ISIC_0030216.jpg,masks/ISIC_0030216_segmentation.png
1511,train,ISIC_0032464,images/ISIC_0032464.jpg,masks/ISIC_0032464_segmentation.png
1512,train,ISIC_0029068,images/ISIC_0029068.jpg,masks/ISIC_0029068_segmentation.png
1513,train,ISIC_0031665,images/ISIC_0031665.jpg,masks/ISIC_0031665_segmentation.png
1514,train,ISIC_0026913,images/ISIC_0026913.jpg,masks/ISIC_0026913_segmentation.png
1515,train,ISIC_0026779,images/ISIC_0026779.jpg,masks/ISIC_0026779_segmentation.png
1516,train,ISIC_0030935,images/ISIC_0030935.jpg,masks/ISIC_0030935_segmentation.png
1517,train,ISIC_0028726,images/ISIC_0028726.jpg,masks/ISIC_0028726_segmentation.png
1518,train,ISIC_0032498,images/ISIC_0032498.jpg,masks/ISIC_0032498_segmentation.png
1519,train,ISIC_0024887,images/ISIC_0024887.jpg,masks/ISIC_0024887_segmentation.png
1520,train,ISIC_0026357,images/ISIC_0026357.jpg,masks/ISIC_0026357_segmentation.png
1521,train,ISIC_0030458,images/ISIC_0030458.jpg,masks/ISIC_0030458_segmentation.png
1522,train,ISIC_0026253,images/ISIC_0026253.jpg,masks/ISIC_0026253_segmentation.png
1523,train,ISIC_0031065,images/ISIC_0031065.jpg,masks/ISIC_0031065_segmentation.png
1524,train,ISIC_0032956,images/ISIC_0032956.jpg,masks/ISIC_0032956_segmentation.png
1525,train,ISIC_0026129,images/ISIC_0026129.jpg,masks/ISIC_0026129_segmentation.png
1526,train,ISIC_0033497,images/ISIC_0033497.jpg,masks/ISIC_0033497_segmentation.png
1527,train,ISIC_0029422,images/ISIC_0029422.jpg,masks/ISIC_0029422_segmentation.png
1528,train,ISIC_0026919,images/ISIC_0026919.jpg,masks/ISIC_0026919_segmentation.png
1529,train,ISIC_0031216,images/ISIC_0031216.jpg,masks/ISIC_0031216_segmentation.png
1530,train,ISIC_0026387,images/ISIC_0026387.jpg,masks/ISIC_0026387_segmentation.png
1531,train,ISIC_0024675,images/ISIC_0024675.jpg,masks/ISIC_0024675_segmentation.png
1532,train,ISIC_0033556,images/ISIC_0033556.jpg,masks/ISIC_0033556_segmentation.png
1533,train,ISIC_0029870,images/ISIC_0029870.jpg,masks/ISIC_0029870_segmentation.png
1534,train,ISIC_0032280,images/ISIC_0032280.jpg,masks/ISIC_0032280_segmentation.png
1535,train,ISIC_0026208,images/ISIC_0026208.jpg,masks/ISIC_0026208_segmentation.png
1536,train,ISIC_0024961,images/ISIC_0024961.jpg,masks/ISIC_0024961_segmentation.png
1537,train,ISIC_0032700,images/ISIC_0032700.jpg,masks/ISIC_0032700_segmentation.png
1538,train,ISIC_0027498,images/ISIC_0027498.jpg,masks/ISIC_0027498_segmentation.png
1539,train,ISIC_0032764,images/ISIC_0032764.jpg,masks/ISIC_0032764_segmentation.png
1540,train,ISIC_0033945,images/ISIC_0033945.jpg,masks/ISIC_0033945_segmentation.png
1541,train,ISIC_0030301,images/ISIC_0030301.jpg,masks/ISIC_0030301_segmentation.png
1542,train,ISIC_0025554,images/ISIC_0025554.jpg,masks/ISIC_0025554_segmentation.png
1543,train,ISIC_0027045,images/ISIC_0027045.jpg,masks/ISIC_0027045_segmentation.png
1544,train,ISIC_0030674,images/ISIC_0030674.jpg,masks/ISIC_0030674_segmentation.png
1545,train,ISIC_0032136,images/ISIC_0032136.jpg,masks/ISIC_0032136_segmentation.png
1546,train,ISIC_0024598,images/ISIC_0024598.jpg,masks/ISIC_0024598_segmentation.png
1547,train,ISIC_0027260,images/ISIC_0027260.jpg,masks/ISIC_0027260_segmentation.png
1548,train,ISIC_0031853,images/ISIC_0031853.jpg,masks/ISIC_0031853_segmentation.png
1549,train,ISIC_0032212,images/ISIC_0032212.jpg,masks/ISIC_0032212_segmentation.png
1550,train,ISIC_0027149,images/ISIC_0027149.jpg,masks/ISIC_0027149_segmentation.png
1551,train,ISIC_0033949,images/ISIC_0033949.jpg,masks/ISIC_0033949_segmentation.png
1552,train,ISIC_0028298,images/ISIC_0028298.jpg,masks/ISIC_0028298_segmentation.png
1553,train,ISIC_0026619,images/ISIC_0026619.jpg,masks/ISIC_0026619_segmentation.png
1554,train,ISIC_0031263,images/ISIC_0031263.jpg,masks/ISIC_0031263_segmentation.png
1555,train,ISIC_0032683,images/ISIC_0032683.jpg,masks/ISIC_0032683_segmentation.png
1556,train,ISIC_0025658,images/ISIC_0025658.jpg,masks/ISIC_0025658_segmentation.png
1557,train,ISIC_0024902,images/ISIC_0024902.jpg,masks/ISIC_0024902_segmentation.png
1558,train,ISIC_0031583,images/ISIC_0031583.jpg,masks/ISIC_0031583_segmentation.png
1559,train,ISIC_0030315,images/ISIC_0030315.jpg,masks/ISIC_0030315_segmentation.png
1560,train,ISIC_0033207,images/ISIC_0033207.jpg,masks/ISIC_0033207_segmentation.png
1561,train,ISIC_0024822,images/ISIC_0024822.jpg,masks/ISIC_0024822_segmentation.png
1562,train,ISIC_0031438,images/ISIC_0031438.jpg,masks/ISIC_0031438_segmentation.png
1563,train,ISIC_0034056,images/ISIC_0034056.jpg,masks/ISIC_0034056_segmentation.png
1564,train,ISIC_0026803,images/ISIC_0026803.jpg,masks/ISIC_0026803_segmentation.png
1565,train,ISIC_0033968,images/ISIC_0033968.jpg,masks/ISIC_0033968_segmentation.png
1566,train,ISIC_0027681,images/ISIC_0027681.jpg,masks/ISIC_0027681_segmentation.png
1567,train,ISIC_0031202,images/ISIC_0031202.jpg,masks/ISIC_0031202_segmentation.png
1568,train,ISIC_0026953,images/ISIC_0026953.jpg,masks/ISIC_0026953_segmentation.png
1569,train,ISIC_0032948,images/ISIC_0032948.jpg,masks/ISIC_0032948_segmentation.png
1570,train,ISIC_0025020,images/ISIC_0025020.jpg,masks/ISIC_0025020_segmentation.png
1571,train,ISIC_0033578,images/ISIC_0033578.jpg,masks/ISIC_0033578_segmentation.png
1572,train,ISIC_0028138,images/ISIC_0028138.jpg,masks/ISIC_0028138_segmentation.png
1573,train,ISIC_0025065,images/ISIC_0025065.jpg,masks/ISIC_0025065_segmentation.png
1574,train,ISIC_0028654,images/ISIC_0028654.jpg,masks/ISIC_0028654_segmentation.png
1575,train,ISIC_0034318,images/ISIC_0034318.jpg,masks/ISIC_0034318_segmentation.png
1576,train,ISIC_0025356,images/ISIC_0025356.jpg,masks/ISIC_0025356_segmentation.png
1577,train,ISIC_0028146,images/ISIC_0028146.jpg,masks/ISIC_0028146_segmentation.png
1578,train,ISIC_0033610,images/ISIC_0033610.jpg,masks/ISIC_0033610_segmentation.png
1579,train,ISIC_0029165,images/ISIC_0029165.jpg,masks/ISIC_0029165_segmentation.png
1580,train,ISIC_0025212,images/ISIC_0025212.jpg,masks/ISIC_0025212_segmentation.png
1581,train,ISIC_0028553,images/ISIC_0028553.jpg,masks/ISIC_0028553_segmentation.png
1582,train,ISIC_0027293,images/ISIC_0027293.jpg,masks/ISIC_0027293_segmentation.png
1583,train,ISIC_0025667,images/ISIC_0025667.jpg,masks/ISIC_0025667_segmentation.png
1584,train,ISIC_0024812,images/ISIC_0024812.jpg,masks/ISIC_0024812_segmentation.png
1585,train,ISIC_0033970,images/ISIC_0033970.jpg,masks/ISIC_0033970_segmentation.png
1586,train,ISIC_0029674,images/ISIC_0029674.jpg,masks/ISIC_0029674_segmentation.png
1587,train,ISIC_0032939,images/ISIC_0032939.jpg,masks/ISIC_0032939_segmentation.png
1588,train,ISIC_0029011,images/ISIC_0029011.jpg,masks/ISIC_0029011_segmentation.png
1589,train,ISIC_0031987,images/ISIC_0031987.jpg,masks/ISIC_0031987_segmentation.png
1590,train,ISIC_0031121,images/ISIC_0031121.jpg,masks/ISIC_0031121_segmentation.png
1591,train,ISIC_0033332,images/ISIC_0033332.jpg,masks/ISIC_0033332_segmentation.png
1592,train,ISIC_0032751,images/ISIC_0032751.jpg,masks/ISIC_0032751_segmentation.png
1593,train,ISIC_0030443,images/ISIC_0030443.jpg,masks/ISIC_0030443_segmentation.png
1594,train,ISIC_0027058,images/ISIC_0027058.jpg,masks/ISIC_0027058_segmentation.png
1595,train,ISIC_0028060,images/ISIC_0028060.jpg,masks/ISIC_0028060_segmentation.png
1596,train,ISIC_0028615,images/ISIC_0028615.jpg,masks/ISIC_0028615_segmentation.png
1597,train,ISIC_0028503,images/ISIC_0028503.jpg,masks/ISIC_0028503_segmentation.png
1598,train,ISIC_0028272,images/ISIC_0028272.jpg,masks/ISIC_0028272_segmentation.png
1599,train,ISIC_0027918,images/ISIC_0027918.jpg,masks/ISIC_0027918_segmentation.png
1600,train,ISIC_0033927,images/ISIC_0033927.jpg,masks/ISIC_0033927_segmentation.png
1601,train,ISIC_0030806,images/ISIC_0030806.jpg,masks/ISIC_0030806_segmentation.png
1602,train,ISIC_0024449,images/ISIC_0024449.jpg,masks/ISIC_0024449_segmentation.png
1603,train,ISIC_0032518,images/ISIC_0032518.jpg,masks/ISIC_0032518_segmentation.png
1604,train,ISIC_0033974,images/ISIC_0033974.jpg,masks/ISIC_0033974_segmentation.png
1605,train,ISIC_0024855,images/ISIC_0024855.jpg,masks/ISIC_0024855_segmentation.png
1606,train,ISIC_0024892,images/ISIC_0024892.jpg,masks/ISIC_0024892_segmentation.png
1607,train,ISIC_0031127,images/ISIC_0031127.jpg,masks/ISIC_0031127_segmentation.png
1608,train,ISIC_0030045,images/ISIC_0030045.jpg,masks/ISIC_0030045_segmentation.png
1609,train,ISIC_0026900,images/ISIC_0026900.jpg,masks/ISIC_0026900_segmentation.png
1610,train,ISIC_0028482,images/ISIC_0028482.jpg,masks/ISIC_0028482_segmentation.png
1611,train,ISIC_0034033,images/ISIC_0034033.jpg,masks/ISIC_0034033_segmentation.png
1612,train,ISIC_0033472,images/ISIC_0033472.jpg,masks/ISIC_0033472_segmentation.png
1613,train,ISIC_0029701,images/ISIC_0029701.jpg,masks/ISIC_0029701_segmentation.png
1614,train,ISIC_0033431,images/ISIC_0033431.jpg,masks/ISIC_0033431_segmentation.png
1615,train,ISIC_0031234,images/ISIC_0031234.jpg,masks/ISIC_0031234_segmentation.png
1616,train,ISIC_0030606,images/ISIC_0030606.jpg,masks/ISIC_0030606_segmentation.png
1617,train,ISIC_0025301,images/ISIC_0025301.jpg,masks/ISIC_0025301_segmentation.png
1618,train,ISIC_0033920,images/ISIC_0033920.jpg,masks/ISIC_0033920_segmentation.png
1619,train,ISIC_0027925,images/ISIC_0027925.jpg,masks/ISIC_0027925_segmentation.png
1620,train,ISIC_0024370,images/ISIC_0024370.jpg,masks/ISIC_0024370_segmentation.png
1621,train,ISIC_0025991,images/ISIC_0025991.jpg,masks/ISIC_0025991_segmentation.png
1622,train,ISIC_0026344,images/ISIC_0026344.jpg,masks/ISIC_0026344_segmentation.png
1623,train,ISIC_0025069,images/ISIC_0025069.jpg,masks/ISIC_0025069_segmentation.png
1624,train,ISIC_0028868,images/ISIC_0028868.jpg,masks/ISIC_0028868_segmentation.png
1625,train,ISIC_0031738,images/ISIC_0031738.jpg,masks/ISIC_0031738_segmentation.png
1626,train,ISIC_0026984,images/ISIC_0026984.jpg,masks/ISIC_0026984_segmentation.png
1627,train,ISIC_0033442,images/ISIC_0033442.jpg,masks/ISIC_0033442_segmentation.png
1628,train,ISIC_0030632,images/ISIC_0030632.jpg,masks/ISIC_0030632_segmentation.png
1629,train,ISIC_0031175,images/ISIC_0031175.jpg,masks/ISIC_0031175_segmentation.png
1630,train,ISIC_0027364,images/ISIC_0027364.jpg,masks/ISIC_0027364_segmentation.png
1631,train,ISIC_0027993,images/ISIC_0027993.jpg,masks/ISIC_0027993_segmentation.png
1632,train,ISIC_0025441,images/ISIC_0025441.jpg,masks/ISIC_0025441_segmentation.png
1633,train,ISIC_0026580,images/ISIC_0026580.jpg,masks/ISIC_0026580_segmentation.png
1634,train,ISIC_0024410,images/ISIC_0024410.jpg,masks/ISIC_0024410_segmentation.png
1635,train,ISIC_0033572,images/ISIC_0033572.jpg,masks/ISIC_0033572_segmentation.png
1636,train,ISIC_0029949,images/ISIC_0029949.jpg,masks/ISIC_0029949_segmentation.png
1637,train,ISIC_0030968,images/ISIC_0030968.jpg,masks/ISIC_0030968_segmentation.png
1638,train,ISIC_0028864,images/ISIC_0028864.jpg,masks/ISIC_0028864_segmentation.png
1639,train,ISIC_0026186,images/ISIC_0026186.jpg,masks/ISIC_0026186_segmentation.png
1640,train,ISIC_0031657,images/ISIC_0031657.jpg,masks/ISIC_0031657_segmentation.png
1641,train,ISIC_0030544,images/ISIC_0030544.jpg,masks/ISIC_0030544_segmentation.png
1642,train,ISIC_0031080,images/ISIC_0031080.jpg,masks/ISIC_0031080_segmentation.png
1643,train,ISIC_0025882,images/ISIC_0025882.jpg,masks/ISIC_0025882_segmentation.png
1644,train,ISIC_0031545,images/ISIC_0031545.jpg,masks/ISIC_0031545_segmentation.png
1645,train,ISIC_0026252,images/ISIC_0026252.jpg,masks/ISIC_0026252_segmentation.png
1646,train,ISIC_0029680,images/ISIC_0029680.jpg,masks/ISIC_0029680_segmentation.png
1647,train,ISIC_0031859,images/ISIC_0031859.jpg,masks/ISIC_0031859_segmentation.png
1648,train,ISIC_0033133,images/ISIC_0033133.jpg,masks/ISIC_0033133_segmentation.png
1649,train,ISIC_0030702,images/ISIC_0030702.jpg,masks/ISIC_0030702_segmentation.png
1650,train,ISIC_0032193,images/ISIC_0032193.jpg,masks/ISIC_0032193_segmentation.png
1651,train,ISIC_0030278,images/ISIC_0030278.jpg,masks/ISIC_0030278_segmentation.png
1652,train,ISIC_0028275,images/ISIC_0028275.jpg,masks/ISIC_0028275_segmentation.png
1653,train,ISIC_0026869,images/ISIC_0026869.jpg,masks/ISIC_0026869_segmentation.png
1654,train,ISIC_0026983,images/ISIC_0026983.jpg,masks/ISIC_0026983_segmentation.png
1655,train,ISIC_0027708,images/ISIC_0027708.jpg,masks/ISIC_0027708_segmentation.png
1656,train,ISIC_0033376,images/ISIC_0033376.jpg,masks/ISIC_0033376_segmentation.png
1657,train,ISIC_0028312,images/ISIC_0028312.jpg,masks/ISIC_0028312_segmentation.png
1658,train,ISIC_0024537,images/ISIC_0024537.jpg,masks/ISIC_0024537_segmentation.png
1659,train,ISIC_0026678,images/ISIC_0026678.jpg,masks/ISIC_0026678_segmentation.png
1660,train,ISIC_0031961,images/ISIC_0031961.jpg,masks/ISIC_0031961_segmentation.png
1661,train,ISIC_0026726,images/ISIC_0026726.jpg,masks/ISIC_0026726_segmentation.png
1662,train,ISIC_0030174,images/ISIC_0030174.jpg,masks/ISIC_0030174_segmentation.png
1663,train,ISIC_0026972,images/ISIC_0026972.jpg,masks/ISIC_0026972_segmentation.png
1664,train,ISIC_0025720,images/ISIC_0025720.jpg,masks/ISIC_0025720_segmentation.png
1665,train,ISIC_0032239,images/ISIC_0032239.jpg,masks/ISIC_0032239_segmentation.png
1666,train,ISIC_0025766,images/ISIC_0025766.jpg,masks/ISIC_0025766_segmentation.png
1667,train,ISIC_0029690,images/ISIC_0029690.jpg,masks/ISIC_0029690_segmentation.png
1668,train,ISIC_0030525,images/ISIC_0030525.jpg,masks/ISIC_0030525_segmentation.png
1669,train,ISIC_0026451,images/ISIC_0026451.jpg,masks/ISIC_0026451_segmentation.png
1670,train,ISIC_0030562,images/ISIC_0030562.jpg,masks/ISIC_0030562_segmentation.png
1671,train,ISIC_0029187,images/ISIC_0029187.jpg,masks/ISIC_0029187_segmentation.png
1672,train,ISIC_0031779,images/ISIC_0031779.jpg,masks/ISIC_0031779_segmentation.png
1673,train,ISIC_0031163,images/ISIC_0031163.jpg,masks/ISIC_0031163_segmentation.png
1674,train,ISIC_0032156,images/ISIC_0032156.jpg,masks/ISIC_0032156_segmentation.png
1675,train,ISIC_0034022,images/ISIC_0034022.jpg,masks/ISIC_0034022_segmentation.png
1676,train,ISIC_0026389,images/ISIC_0026389.jpg,masks/ISIC_0026389_segmentation.png
1677,train,ISIC_0026903,images/ISIC_0026903.jpg,masks/ISIC_0026903_segmentation.png
1678,train,ISIC_0029107,images/ISIC_0029107.jpg,masks/ISIC_0029107_segmentation.png
1679,train,ISIC_0026805,images/ISIC_0026805.jpg,masks/ISIC_0026805_segmentation.png
1680,train,ISIC_0025558,images/ISIC_0025558.jpg,masks/ISIC_0025558_segmentation.png
1681,train,ISIC_0025969,images/ISIC_0025969.jpg,masks/ISIC_0025969_segmentation.png
1682,train,ISIC_0029193,images/ISIC_0029193.jpg,masks/ISIC_0029193_segmentation.png
1683,train,ISIC_0034083,images/ISIC_0034083.jpg,masks/ISIC_0034083_segmentation.png
1684,train,ISIC_0026410,images/ISIC_0026410.jpg,masks/ISIC_0026410_segmentation.png
1685,train,ISIC_0029209,images/ISIC_0029209.jpg,masks/ISIC_0029209_segmentation.png
1686,train,ISIC_0029022,images/ISIC_0029022.jpg,masks/ISIC_0029022_segmentation.png
1687,train,ISIC_0034231,images/ISIC_0034231.jpg,masks/ISIC_0034231_segmentation.png
1688,train,ISIC_0030430,images/ISIC_0030430.jpg,masks/ISIC_0030430_segmentation.png
1689,train,ISIC_0031887,images/ISIC_0031887.jpg,masks/ISIC_0031887_segmentation.png
1690,train,ISIC_0031746,images/ISIC_0031746.jpg,masks/ISIC_0031746_segmentation.png
1691,train,ISIC_0024376,images/ISIC_0024376.jpg,masks/ISIC_0024376_segmentation.png
1692,train,ISIC_0031651,images/ISIC_0031651.jpg,masks/ISIC_0031651_segmentation.png
1693,train,ISIC_0026305,images/ISIC_0026305.jpg,masks/ISIC_0026305_segmentation.png
1694,train,ISIC_0026448,images/ISIC_0026448.jpg,masks/ISIC_0026448_segmentation.png
1695,train,ISIC_0028154,images/ISIC_0028154.jpg,masks/ISIC_0028154_segmentation.png
1696,train,ISIC_0030421,images/ISIC_0030421.jpg,masks/ISIC_0030421_segmentation.png
1697,train,ISIC_0034039,images/ISIC_0034039.jpg,masks/ISIC_0034039_segmentation.png
1698,train,ISIC_0029743,images/ISIC_0029743.jpg,masks/ISIC_0029743_segmentation.png
1699,train,ISIC_0030163,images/ISIC_0030163.jpg,masks/ISIC_0030163_segmentation.png
1700,train,ISIC_0024418,images/ISIC_0024418.jpg,masks/ISIC_0024418_segmentation.png
1701,train,ISIC_0027014,images/ISIC_0027014.jpg,masks/ISIC_0027014_segmentation.png
1702,train,ISIC_0030780,images/ISIC_0030780.jpg,masks/ISIC_0030780_segmentation.png
1703,train,ISIC_0033913,images/ISIC_0033913.jpg,masks/ISIC_0033913_segmentation.png
1704,train,ISIC_0030546,images/ISIC_0030546.jpg,masks/ISIC_0030546_segmentation.png
1705,train,ISIC_0029786,images/ISIC_0029786.jpg,masks/ISIC_0029786_segmentation.png
1706,train,ISIC_0027442,images/ISIC_0027442.jpg,masks/ISIC_0027442_segmentation.png
1707,train,ISIC_0028655,images/ISIC_0028655.jpg,masks/ISIC_0028655_segmentation.png
1708,train,ISIC_0027880,images/ISIC_0027880.jpg,masks/ISIC_0027880_segmentation.png
1709,train,ISIC_0027562,images/ISIC_0027562.jpg,masks/ISIC_0027562_segmentation.png
1710,train,ISIC_0024710,images/ISIC_0024710.jpg,masks/ISIC_0024710_segmentation.png
1711,train,ISIC_0029246,images/ISIC_0029246.jpg,masks/ISIC_0029246_segmentation.png
1712,train,ISIC_0032540,images/ISIC_0032540.jpg,masks/ISIC_0032540_segmentation.png
1713,train,ISIC_0031787,images/ISIC_0031787.jpg,masks/ISIC_0031787_segmentation.png
1714,train,ISIC_0026764,images/ISIC_0026764.jpg,masks/ISIC_0026764_segmentation.png
1715,train,ISIC_0031160,images/ISIC_0031160.jpg,masks/ISIC_0031160_segmentation.png
1716,train,ISIC_0033680,images/ISIC_0033680.jpg,masks/ISIC_0033680_segmentation.png
1717,train,ISIC_0027972,images/ISIC_0027972.jpg,masks/ISIC_0027972_segmentation.png
1718,train,ISIC_0026770,images/ISIC_0026770.jpg,masks/ISIC_0026770_segmentation.png
1719,train,ISIC_0026698,images/ISIC_0026698.jpg,masks/ISIC_0026698_segmentation.png
1720,train,ISIC_0032126,images/ISIC_0032126.jpg,masks/ISIC_0032126_segmentation.png
1721,train,ISIC_0028386,images/ISIC_0028386.jpg,masks/ISIC_0028386_segmentation.png
1722,train,ISIC_0025123,images/ISIC_0025123.jpg,masks/ISIC_0025123_segmentation.png
1723,train,ISIC_0025140,images/ISIC_0025140.jpg,masks/ISIC_0025140_segmentation.png
1724,train,ISIC_0027363,images/ISIC_0027363.jpg,masks/ISIC_0027363_segmentation.png
1725,train,ISIC_0031908,images/ISIC_0031908.jpg,masks/ISIC_0031908_segmentation.png
1726,train,ISIC_0028994,images/ISIC_0028994.jpg,masks/ISIC_0028994_segmentation.png
1727,train,ISIC_0025109,images/ISIC_0025109.jpg,masks/ISIC_0025109_segmentation.png
1728,train,ISIC_0030085,images/ISIC_0030085.jpg,masks/ISIC_0030085_segmentation.png
1729,train,ISIC_0031792,images/ISIC_0031792.jpg,masks/ISIC_0031792_segmentation.png
1730,train,ISIC_0026636,images/ISIC_0026636.jpg,masks/ISIC_0026636_segmentation.png
1731,train,ISIC_0024515,images/ISIC_0024515.jpg,masks/ISIC_0024515_segmentation.png
1732,train,ISIC_0026682,images/ISIC_0026682.jpg,masks/ISIC_0026682_segmentation.png
1733,train,ISIC_0032421,images/ISIC_0032421.jpg,masks/ISIC_0032421_segmentation.png
1734,train,ISIC_0030498,images/ISIC_0030498.jpg,masks/ISIC_0030498_segmentation.png
1735,train,ISIC_0031456,images/ISIC_0031456.jpg,masks/ISIC_0031456_segmentation.png
1736,train,ISIC_0026535,images/ISIC_0026535.jpg,masks/ISIC_0026535_segmentation.png
1737,train,ISIC_0025138,images/ISIC_0025138.jpg,masks/ISIC_0025138_segmentation.png
1738,train,ISIC_0030226,images/ISIC_0030226.jpg,masks/ISIC_0030226_segmentation.png
1739,train,ISIC_0029289,images/ISIC_0029289.jpg,masks/ISIC_0029289_segmentation.png
1740,train,ISIC_0028933,images/ISIC_0028933.jpg,masks/ISIC_0028933_segmentation.png
1741,train,ISIC_0027535,images/ISIC_0027535.jpg,masks/ISIC_0027535_segmentation.png
1742,train,ISIC_0029918,images/ISIC_0029918.jpg,masks/ISIC_0029918_segmentation.png
1743,train,ISIC_0025130,images/ISIC_0025130.jpg,masks/ISIC_0025130_segmentation.png
1744,train,ISIC_0032561,images/ISIC_0032561.jpg,masks/ISIC_0032561_segmentation.png
1745,train,ISIC_0033767,images/ISIC_0033767.jpg,masks/ISIC_0033767_segmentation.png
1746,train,ISIC_0031981,images/ISIC_0031981.jpg,masks/ISIC_0031981_segmentation.png
1747,train,ISIC_0031213,images/ISIC_0031213.jpg,masks/ISIC_0031213_segmentation.png
1748,train,ISIC_0029435,images/ISIC_0029435.jpg,masks/ISIC_0029435_segmentation.png
1749,train,ISIC_0027095,images/ISIC_0027095.jpg,masks/ISIC_0027095_segmentation.png
1750,train,ISIC_0029311,images/ISIC_0029311.jpg,masks/ISIC_0029311_segmentation.png
1751,train,ISIC_0031203,images/ISIC_0031203.jpg,masks/ISIC_0031203_segmentation.png
1752,train,ISIC_0032670,images/ISIC_0032670.jpg,masks/ISIC_0032670_segmentation.png
1753,train,ISIC_0026243,images/ISIC_0026243.jpg,masks/ISIC_0026243_segmentation.png
1754,train,ISIC_0031686,images/ISIC_0031686.jpg,masks/ISIC_0031686_segmentation.png
1755,train,ISIC_0033372,images/ISIC_0033372.jpg,masks/ISIC_0033372_segmentation.png
1756,train,ISIC_0027656,images/ISIC_0027656.jpg,masks/ISIC_0027656_segmentation.png
1757,train,ISIC_0031114,images/ISIC_0031114.jpg,masks/ISIC_0031114_segmentation.png
1758,train,ISIC_0026652,images/ISIC_0026652.jpg,masks/ISIC_0026652_segmentation.png
1759,train,ISIC_0032604,images/ISIC_0032604.jpg,masks/ISIC_0032604_segmentation.png
1760,train,ISIC_0026515,images/ISIC_0026515.jpg,masks/ISIC_0026515_segmentation.png
1761,train,ISIC_0025257,images/ISIC_0025257.jpg,masks/ISIC_0025257_segmentation.png
1762,train,ISIC_0030647,images/ISIC_0030647.jpg,masks/ISIC_0030647_segmentation.png
1763,train,ISIC_0026426,images/ISIC_0026426.jpg,masks/ISIC_0026426_segmentation.png
1764,train,ISIC_0033948,images/ISIC_0033948.jpg,masks/ISIC_0033948_segmentation.png
1765,train,ISIC_0030642,images/ISIC_0030642.jpg,masks/ISIC_0030642_segmentation.png
1766,train,ISIC_0033011,images/ISIC_0033011.jpg,masks/ISIC_0033011_segmentation.png
1767,train,ISIC_0027821,images/ISIC_0027821.jpg,masks/ISIC_0027821_segmentation.png
1768,train,ISIC_0032222,images/ISIC_0032222.jpg,masks/ISIC_0032222_segmentation.png
1769,train,ISIC_0033147,images/ISIC_0033147.jpg,masks/ISIC_0033147_segmentation.png
1770,train,ISIC_0034108,images/ISIC_0034108.jpg,masks/ISIC_0034108_segmentation.png
1771,train,ISIC_0025832,images/ISIC_0025832.jpg,masks/ISIC_0025832_segmentation.png
1772,train,ISIC_0032275,images/ISIC_0032275.jpg,masks/ISIC_0032275_segmentation.png
1773,train,ISIC_0028862,images/ISIC_0028862.jpg,masks/ISIC_0028862_segmentation.png
1774,train,ISIC_0026115,images/ISIC_0026115.jpg,masks/ISIC_0026115_segmentation.png
1775,train,ISIC_0031622,images/ISIC_0031622.jpg,masks/ISIC_0031622_segmentation.png
1776,train,ISIC_0025767,images/ISIC_0025767.jpg,masks/ISIC_0025767_segmentation.png
1777,train,ISIC_0028053,images/ISIC_0028053.jpg,masks/ISIC_0028053_segmentation.png
1778,train,ISIC_0033635,images/ISIC_0033635.jpg,masks/ISIC_0033635_segmentation.png
1779,train,ISIC_0031813,images/ISIC_0031813.jpg,masks/ISIC_0031813_segmentation.png
1780,train,ISIC_0029683,images/ISIC_0029683.jpg,masks/ISIC_0029683_segmentation.png
1781,train,ISIC_0026637,images/ISIC_0026637.jpg,masks/ISIC_0026637_segmentation.png
1782,train,ISIC_0029867,images/ISIC_0029867.jpg,masks/ISIC_0029867_segmentation.png
1783,train,ISIC_0025286,images/ISIC_0025286.jpg,masks/ISIC_0025286_segmentation.png
1784,train,ISIC_0027677,images/ISIC_0027677.jpg,masks/ISIC_0027677_segmentation.png
1785,train,ISIC_0032332,images/ISIC_0032332.jpg,masks/ISIC_0032332_segmentation.png
1786,train,ISIC_0026680,images/ISIC_0026680.jpg,masks/ISIC_0026680_segmentation.png
1787,train,ISIC_0028006,images/ISIC_0028006.jpg,masks/ISIC_0028006_segmentation.png
1788,train,ISIC_0024456,images/ISIC_0024456.jpg,masks/ISIC_0024456_segmentation.png
1789,train,ISIC_0031108,images/ISIC_0031108.jpg,masks/ISIC_0031108_segmentation.png
1790,train,ISIC_0033211,images/ISIC_0033211.jpg,masks/ISIC_0033211_segmentation.png
1791,train,ISIC_0026704,images/ISIC_0026704.jpg,masks/ISIC_0026704_segmentation.png
1792,train,ISIC_0029001,images/ISIC_0029001.jpg,masks/ISIC_0029001_segmentation.png
1793,train,ISIC_0028079,images/ISIC_0028079.jpg,masks/ISIC_0028079_segmentation.png
1794,train,ISIC_0028590,images/ISIC_0028590.jpg,masks/ISIC_0028590_segmentation.png
1795,train,ISIC_0032377,images/ISIC_0032377.jpg,masks/ISIC_0032377_segmentation.png
1796,train,ISIC_0030036,images/ISIC_0030036.jpg,masks/ISIC_0030036_segmentation.png
1797,train,ISIC_0032685,images/ISIC_0032685.jpg,masks/ISIC_0032685_segmentation.png
1798,train,ISIC_0029256,images/ISIC_0029256.jpg,masks/ISIC_0029256_segmentation.png
1799,train,ISIC_0027092,images/ISIC_0027092.jpg,masks/ISIC_0027092_segmentation.png
1800,train,ISIC_0031048,images/ISIC_0031048.jpg,masks/ISIC_0031048_segmentation.png
1801,train,ISIC_0025268,images/ISIC_0025268.jpg,masks/ISIC_0025268_segmentation.png
1802,train,ISIC_0027847,images/ISIC_0027847.jpg,masks/ISIC_0027847_segmentation.png
1803,train,ISIC_0025242,images/ISIC_0025242.jpg,masks/ISIC_0025242_segmentation.png
1804,train,ISIC_0030338,images/ISIC_0030338.jpg,masks/ISIC_0030338_segmentation.png
1805,train,ISIC_0030936,images/ISIC_0030936.jpg,masks/ISIC_0030936_segmentation.png
1806,train,ISIC_0034136,images/ISIC_0034136.jpg,masks/ISIC_0034136_segmentation.png
1807,train,ISIC_0029538,images/ISIC_0029538.jpg,masks/ISIC_0029538_segmentation.png
1808,train,ISIC_0032502,images/ISIC_0032502.jpg,masks/ISIC_0032502_segmentation.png
1809,train,ISIC_0033568,images/ISIC_0033568.jpg,masks/ISIC_0033568_segmentation.png
1810,train,ISIC_0027651,images/ISIC_0027651.jpg,masks/ISIC_0027651_segmentation.png
1811,train,ISIC_0033565,images/ISIC_0033565.jpg,masks/ISIC_0033565_segmentation.png
1812,train,ISIC_0033982,images/ISIC_0033982.jpg,masks/ISIC_0033982_segmentation.png
1813,train,ISIC_0030885,images/ISIC_0030885.jpg,masks/ISIC_0030885_segmentation.png
1814,train,ISIC_0032340,images/ISIC_0032340.jpg,masks/ISIC_0032340_segmentation.png
1815,train,ISIC_0029623,images/ISIC_0029623.jpg,masks/ISIC_0029623_segmentation.png
1816,train,ISIC_0031462,images/ISIC_0031462.jpg,masks/ISIC_0031462_segmentation.png
1817,train,ISIC_0024938,images/ISIC_0024938.jpg,masks/ISIC_0024938_segmentation.png
1818,train,ISIC_0031749,images/ISIC_0031749.jpg,masks/ISIC_0031749_segmentation.png
1819,train,ISIC_0031291,images/ISIC_0031291.jpg,masks/ISIC_0031291_segmentation.png
1820,train,ISIC_0028244,images/ISIC_0028244.jpg,masks/ISIC_0028244_segmentation.png
1821,train,ISIC_0025024,images/ISIC_0025024.jpg,masks/ISIC_0025024_segmentation.png
1822,train,ISIC_0032658,images/ISIC_0032658.jpg,masks/ISIC_0032658_segmentation.png
1823,train,ISIC_0030312,images/ISIC_0030312.jpg,masks/ISIC_0030312_segmentation.png
1824,train,ISIC_0024431,images/ISIC_0024431.jpg,masks/ISIC_0024431_segmentation.png
1825,train,ISIC_0026835,images/ISIC_0026835.jpg,masks/ISIC_0026835_segmentation.png
1826,train,ISIC_0028725,images/ISIC_0028725.jpg,masks/ISIC_0028725_segmentation.png
1827,train,ISIC_0030195,images/ISIC_0030195.jpg,masks/ISIC_0030195_segmentation.png
1828,train,ISIC_0025986,images/ISIC_0025986.jpg,masks/ISIC_0025986_segmentation.png
1829,train,ISIC_0027197,images/ISIC_0027197.jpg,masks/ISIC_0027197_segmentation.png
1830,train,ISIC_0024923,images/ISIC_0024923.jpg,masks/ISIC_0024923_segmentation.png
1831,train,ISIC_0026394,images/ISIC_0026394.jpg,masks/ISIC_0026394_segmentation.png
1832,train,ISIC_0026949,images/ISIC_0026949.jpg,masks/ISIC_0026949_segmentation.png
1833,train,ISIC_0031380,images/ISIC_0031380.jpg,masks/ISIC_0031380_segmentation.png
1834,train,ISIC_0027874,images/ISIC_0027874.jpg,masks/ISIC_0027874_segmentation.png
1835,train,ISIC_0034196,images/ISIC_0034196.jpg,masks/ISIC_0034196_segmentation.png
1836,train,ISIC_0030207,images/ISIC_0030207.jpg,masks/ISIC_0030207_segmentation.png
1837,train,ISIC_0028573,images/ISIC_0028573.jpg,masks/ISIC_0028573_segmentation.png
1838,train,ISIC_0030518,images/ISIC_0030518.jpg,masks/ISIC_0030518_segmentation.png
1839,train,ISIC_0029970,images/ISIC_0029970.jpg,masks/ISIC_0029970_segmentation.png
1840,train,ISIC_0026306,images/ISIC_0026306.jpg,masks/ISIC_0026306_segmentation.png
1841,train,ISIC_0031478,images/ISIC_0031478.jpg,masks/ISIC_0031478_segmentation.png
1842,train,ISIC_0030300,images/ISIC_0030300.jpg,masks/ISIC_0030300_segmentation.png
1843,train,ISIC_0032450,images/ISIC_0032450.jpg,masks/ISIC_0032450_segmentation.png
1844,train,ISIC_0027574,images/ISIC_0027574.jpg,masks/ISIC_0027574_segmentation.png
1845,train,ISIC_0025149,images/ISIC_0025149.jpg,masks/ISIC_0025149_segmentation.png
1846,train,ISIC_0027963,images/ISIC_0027963.jpg,masks/ISIC_0027963_segmentation.png
1847,train,ISIC_0024474,images/ISIC_0024474.jpg,masks/ISIC_0024474_segmentation.png
1848,train,ISIC_0030127,images/ISIC_0030127.jpg,masks/ISIC_0030127_segmentation.png
1849,train,ISIC_0027036,images/ISIC_0027036.jpg,masks/ISIC_0027036_segmentation.png
1850,train,ISIC_0033559,images/ISIC_0033559.jpg,masks/ISIC_0033559_segmentation.png
1851,train,ISIC_0026164,images/ISIC_0026164.jpg,masks/ISIC_0026164_segmentation.png
1852,train,ISIC_0028357,images/ISIC_0028357.jpg,masks/ISIC_0028357_segmentation.png
1853,train,ISIC_0027669,images/ISIC_0027669.jpg,masks/ISIC_0027669_segmentation.png
1854,train,ISIC_0028372,images/ISIC_0028372.jpg,masks/ISIC_0028372_segmentation.png
1855,train,ISIC_0029126,images/ISIC_0029126.jpg,masks/ISIC_0029126_segmentation.png
1856,train,ISIC_0027809,images/ISIC_0027809.jpg,masks/ISIC_0027809_segmentation.png
1857,train,ISIC_0026871,images/ISIC_0026871.jpg,masks/ISIC_0026871_segmentation.png
1858,train,ISIC_0025270,images/ISIC_0025270.jpg,masks/ISIC_0025270_segmentation.png
1859,train,ISIC_0029993,images/ISIC_0029993.jpg,masks/ISIC_0029993_segmentation.png
1860,train,ISIC_0025067,images/ISIC_0025067.jpg,masks/ISIC_0025067_segmentation.png
1861,train,ISIC_0032981,images/ISIC_0032981.jpg,masks/ISIC_0032981_segmentation.png
1862,train,ISIC_0031189,images/ISIC_0031189.jpg,masks/ISIC_0031189_segmentation.png
1863,train,ISIC_0027869,images/ISIC_0027869.jpg,masks/ISIC_0027869_segmentation.png
1864,train,ISIC_0025509,images/ISIC_0025509.jpg,masks/ISIC_0025509_segmentation.png
1865,train,ISIC_0028034,images/ISIC_0028034.jpg,masks/ISIC_0028034_segmentation.png
1866,train,ISIC_0027807,images/ISIC_0027807.jpg,masks/ISIC_0027807_segmentation.png
1867,train,ISIC_0029612,images/ISIC_0029612.jpg,masks/ISIC_0029612_segmentation.png
1868,train,ISIC_0031483,images/ISIC_0031483.jpg,masks/ISIC_0031483_segmentation.png
1869,train,ISIC_0024494,images/ISIC_0024494.jpg,masks/ISIC_0024494_segmentation.png
1870,train,ISIC_0027405,images/ISIC_0027405.jpg,masks/ISIC_0027405_segmentation.png
1871,train,ISIC_0030405,images/ISIC_0030405.jpg,masks/ISIC_0030405_segmentation.png
1872,train,ISIC_0025388,images/ISIC_0025388.jpg,masks/ISIC_0025388_segmentation.png
1873,train,ISIC_0028014,images/ISIC_0028014.jpg,masks/ISIC_0028014_segmentation.png
1874,train,ISIC_0025984,images/ISIC_0025984.jpg,masks/ISIC_0025984_segmentation.png
1875,train,ISIC_0033996,images/ISIC_0033996.jpg,masks/ISIC_0033996_segmentation.png
1876,train,ISIC_0028474,images/ISIC_0028474.jpg,masks/ISIC_0028474_segmentation.png
1877,train,ISIC_0026795,images/ISIC_0026795.jpg,masks/ISIC_0026795_segmentation.png
1878,train,ISIC_0026767,images/ISIC_0026767.jpg,masks/ISIC_0026767_segmentation.png
1879,train,ISIC_0034097,images/ISIC_0034097.jpg,masks/ISIC_0034097_segmentation.png
1880,train,ISIC_0030225,images/ISIC_0030225.jpg,masks/ISIC_0030225_segmentation.png
1881,train,ISIC_0033844,images/ISIC_0033844.jpg,masks/ISIC_0033844_segmentation.png
1882,train,ISIC_0024333,images/ISIC_0024333.jpg,masks/ISIC_0024333_segmentation.png
1883,train,ISIC_0026358,images/ISIC_0026358.jpg,masks/ISIC_0026358_segmentation.png
1884,train,ISIC_0032669,images/ISIC_0032669.jpg,masks/ISIC_0032669_segmentation.png
1885,train,ISIC_0025266,images/ISIC_0025266.jpg,masks/ISIC_0025266_segmentation.png
1886,train,ISIC_0033407,images/ISIC_0033407.jpg,masks/ISIC_0033407_segmentation.png
1887,train,ISIC_0025416,images/ISIC_0025416.jpg,masks/ISIC_0025416_segmentation.png
1888,train,ISIC_0027727,images/ISIC_0027727.jpg,masks/ISIC_0027727_segmentation.png
1889,train,ISIC_0029372,images/ISIC_0029372.jpg,masks/ISIC_0029372_segmentation.png
1890,train,ISIC_0028434,images/ISIC_0028434.jpg,masks/ISIC_0028434_segmentation.png
1891,train,ISIC_0033812,images/ISIC_0033812.jpg,masks/ISIC_0033812_segmentation.png
1892,train,ISIC_0027225,images/ISIC_0027225.jpg,masks/ISIC_0027225_segmentation.png
1893,train,ISIC_0031036,images/ISIC_0031036.jpg,masks/ISIC_0031036_segmentation.png
1894,train,ISIC_0031181,images/ISIC_0031181.jpg,masks/ISIC_0031181_segmentation.png
1895,train,ISIC_0031904,images/ISIC_0031904.jpg,masks/ISIC_0031904_segmentation.png
1896,train,ISIC_0031609,images/ISIC_0031609.jpg,masks/ISIC_0031609_segmentation.png
1897,train,ISIC_0028766,images/ISIC_0028766.jpg,masks/ISIC_0028766_segmentation.png
1898,train,ISIC_0029003,images/ISIC_0029003.jpg,masks/ISIC_0029003_segmentation.png
1899,train,ISIC_0030751,images/ISIC_0030751.jpg,masks/ISIC_0030751_segmentation.png
1900,train,ISIC_0026073,images/ISIC_0026073.jpg,masks/ISIC_0026073_segmentation.png
1901,train,ISIC_0029425,images/ISIC_0029425.jpg,masks/ISIC_0029425_segmentation.png
1902,train,ISIC_0028517,images/ISIC_0028517.jpg,masks/ISIC_0028517_segmentation.png
1903,train,ISIC_0024560,images/ISIC_0024560.jpg,masks/ISIC_0024560_segmentation.png
1904,train,ISIC_0027169,images/ISIC_0027169.jpg,masks/ISIC_0027169_segmentation.png
1905,train,ISIC_0029135,images/ISIC_0029135.jpg,masks/ISIC_0029135_segmentation.png
1906,train,ISIC_0028185,images/ISIC_0028185.jpg,masks/ISIC_0028185_segmentation.png
1907,train,ISIC_0028241,images/ISIC_0028241.jpg,masks/ISIC_0028241_segmentation.png
1908,train,ISIC_0030872,images/ISIC_0030872.jpg,masks/ISIC_0030872_segmentation.png
1909,train,ISIC_0033392,images/ISIC_0033392.jpg,masks/ISIC_0033392_segmentation.png
1910,train,ISIC_0024972,images/ISIC_0024972.jpg,masks/ISIC_0024972_segmentation.png
1911,train,ISIC_0030190,images/ISIC_0030190.jpg,masks/ISIC_0030190_segmentation.png
1912,train,ISIC_0031542,images/ISIC_0031542.jpg,masks/ISIC_0031542_segmentation.png
1913,train,ISIC_0031276,images/ISIC_0031276.jpg,masks/ISIC_0031276_segmentation.png
1914,train,ISIC_0025398,images/ISIC_0025398.jpg,masks/ISIC_0025398_segmentation.png
1915,train,ISIC_0032603,images/ISIC_0032603.jpg,masks/ISIC_0032603_segmentation.png
1916,train,ISIC_0027432,images/ISIC_0027432.jpg,masks/ISIC_0027432_segmentation.png
1917,train,ISIC_0033264,images/ISIC_0033264.jpg,masks/ISIC_0033264_segmentation.png
1918,train,ISIC_0024833,images/ISIC_0024833.jpg,masks/ISIC_0024833_segmentation.png
1919,train,ISIC_0034301,images/ISIC_0034301.jpg,masks/ISIC_0034301_segmentation.png
1920,train,ISIC_0027768,images/ISIC_0027768.jpg,masks/ISIC_0027768_segmentation.png
1921,train,ISIC_0032578,images/ISIC_0032578.jpg,masks/ISIC_0032578_segmentation.png
1922,train,ISIC_0030528,images/ISIC_0030528.jpg,masks/ISIC_0030528_segmentation.png
1923,train,ISIC_0032714,images/ISIC_0032714.jpg,masks/ISIC_0032714_segmentation.png
1924,train,ISIC_0026775,images/ISIC_0026775.jpg,masks/ISIC_0026775_segmentation.png
1925,train,ISIC_0028156,images/ISIC_0028156.jpg,masks/ISIC_0028156_segmentation.png
1926,train,ISIC_0028428,images/ISIC_0028428.jpg,masks/ISIC_0028428_segmentation.png
1927,train,ISIC_0032525,images/ISIC_0032525.jpg,masks/ISIC_0032525_segmentation.png
1928,train,ISIC_0031846,images/ISIC_0031846.jpg,masks/ISIC_0031846_segmentation.png
1929,train,ISIC_0026961,images/ISIC_0026961.jpg,masks/ISIC_0026961_segmentation.png
1930,train,ISIC_0024412,images/ISIC_0024412.jpg,masks/ISIC_0024412_segmentation.png
1931,train,ISIC_0024954,images/ISIC_0024954.jpg,masks/ISIC_0024954_segmentation.png
1932,train,ISIC_0030432,images/ISIC_0030432.jpg,masks/ISIC_0030432_segmentation.png
1933,train,ISIC_0029002,images/ISIC_0029002.jpg,masks/ISIC_0029002_segmentation.png
1934,train,ISIC_0028833,images/ISIC_0028833.jpg,masks/ISIC_0028833_segmentation.png
1935,train,ISIC_0031364,images/ISIC_0031364.jpg,masks/ISIC_0031364_segmentation.png
1936,train,ISIC_0032554,images/ISIC_0032554.jpg,masks/ISIC_0032554_segmentation.png
1937,train,ISIC_0029905,images/ISIC_0029905.jpg,masks/ISIC_0029905_segmentation.png
1938,train,ISIC_0026365,images/ISIC_0026365.jpg,masks/ISIC_0026365_segmentation.png
1939,train,ISIC_0031561,images/ISIC_0031561.jpg,masks/ISIC_0031561_segmentation.png
1940,train,ISIC_0027428,images/ISIC_0027428.jpg,masks/ISIC_0027428_segmentation.png
1941,train,ISIC_0024411,images/ISIC_0024411.jpg,masks/ISIC_0024411_segmentation.png
1942,train,ISIC_0029917,images/ISIC_0029917.jpg,masks/ISIC_0029917_segmentation.png
1943,train,ISIC_0032667,images/ISIC_0032667.jpg,masks/ISIC_0032667_segmentation.png
1944,train,ISIC_0026766,images/ISIC_0026766.jpg,masks/ISIC_0026766_segmentation.png
1945,train,ISIC_0029865,images/ISIC_0029865.jpg,masks/ISIC_0029865_segmentation.png
1946,train,ISIC_0027336,images/ISIC_0027336.jpg,masks/ISIC_0027336_segmentation.png
1947,train,ISIC_0028711,images/ISIC_0028711.jpg,masks/ISIC_0028711_segmentation.png
1948,train,ISIC_0031226,images/ISIC_0031226.jpg,masks/ISIC_0031226_segmentation.png
1949,train,ISIC_0032957,images/ISIC_0032957.jpg,masks/ISIC_0032957_segmentation.png
1950,train,ISIC_0030723,images/ISIC_0030723.jpg,masks/ISIC_0030723_segmentation.png
1951,train,ISIC_0029396,images/ISIC_0029396.jpg,masks/ISIC_0029396_segmentation.png
1952,train,ISIC_0027630,images/ISIC_0027630.jpg,masks/ISIC_0027630_segmentation.png
1953,train,ISIC_0030967,images/ISIC_0030967.jpg,masks/ISIC_0030967_segmentation.png
1954,train,ISIC_0030273,images/ISIC_0030273.jpg,masks/ISIC_0030273_segmentation.png
1955,train,ISIC_0029994,images/ISIC_0029994.jpg,masks/ISIC_0029994_segmentation.png
1956,train,ISIC_0026548,images/ISIC_0026548.jpg,masks/ISIC_0026548_segmentation.png
1957,train,ISIC_0032015,images/ISIC_0032015.jpg,masks/ISIC_0032015_segmentation.png
1958,train,ISIC_0028277,images/ISIC_0028277.jpg,masks/ISIC_0028277_segmentation.png
1959,train,ISIC_0027238,images/ISIC_0027238.jpg,masks/ISIC_0027238_segmentation.png
1960,train,ISIC_0034175,images/ISIC_0034175.jpg,masks/ISIC_0034175_segmentation.png
1961,train,ISIC_0029196,images/ISIC_0029196.jpg,masks/ISIC_0029196_segmentation.png
1962,train,ISIC_0025478,images/ISIC_0025478.jpg,masks/ISIC_0025478_segmentation.png
1963,train,ISIC_0028696,images/ISIC_0028696.jpg,masks/ISIC_0028696_segmentation.png
1964,train,ISIC_0033461,images/ISIC_0033461.jpg,masks/ISIC_0033461_segmentation.png
1965,train,ISIC_0027694,images/ISIC_0027694.jpg,masks/ISIC_0027694_segmentation.png
1966,train,ISIC_0024509,images/ISIC_0024509.jpg,masks/ISIC_0024509_segmentation.png
1967,train,ISIC_0029533,images/ISIC_0029533.jpg,masks/ISIC_0029533_segmentation.png
1968,train,ISIC_0026226,images/ISIC_0026226.jpg,masks/ISIC_0026226_segmentation.png
1969,train,ISIC_0030722,images/ISIC_0030722.jpg,masks/ISIC_0030722_segmentation.png
1970,train,ISIC_0028651,images/ISIC_0028651.jpg,masks/ISIC_0028651_segmentation.png
1971,train,ISIC_0033775,images/ISIC_0033775.jpg,masks/ISIC_0033775_segmentation.png
1972,train,ISIC_0028426,images/ISIC_0028426.jpg,masks/ISIC_0028426_segmentation.png
1973,train,ISIC_0027614,images/ISIC_0027614.jpg,masks/ISIC_0027614_segmentation.png
1974,train,ISIC_0030333,images/ISIC_0030333.jpg,masks/ISIC_0030333_segmentation.png
1975,train,ISIC_0034003,images/ISIC_0034003.jpg,masks/ISIC_0034003_segmentation.png
1976,train,ISIC_0025352,images/ISIC_0025352.jpg,masks/ISIC_0025352_segmentation.png
1977,train,ISIC_0033819,images/ISIC_0033819.jpg,masks/ISIC_0033819_segmentation.png
1978,train,ISIC_0033665,images/ISIC_0033665.jpg,masks/ISIC_0033665_segmentation.png
1979,train,ISIC_0033294,images/ISIC_0033294.jpg,masks/ISIC_0033294_segmentation.png
1980,train,ISIC_0033661,images/ISIC_0033661.jpg,masks/ISIC_0033661_segmentation.png
1981,train,ISIC_0031221,images/ISIC_0031221.jpg,masks/ISIC_0031221_segmentation.png
1982,train,ISIC_0024825,images/ISIC_0024825.jpg,masks/ISIC_0024825_segmentation.png
1983,train,ISIC_0028022,images/ISIC_0028022.jpg,masks/ISIC_0028022_segmentation.png
1984,train,ISIC_0032341,images/ISIC_0032341.jpg,masks/ISIC_0032341_segmentation.png
1985,train,ISIC_0032696,images/ISIC_0032696.jpg,masks/ISIC_0032696_segmentation.png
1986,train,ISIC_0034057,images/ISIC_0034057.jpg,masks/ISIC_0034057_segmentation.png
1987,train,ISIC_0029828,images/ISIC_0029828.jpg,masks/ISIC_0029828_segmentation.png
1988,train,ISIC_0032896,images/ISIC_0032896.jpg,masks/ISIC_0032896_segmentation.png
1989,train,ISIC_0033887,images/ISIC_0033887.jpg,masks/ISIC_0033887_segmentation.png
1990,train,ISIC_0027047,images/ISIC_0027047.jpg,masks/ISIC_0027047_segmentation.png
1991,train,ISIC_0031159,images/ISIC_0031159.jpg,masks/ISIC_0031159_segmentation.png
1992,train,ISIC_0028923,images/ISIC_0028923.jpg,masks/ISIC_0028923_segmentation.png
1993,train,ISIC_0028664,images/ISIC_0028664.jpg,masks/ISIC_0028664_segmentation.png
1994,train,ISIC_0025747,images/ISIC_0025747.jpg,masks/ISIC_0025747_segmentation.png
1995,train,ISIC_0032918,images/ISIC_0032918.jpg,masks/ISIC_0032918_segmentation.png
1996,train,ISIC_0025771,images/ISIC_0025771.jpg,masks/ISIC_0025771_segmentation.png
1997,train,ISIC_0030856,images/ISIC_0030856.jpg,masks/ISIC_0030856_segmentation.png
1998,train,ISIC_0031413,images/ISIC_0031413.jpg,masks/ISIC_0031413_segmentation.png
1999,train,ISIC_0026736,images/ISIC_0026736.jpg,masks/ISIC_0026736_segmentation.png
2000,train,ISIC_0033496,images/ISIC_0033496.jpg,masks/ISIC_0033496_segmentation.png
2001,train,ISIC_0027536,images/ISIC_0027536.jpg,masks/ISIC_0027536_segmentation.png
2002,train,ISIC_0032245,images/ISIC_0032245.jpg,masks/ISIC_0032245_segmentation.png
2003,train,ISIC_0027678,images/ISIC_0027678.jpg,masks/ISIC_0027678_segmentation.png
2004,train,ISIC_0026751,images/ISIC_0026751.jpg,masks/ISIC_0026751_segmentation.png
2005,train,ISIC_0025355,images/ISIC_0025355.jpg,masks/ISIC_0025355_segmentation.png
2006,train,ISIC_0030743,images/ISIC_0030743.jpg,masks/ISIC_0030743_segmentation.png
2007,train,ISIC_0032614,images/ISIC_0032614.jpg,masks/ISIC_0032614_segmentation.png
2008,train,ISIC_0030992,images/ISIC_0030992.jpg,masks/ISIC_0030992_segmentation.png
2009,train,ISIC_0029730,images/ISIC_0029730.jpg,masks/ISIC_0029730_segmentation.png
2010,train,ISIC_0029369,images/ISIC_0029369.jpg,masks/ISIC_0029369_segmentation.png
2011,train,ISIC_0024444,images/ISIC_0024444.jpg,masks/ISIC_0024444_segmentation.png
2012,train,ISIC_0024720,images/ISIC_0024720.jpg,masks/ISIC_0024720_segmentation.png
2013,train,ISIC_0029724,images/ISIC_0029724.jpg,masks/ISIC_0029724_segmentation.png
2014,train,ISIC_0029304,images/ISIC_0029304.jpg,masks/ISIC_0029304_segmentation.png
2015,train,ISIC_0028843,images/ISIC_0028843.jpg,masks/ISIC_0028843_segmentation.png
2016,train,ISIC_0026079,images/ISIC_0026079.jpg,masks/ISIC_0026079_segmentation.png
2017,train,ISIC_0025219,images/ISIC_0025219.jpg,masks/ISIC_0025219_segmentation.png
2018,train,ISIC_0033110,images/ISIC_0033110.jpg,masks/ISIC_0033110_segmentation.png
2019,train,ISIC_0033274,images/ISIC_0033274.jpg,masks/ISIC_0033274_segmentation.png
2020,train,ISIC_0024483,images/ISIC_0024483.jpg,masks/ISIC_0024483_segmentation.png
2021,train,ISIC_0024620,images/ISIC_0024620.jpg,masks/ISIC_0024620_segmentation.png
2022,train,ISIC_0032361,images/ISIC_0032361.jpg,masks/ISIC_0032361_segmentation.png
2023,train,ISIC_0025425,images/ISIC_0025425.jpg,masks/ISIC_0025425_segmentation.png
2024,train,ISIC_0033921,images/ISIC_0033921.jpg,masks/ISIC_0033921_segmentation.png
2025,train,ISIC_0029136,images/ISIC_0029136.jpg,masks/ISIC_0029136_segmentation.png
2026,train,ISIC_0033283,images/ISIC_0033283.jpg,masks/ISIC_0033283_segmentation.png
2027,train,ISIC_0026289,images/ISIC_0026289.jpg,masks/ISIC_0026289_segmentation.png
2028,train,ISIC_0031873,images/ISIC_0031873.jpg,masks/ISIC_0031873_segmentation.png
2029,train,ISIC_0031926,images/ISIC_0031926.jpg,masks/ISIC_0031926_segmentation.png
2030,train,ISIC_0028432,images/ISIC_0028432.jpg,masks/ISIC_0028432_segmentation.png
2031,train,ISIC_0026624,images/ISIC_0026624.jpg,masks/ISIC_0026624_segmentation.png
2032,train,ISIC_0025580,images/ISIC_0025580.jpg,masks/ISIC_0025580_segmentation.png
2033,train,ISIC_0032339,images/ISIC_0032339.jpg,masks/ISIC_0032339_segmentation.png
2034,train,ISIC_0029760,images/ISIC_0029760.jpg,masks/ISIC_0029760_segmentation.png
2035,train,ISIC_0029798,images/ISIC_0029798.jpg,masks/ISIC_0029798_segmentation.png
2036,train,ISIC_0026541,images/ISIC_0026541.jpg,masks/ISIC_0026541_segmentation.png
2037,train,ISIC_0033209,images/ISIC_0033209.jpg,masks/ISIC_0033209_segmentation.png
2038,train,ISIC_0026862,images/ISIC_0026862.jpg,masks/ISIC_0026862_segmentation.png
2039,train,ISIC_0025263,images/ISIC_0025263.jpg,masks/ISIC_0025263_segmentation.png
2040,train,ISIC_0034011,images/ISIC_0034011.jpg,masks/ISIC_0034011_segmentation.png
2041,train,ISIC_0034103,images/ISIC_0034103.jpg,masks/ISIC_0034103_segmentation.png
2042,train,ISIC_0033229,images/ISIC_0033229.jpg,masks/ISIC_0033229_segmentation.png
2043,train,ISIC_0031405,images/ISIC_0031405.jpg,masks/ISIC_0031405_segmentation.png
2044,train,ISIC_0024607,images/ISIC_0024607.jpg,masks/ISIC_0024607_segmentation.png
2045,train,ISIC_0025521,images/ISIC_0025521.jpg,masks/ISIC_0025521_segmentation.png
2046,train,ISIC_0027556,images/ISIC_0027556.jpg,masks/ISIC_0027556_segmentation.png
2047,train,ISIC_0029873,images/ISIC_0029873.jpg,masks/ISIC_0029873_segmentation.png
2048,train,ISIC_0028334,images/ISIC_0028334.jpg,masks/ISIC_0028334_segmentation.png
2049,train,ISIC_0027605,images/ISIC_0027605.jpg,masks/ISIC_0027605_segmentation.png
2050,train,ISIC_0031883,images/ISIC_0031883.jpg,masks/ISIC_0031883_segmentation.png
2051,train,ISIC_0030645,images/ISIC_0030645.jpg,masks/ISIC_0030645_segmentation.png
2052,train,ISIC_0026331,images/ISIC_0026331.jpg,masks/ISIC_0026331_segmentation.png
2053,train,ISIC_0029062,images/ISIC_0029062.jpg,masks/ISIC_0029062_segmentation.png
2054,train,ISIC_0031330,images/ISIC_0031330.jpg,masks/ISIC_0031330_segmentation.png
2055,train,ISIC_0026794,images/ISIC_0026794.jpg,masks/ISIC_0026794_segmentation.png
2056,train,ISIC_0031755,images/ISIC_0031755.jpg,masks/ISIC_0031755_segmentation.png
2057,train,ISIC_0030276,images/ISIC_0030276.jpg,masks/ISIC_0030276_segmentation.png
2058,train,ISIC_0030426,images/ISIC_0030426.jpg,masks/ISIC_0030426_segmentation.png
2059,train,ISIC_0034160,images/ISIC_0034160.jpg,masks/ISIC_0034160_segmentation.png
2060,train,ISIC_0028646,images/ISIC_0028646.jpg,masks/ISIC_0028646_segmentation.png
2061,train,ISIC_0025918,images/ISIC_0025918.jpg,masks/ISIC_0025918_segmentation.png
2062,train,ISIC_0030650,images/ISIC_0030650.jpg,masks/ISIC_0030650_segmentation.png
2063,train,ISIC_0030691,images/ISIC_0030691.jpg,masks/ISIC_0030691_segmentation.png
2064,train,ISIC_0024758,images/ISIC_0024758.jpg,masks/ISIC_0024758_segmentation.png
2065,train,ISIC_0024912,images/ISIC_0024912.jpg,masks/ISIC_0024912_segmentation.png
2066,train,ISIC_0026555,images/ISIC_0026555.jpg,masks/ISIC_0026555_segmentation.png
2067,train,ISIC_0029110,images/ISIC_0029110.jpg,masks/ISIC_0029110_segmentation.png
2068,train,ISIC_0027481,images/ISIC_0027481.jpg,masks/ISIC_0027481_segmentation.png
2069,train,ISIC_0027133,images/ISIC_0027133.jpg,masks/ISIC_0027133_segmentation.png
2070,train,ISIC_0032189,images/ISIC_0032189.jpg,masks/ISIC_0032189_segmentation.png
2071,train,ISIC_0029909,images/ISIC_0029909.jpg,masks/ISIC_0029909_segmentation.png
2072,train,ISIC_0025575,images/ISIC_0025575.jpg,masks/ISIC_0025575_segmentation.png
2073,train,ISIC_0029711,images/ISIC_0029711.jpg,masks/ISIC_0029711_segmentation.png
2074,train,ISIC_0025087,images/ISIC_0025087.jpg,masks/ISIC_0025087_segmentation.png
2075,train,ISIC_0029216,images/ISIC_0029216.jpg,masks/ISIC_0029216_segmentation.png
2076,train,ISIC_0032201,images/ISIC_0032201.jpg,masks/ISIC_0032201_segmentation.png
2077,train,ISIC_0029586,images/ISIC_0029586.jpg,masks/ISIC_0029586_segmentation.png
2078,train,ISIC_0024800,images/ISIC_0024800.jpg,masks/ISIC_0024800_segmentation.png
2079,train,ISIC_0030460,images/ISIC_0030460.jpg,masks/ISIC_0030460_segmentation.png
2080,train,ISIC_0024455,images/ISIC_0024455.jpg,masks/ISIC_0024455_segmentation.png
2081,train,ISIC_0026087,images/ISIC_0026087.jpg,masks/ISIC_0026087_segmentation.png
2082,train,ISIC_0029795,images/ISIC_0029795.jpg,masks/ISIC_0029795_segmentation.png
2083,train,ISIC_0025723,images/ISIC_0025723.jpg,masks/ISIC_0025723_segmentation.png
2084,train,ISIC_0024952,images/ISIC_0024952.jpg,masks/ISIC_0024952_segmentation.png
2085,train,ISIC_0031589,images/ISIC_0031589.jpg,masks/ISIC_0031589_segmentation.png
2086,train,ISIC_0031663,images/ISIC_0031663.jpg,masks/ISIC_0031663_segmentation.png
2087,train,ISIC_0030468,images/ISIC_0030468.jpg,masks/ISIC_0030468_segmentation.png
2088,train,ISIC_0031217,images/ISIC_0031217.jpg,masks/ISIC_0031217_segmentation.png
2089,train,ISIC_0026936,images/ISIC_0026936.jpg,masks/ISIC_0026936_segmentation.png
2090,train,ISIC_0034173,images/ISIC_0034173.jpg,masks/ISIC_0034173_segmentation.png
2091,train,ISIC_0028622,images/ISIC_0028622.jpg,masks/ISIC_0028622_segmentation.png
2092,train,ISIC_0026080,images/ISIC_0026080.jpg,masks/ISIC_0026080_segmentation.png
2093,train,ISIC_0030738,images/ISIC_0030738.jpg,masks/ISIC_0030738_segmentation.png
2094,train,ISIC_0026378,images/ISIC_0026378.jpg,masks/ISIC_0026378_segmentation.png
2095,train,ISIC_0024764,images/ISIC_0024764.jpg,masks/ISIC_0024764_segmentation.png
2096,train,ISIC_0032991,images/ISIC_0032991.jpg,masks/ISIC_0032991_segmentation.png
2097,train,ISIC_0034288,images/ISIC_0034288.jpg,masks/ISIC_0034288_segmentation.png
2098,train,ISIC_0034113,images/ISIC_0034113.jpg,masks/ISIC_0034113_segmentation.png
2099,train,ISIC_0033223,images/ISIC_0033223.jpg,masks/ISIC_0033223_segmentation.png
2100,train,ISIC_0031729,images/ISIC_0031729.jpg,masks/ISIC_0031729_segmentation.png
2101,train,ISIC_0031441,images/ISIC_0031441.jpg,masks/ISIC_0031441_segmentation.png
2102,train,ISIC_0032068,images/ISIC_0032068.jpg,masks/ISIC_0032068_segmentation.png
2103,train,ISIC_0028172,images/ISIC_0028172.jpg,masks/ISIC_0028172_segmentation.png
2104,train,ISIC_0025707,images/ISIC_0025707.jpg,masks/ISIC_0025707_segmentation.png
2105,train,ISIC_0031618,images/ISIC_0031618.jpg,masks/ISIC_0031618_segmentation.png
2106,train,ISIC_0033965,images/ISIC_0033965.jpg,masks/ISIC_0033965_segmentation.png
2107,train,ISIC_0027903,images/ISIC_0027903.jpg,masks/ISIC_0027903_segmentation.png
2108,train,ISIC_0028703,images/ISIC_0028703.jpg,masks/ISIC_0028703_segmentation.png
2109,train,ISIC_0033381,images/ISIC_0033381.jpg,masks/ISIC_0033381_segmentation.png
2110,train,ISIC_0028708,images/ISIC_0028708.jpg,masks/ISIC_0028708_segmentation.png
2111,train,ISIC_0028728,images/ISIC_0028728.jpg,masks/ISIC_0028728_segmentation.png
2112,train,ISIC_0030393,images/ISIC_0030393.jpg,masks/ISIC_0030393_segmentation.png
2113,train,ISIC_0031092,images/ISIC_0031092.jpg,masks/ISIC_0031092_segmentation.png
2114,train,ISIC_0031206,images/ISIC_0031206.jpg,masks/ISIC_0031206_segmentation.png
2115,train,ISIC_0028861,images/ISIC_0028861.jpg,masks/ISIC_0028861_segmentation.png
2116,train,ISIC_0024548,images/ISIC_0024548.jpg,masks/ISIC_0024548_segmentation.png
2117,train,ISIC_0027134,images/ISIC_0027134.jpg,masks/ISIC_0027134_segmentation.png
2118,train,ISIC_0031520,images/ISIC_0031520.jpg,masks/ISIC_0031520_segmentation.png
2119,train,ISIC_0028257,images/ISIC_0028257.jpg,masks/ISIC_0028257_segmentation.png
2120,train,ISIC_0030115,images/ISIC_0030115.jpg,masks/ISIC_0030115_segmentation.png
2121,train,ISIC_0028727,images/ISIC_0028727.jpg,masks/ISIC_0028727_segmentation.png
2122,train,ISIC_0028940,images/ISIC_0028940.jpg,masks/ISIC_0028940_segmentation.png
2123,train,ISIC_0025764,images/ISIC_0025764.jpg,masks/ISIC_0025764_segmentation.png
2124,train,ISIC_0032589,images/ISIC_0032589.jpg,masks/ISIC_0032589_segmentation.png
2125,train,ISIC_0031044,images/ISIC_0031044.jpg,masks/ISIC_0031044_segmentation.png
2126,train,ISIC_0030191,images/ISIC_0030191.jpg,masks/ISIC_0030191_segmentation.png
2127,train,ISIC_0033101,images/ISIC_0033101.jpg,masks/ISIC_0033101_segmentation.png
2128,train,ISIC_0032077,images/ISIC_0032077.jpg,masks/ISIC_0032077_segmentation.png
2129,train,ISIC_0034109,images/ISIC_0034109.jpg,masks/ISIC_0034109_segmentation.png
2130,train,ISIC_0031840,images/ISIC_0031840.jpg,masks/ISIC_0031840_segmentation.png
2131,train,ISIC_0026999,images/ISIC_0026999.jpg,masks/ISIC_0026999_segmentation.png
2132,train,ISIC_0031008,images/ISIC_0031008.jpg,masks/ISIC_0031008_segmentation.png
2133,train,ISIC_0025873,images/ISIC_0025873.jpg,masks/ISIC_0025873_segmentation.png
2134,train,ISIC_0030859,images/ISIC_0030859.jpg,masks/ISIC_0030859_segmentation.png
2135,train,ISIC_0028730,images/ISIC_0028730.jpg,masks/ISIC_0028730_segmentation.png
2136,train,ISIC_0029255,images/ISIC_0029255.jpg,masks/ISIC_0029255_segmentation.png
2137,train,ISIC_0031839,images/ISIC_0031839.jpg,masks/ISIC_0031839_segmentation.png
2138,train,ISIC_0033434,images/ISIC_0033434.jpg,masks/ISIC_0033434_segmentation.png
2139,train,ISIC_0033771,images/ISIC_0033771.jpg,masks/ISIC_0033771_segmentation.png
2140,train,ISIC_0032644,images/ISIC_0032644.jpg,masks/ISIC_0032644_segmentation.png
2141,train,ISIC_0032277,images/ISIC_0032277.jpg,masks/ISIC_0032277_segmentation.png
2142,train,ISIC_0028678,images/ISIC_0028678.jpg,masks/ISIC_0028678_segmentation.png
2143,train,ISIC_0030796,images/ISIC_0030796.jpg,masks/ISIC_0030796_segmentation.png
2144,train,ISIC_0029792,images/ISIC_0029792.jpg,masks/ISIC_0029792_segmentation.png
2145,train,ISIC_0029359,images/ISIC_0029359.jpg,masks/ISIC_0029359_segmentation.png
2146,train,ISIC_0029383,images/ISIC_0029383.jpg,masks/ISIC_0029383_segmentation.png
2147,train,ISIC_0030215,images/ISIC_0030215.jpg,masks/ISIC_0030215_segmentation.png
2148,train,ISIC_0030010,images/ISIC_0030010.jpg,masks/ISIC_0030010_segmentation.png
2149,train,ISIC_0032416,images/ISIC_0032416.jpg,masks/ISIC_0032416_segmentation.png
2150,train,ISIC_0024447,images/ISIC_0024447.jpg,masks/ISIC_0024447_segmentation.png
2151,train,ISIC_0025393,images/ISIC_0025393.jpg,masks/ISIC_0025393_segmentation.png
2152,train,ISIC_0030694,images/ISIC_0030694.jpg,masks/ISIC_0030694_segmentation.png
2153,train,ISIC_0026298,images/ISIC_0026298.jpg,masks/ISIC_0026298_segmentation.png
2154,train,ISIC_0033929,images/ISIC_0033929.jpg,masks/ISIC_0033929_segmentation.png
2155,train,ISIC_0030281,images/ISIC_0030281.jpg,masks/ISIC_0030281_segmentation.png
2156,train,ISIC_0025373,images/ISIC_0025373.jpg,masks/ISIC_0025373_segmentation.png
2157,train,ISIC_0026455,images/ISIC_0026455.jpg,masks/ISIC_0026455_segmentation.png
2158,train,ISIC_0031928,images/ISIC_0031928.jpg,masks/ISIC_0031928_segmentation.png
2159,train,ISIC_0028914,images/ISIC_0028914.jpg,masks/ISIC_0028914_segmentation.png
2160,train,ISIC_0028078,images/ISIC_0028078.jpg,masks/ISIC_0028078_segmentation.png
2161,train,ISIC_0028623,images/ISIC_0028623.jpg,masks/ISIC_0028623_segmentation.png
2162,train,ISIC_0033304,images/ISIC_0033304.jpg,masks/ISIC_0033304_segmentation.png
2163,train,ISIC_0024578,images/ISIC_0024578.jpg,masks/ISIC_0024578_segmentation.png
2164,train,ISIC_0027853,images/ISIC_0027853.jpg,masks/ISIC_0027853_segmentation.png
2165,train,ISIC_0031885,images/ISIC_0031885.jpg,masks/ISIC_0031885_segmentation.png
2166,train,ISIC_0027823,images/ISIC_0027823.jpg,masks/ISIC_0027823_segmentation.png
2167,train,ISIC_0034305,images/ISIC_0034305.jpg,masks/ISIC_0034305_segmentation.png
2168,train,ISIC_0024490,images/ISIC_0024490.jpg,masks/ISIC_0024490_segmentation.png
2169,train,ISIC_0033961,images/ISIC_0033961.jpg,masks/ISIC_0033961_segmentation.png
2170,train,ISIC_0026352,images/ISIC_0026352.jpg,masks/ISIC_0026352_segmentation.png
2171,train,ISIC_0026476,images/ISIC_0026476.jpg,masks/ISIC_0026476_segmentation.png
2172,train,ISIC_0030730,images/ISIC_0030730.jpg,masks/ISIC_0030730_segmentation.png
2173,train,ISIC_0029955,images/ISIC_0029955.jpg,masks/ISIC_0029955_segmentation.png
2174,train,ISIC_0031949,images/ISIC_0031949.jpg,masks/ISIC_0031949_segmentation.png
2175,train,ISIC_0032799,images/ISIC_0032799.jpg,masks/ISIC_0032799_segmentation.png
2176,train,ISIC_0024379,images/ISIC_0024379.jpg,masks/ISIC_0024379_segmentation.png
2177,train,ISIC_0028506,images/ISIC_0028506.jpg,masks/ISIC_0028506_segmentation.png
2178,train,ISIC_0033880,images/ISIC_0033880.jpg,masks/ISIC_0033880_segmentation.png
2179,train,ISIC_0030491,images/ISIC_0030491.jpg,masks/ISIC_0030491_segmentation.png
2180,train,ISIC_0030678,images/ISIC_0030678.jpg,masks/ISIC_0030678_segmentation.png
2181,train,ISIC_0024900,images/ISIC_0024900.jpg,masks/ISIC_0024900_segmentation.png
2182,train,ISIC_0025221,images/ISIC_0025221.jpg,masks/ISIC_0025221_segmentation.png
2183,train,ISIC_0032062,images/ISIC_0032062.jpg,masks/ISIC_0032062_segmentation.png
2184,train,ISIC_0027396,images/ISIC_0027396.jpg,masks/ISIC_0027396_segmentation.png
2185,train,ISIC_0031918,images/ISIC_0031918.jpg,masks/ISIC_0031918_segmentation.png
2186,train,ISIC_0028671,images/ISIC_0028671.jpg,masks/ISIC_0028671_segmentation.png
2187,train,ISIC_0031214,images/ISIC_0031214.jpg,masks/ISIC_0031214_segmentation.png
2188,train,ISIC_0033412,images/ISIC_0033412.jpg,masks/ISIC_0033412_segmentation.png
2189,train,ISIC_0025361,images/ISIC_0025361.jpg,masks/ISIC_0025361_segmentation.png
2190,train,ISIC_0027315,images/ISIC_0027315.jpg,masks/ISIC_0027315_segmentation.png
2191,train,ISIC_0033645,images/ISIC_0033645.jpg,masks/ISIC_0033645_segmentation.png
2192,train,ISIC_0026510,images/ISIC_0026510.jpg,masks/ISIC_0026510_segmentation.png
2193,train,ISIC_0028637,images/ISIC_0028637.jpg,masks/ISIC_0028637_segmentation.png
2194,train,ISIC_0033570,images/ISIC_0033570.jpg,masks/ISIC_0033570_segmentation.png
2195,train,ISIC_0032716,images/ISIC_0032716.jpg,masks/ISIC_0032716_segmentation.png
2196,train,ISIC_0030831,images/ISIC_0030831.jpg,masks/ISIC_0030831_segmentation.png
2197,train,ISIC_0030380,images/ISIC_0030380.jpg,masks/ISIC_0030380_segmentation.png
2198,train,ISIC_0031196,images/ISIC_0031196.jpg,masks/ISIC_0031196_segmentation.png
2199,train,ISIC_0031878,images/ISIC_0031878.jpg,masks/ISIC_0031878_segmentation.png
2200,train,ISIC_0030855,images/ISIC_0030855.jpg,masks/ISIC_0030855_segmentation.png
2201,train,ISIC_0025538,images/ISIC_0025538.jpg,masks/ISIC_0025538_segmentation.png
2202,train,ISIC_0027227,images/ISIC_0027227.jpg,masks/ISIC_0027227_segmentation.png
2203,train,ISIC_0026850,images/ISIC_0026850.jpg,masks/ISIC_0026850_segmentation.png
2204,train,ISIC_0030802,images/ISIC_0030802.jpg,masks/ISIC_0030802_segmentation.png
2205,train,ISIC_0029625,images/ISIC_0029625.jpg,masks/ISIC_0029625_segmentation.png
2206,train,ISIC_0032366,images/ISIC_0032366.jpg,masks/ISIC_0032366_segmentation.png
2207,train,ISIC_0033216,images/ISIC_0033216.jpg,masks/ISIC_0033216_segmentation.png
2208,train,ISIC_0031009,images/ISIC_0031009.jpg,masks/ISIC_0031009_segmentation.png
2209,train,ISIC_0025553,images/ISIC_0025553.jpg,masks/ISIC_0025553_segmentation.png
2210,train,ISIC_0024700,images/ISIC_0024700.jpg,masks/ISIC_0024700_segmentation.png
2211,train,ISIC_0034273,images/ISIC_0034273.jpg,masks/ISIC_0034273_segmentation.png
2212,train,ISIC_0031602,images/ISIC_0031602.jpg,masks/ISIC_0031602_segmentation.png
2213,train,ISIC_0031231,images/ISIC_0031231.jpg,masks/ISIC_0031231_segmentation.png
2214,train,ISIC_0026063,images/ISIC_0026063.jpg,masks/ISIC_0026063_segmentation.png
2215,train,ISIC_0031168,images/ISIC_0031168.jpg,masks/ISIC_0031168_segmentation.png
2216,train,ISIC_0032146,images/ISIC_0032146.jpg,masks/ISIC_0032146_segmentation.png
2217,train,ISIC_0028735,images/ISIC_0028735.jpg,masks/ISIC_0028735_segmentation.png
2218,train,ISIC_0031719,images/ISIC_0031719.jpg,masks/ISIC_0031719_segmentation.png
2219,train,ISIC_0025531,images/ISIC_0025531.jpg,masks/ISIC_0025531_segmentation.png
2220,train,ISIC_0033546,images/ISIC_0033546.jpg,masks/ISIC_0033546_segmentation.png
2221,train,ISIC_0024487,images/ISIC_0024487.jpg,masks/ISIC_0024487_segmentation.png
2222,train,ISIC_0030259,images/ISIC_0030259.jpg,masks/ISIC_0030259_segmentation.png
2223,train,ISIC_0034299,images/ISIC_0034299.jpg,masks/ISIC_0034299_segmentation.png
2224,train,ISIC_0033348,images/ISIC_0033348.jpg,masks/ISIC_0033348_segmentation.png
2225,train,ISIC_0029053,images/ISIC_0029053.jpg,masks/ISIC_0029053_segmentation.png
2226,train,ISIC_0029164,images/ISIC_0029164.jpg,masks/ISIC_0029164_segmentation.png
2227,train,ISIC_0027366,images/ISIC_0027366.jpg,masks/ISIC_0027366_segmentation.png
2228,train,ISIC_0030807,images/ISIC_0030807.jpg,masks/ISIC_0030807_segmentation.png
2229,train,ISIC_0030988,images/ISIC_0030988.jpg,masks/ISIC_0030988_segmentation.png
2230,train,ISIC_0033352,images/ISIC_0033352.jpg,masks/ISIC_0033352_segmentation.png
2231,train,ISIC_0030922,images/ISIC_0030922.jpg,masks/ISIC_0030922_segmentation.png
2232,train,ISIC_0031025,images/ISIC_0031025.jpg,masks/ISIC_0031025_segmentation.png
2233,train,ISIC_0026964,images/ISIC_0026964.jpg,masks/ISIC_0026964_segmentation.png
2234,train,ISIC_0032026,images/ISIC_0032026.jpg,masks/ISIC_0032026_segmentation.png
2235,train,ISIC_0028059,images/ISIC_0028059.jpg,masks/ISIC_0028059_segmentation.png
2236,train,ISIC_0028598,images/ISIC_0028598.jpg,masks/ISIC_0028598_segmentation.png
2237,train,ISIC_0028814,images/ISIC_0028814.jpg,masks/ISIC_0028814_segmentation.png
2238,train,ISIC_0031135,images/ISIC_0031135.jpg,masks/ISIC_0031135_segmentation.png
2239,train,ISIC_0026193,images/ISIC_0026193.jpg,masks/ISIC_0026193_segmentation.png
2240,train,ISIC_0028016,images/ISIC_0028016.jpg,masks/ISIC_0028016_segmentation.png
2241,train,ISIC_0031115,images/ISIC_0031115.jpg,masks/ISIC_0031115_segmentation.png
2242,train,ISIC_0025808,images/ISIC_0025808.jpg,masks/ISIC_0025808_segmentation.png
2243,train,ISIC_0032510,images/ISIC_0032510.jpg,masks/ISIC_0032510_segmentation.png
2244,train,ISIC_0030313,images/ISIC_0030313.jpg,masks/ISIC_0030313_segmentation.png
2245,train,ISIC_0026529,images/ISIC_0026529.jpg,masks/ISIC_0026529_segmentation.png
2246,train,ISIC_0031803,images/ISIC_0031803.jpg,masks/ISIC_0031803_segmentation.png
2247,train,ISIC_0032190,images/ISIC_0032190.jpg,masks/ISIC_0032190_segmentation.png
2248,train,ISIC_0032103,images/ISIC_0032103.jpg,masks/ISIC_0032103_segmentation.png
2249,train,ISIC_0033181,images/ISIC_0033181.jpg,masks/ISIC_0033181_segmentation.png
2250,train,ISIC_0025241,images/ISIC_0025241.jpg,masks/ISIC_0025241_segmentation.png
2251,train,ISIC_0031938,images/ISIC_0031938.jpg,masks/ISIC_0031938_segmentation.png
2252,train,ISIC_0034140,images/ISIC_0034140.jpg,masks/ISIC_0034140_segmentation.png
2253,train,ISIC_0033870,images/ISIC_0033870.jpg,masks/ISIC_0033870_segmentation.png
2254,train,ISIC_0033144,images/ISIC_0033144.jpg,masks/ISIC_0033144_segmentation.png
2255,train,ISIC_0028263,images/ISIC_0028263.jpg,masks/ISIC_0028263_segmentation.png
2256,train,ISIC_0032315,images/ISIC_0032315.jpg,masks/ISIC_0032315_segmentation.png
2257,train,ISIC_0031514,images/ISIC_0031514.jpg,masks/ISIC_0031514_segmentation.png
2258,train,ISIC_0024325,images/ISIC_0024325.jpg,masks/ISIC_0024325_segmentation.png
2259,train,ISIC_0032424,images/ISIC_0032424.jpg,masks/ISIC_0032424_segmentation.png
2260,train,ISIC_0026262,images/ISIC_0026262.jpg,masks/ISIC_0026262_segmentation.png
2261,train,ISIC_0029335,images/ISIC_0029335.jpg,masks/ISIC_0029335_segmentation.png
2262,train,ISIC_0031876,images/ISIC_0031876.jpg,masks/ISIC_0031876_segmentation.png
2263,train,ISIC_0030812,images/ISIC_0030812.jpg,masks/ISIC_0030812_segmentation.png
2264,train,ISIC_0029892,images/ISIC_0029892.jpg,masks/ISIC_0029892_segmentation.png
2265,train,ISIC_0031386,images/ISIC_0031386.jpg,masks/ISIC_0031386_segmentation.png
2266,train,ISIC_0029405,images/ISIC_0029405.jpg,masks/ISIC_0029405_segmentation.png
2267,train,ISIC_0031134,images/ISIC_0031134.jpg,masks/ISIC_0031134_segmentation.png
2268,train,ISIC_0025518,images/ISIC_0025518.jpg,masks/ISIC_0025518_segmentation.png
2269,train,ISIC_0025598,images/ISIC_0025598.jpg,masks/ISIC_0025598_segmentation.png
2270,train,ISIC_0032971,images/ISIC_0032971.jpg,masks/ISIC_0032971_segmentation.png
2271,train,ISIC_0031820,images/ISIC_0031820.jpg,masks/ISIC_0031820_segmentation.png
2272,train,ISIC_0032192,images/ISIC_0032192.jpg,masks/ISIC_0032192_segmentation.png
2273,train,ISIC_0032849,images/ISIC_0032849.jpg,masks/ISIC_0032849_segmentation.png
2274,train,ISIC_0030624,images/ISIC_0030624.jpg,masks/ISIC_0030624_segmentation.png
2275,train,ISIC_0030660,images/ISIC_0030660.jpg,masks/ISIC_0030660_segmentation.png
2276,train,ISIC_0026681,images/ISIC_0026681.jpg,masks/ISIC_0026681_segmentation.png
2277,train,ISIC_0032638,images/ISIC_0032638.jpg,masks/ISIC_0032638_segmentation.png
2278,train,ISIC_0028171,images/ISIC_0028171.jpg,masks/ISIC_0028171_segmentation.png
2279,train,ISIC_0024992,images/ISIC_0024992.jpg,masks/ISIC_0024992_segmentation.png
2280,train,ISIC_0027576,images/ISIC_0027576.jpg,masks/ISIC_0027576_segmentation.png
2281,train,ISIC_0024997,images/ISIC_0024997.jpg,masks/ISIC_0024997_segmentation.png
2282,train,ISIC_0025315,images/ISIC_0025315.jpg,masks/ISIC_0025315_segmentation.png
2283,train,ISIC_0027065,images/ISIC_0027065.jpg,masks/ISIC_0027065_segmentation.png
2284,train,ISIC_0028709,images/ISIC_0028709.jpg,masks/ISIC_0028709_segmentation.png
2285,train,ISIC_0026583,images/ISIC_0026583.jpg,masks/ISIC_0026583_segmentation.png
2286,train,ISIC_0027599,images/ISIC_0027599.jpg,masks/ISIC_0027599_segmentation.png
2287,train,ISIC_0032826,images/ISIC_0032826.jpg,masks/ISIC_0032826_segmentation.png
2288,train,ISIC_0024366,images/ISIC_0024366.jpg,masks/ISIC_0024366_segmentation.png
2289,train,ISIC_0031024,images/ISIC_0031024.jpg,masks/ISIC_0031024_segmentation.png
2290,train,ISIC_0030735,images/ISIC_0030735.jpg,masks/ISIC_0030735_segmentation.png
2291,train,ISIC_0028704,images/ISIC_0028704.jpg,masks/ISIC_0028704_segmentation.png
2292,train,ISIC_0030966,images/ISIC_0030966.jpg,masks/ISIC_0030966_segmentation.png
2293,train,ISIC_0026935,images/ISIC_0026935.jpg,masks/ISIC_0026935_segmentation.png
2294,train,ISIC_0033851,images/ISIC_0033851.jpg,masks/ISIC_0033851_segmentation.png
2295,train,ISIC_0030626,images/ISIC_0030626.jpg,masks/ISIC_0030626_segmentation.png
2296,train,ISIC_0031507,images/ISIC_0031507.jpg,masks/ISIC_0031507_segmentation.png
2297,train,ISIC_0030941,images/ISIC_0030941.jpg,masks/ISIC_0030941_segmentation.png
2298,train,ISIC_0033344,images/ISIC_0033344.jpg,masks/ISIC_0033344_segmentation.png
2299,train,ISIC_0030069,images/ISIC_0030069.jpg,masks/ISIC_0030069_segmentation.png
2300,train,ISIC_0025540,images/ISIC_0025540.jpg,masks/ISIC_0025540_segmentation.png
2301,train,ISIC_0031656,images/ISIC_0031656.jpg,masks/ISIC_0031656_segmentation.png
2302,train,ISIC_0032513,images/ISIC_0032513.jpg,masks/ISIC_0032513_segmentation.png
2303,train,ISIC_0033615,images/ISIC_0033615.jpg,masks/ISIC_0033615_segmentation.png
2304,train,ISIC_0026849,images/ISIC_0026849.jpg,masks/ISIC_0026849_segmentation.png
2305,train,ISIC_0033561,images/ISIC_0033561.jpg,masks/ISIC_0033561_segmentation.png
2306,train,ISIC_0032592,images/ISIC_0032592.jpg,masks/ISIC_0032592_segmentation.png
2307,train,ISIC_0025892,images/ISIC_0025892.jpg,masks/ISIC_0025892_segmentation.png
2308,train,ISIC_0029478,images/ISIC_0029478.jpg,masks/ISIC_0029478_segmentation.png
2309,train,ISIC_0032216,images/ISIC_0032216.jpg,masks/ISIC_0032216_segmentation.png
2310,train,ISIC_0030849,images/ISIC_0030849.jpg,masks/ISIC_0030849_segmentation.png
2311,train,ISIC_0026613,images/ISIC_0026613.jpg,masks/ISIC_0026613_segmentation.png
2312,train,ISIC_0030096,images/ISIC_0030096.jpg,masks/ISIC_0030096_segmentation.png
2313,train,ISIC_0029283,images/ISIC_0029283.jpg,masks/ISIC_0029283_segmentation.png
2314,train,ISIC_0027042,images/ISIC_0027042.jpg,masks/ISIC_0027042_segmentation.png
2315,train,ISIC_0031013,images/ISIC_0031013.jpg,masks/ISIC_0031013_segmentation.png
2316,train,ISIC_0028130,images/ISIC_0028130.jpg,masks/ISIC_0028130_segmentation.png
2317,train,ISIC_0033004,images/ISIC_0033004.jpg,masks/ISIC_0033004_segmentation.png
2318,train,ISIC_0033888,images/ISIC_0033888.jpg,masks/ISIC_0033888_segmentation.png
2319,train,ISIC_0034280,images/ISIC_0034280.jpg,masks/ISIC_0034280_segmentation.png
2320,train,ISIC_0025114,images/ISIC_0025114.jpg,masks/ISIC_0025114_segmentation.png
2321,train,ISIC_0029573,images/ISIC_0029573.jpg,masks/ISIC_0029573_segmentation.png
2322,train,ISIC_0033015,images/ISIC_0033015.jpg,masks/ISIC_0033015_segmentation.png
2323,train,ISIC_0033786,images/ISIC_0033786.jpg,masks/ISIC_0033786_segmentation.png
2324,train,ISIC_0025244,images/ISIC_0025244.jpg,masks/ISIC_0025244_segmentation.png
2325,train,ISIC_0027466,images/ISIC_0027466.jpg,masks/ISIC_0027466_segmentation.png
2326,train,ISIC_0029639,images/ISIC_0029639.jpg,masks/ISIC_0029639_segmentation.png
2327,train,ISIC_0033324,images/ISIC_0033324.jpg,masks/ISIC_0033324_segmentation.png
2328,train,ISIC_0026249,images/ISIC_0026249.jpg,masks/ISIC_0026249_segmentation.png
2329,train,ISIC_0031937,images/ISIC_0031937.jpg,masks/ISIC_0031937_segmentation.png
2330,train,ISIC_0026710,images/ISIC_0026710.jpg,masks/ISIC_0026710_segmentation.png
2331,train,ISIC_0030314,images/ISIC_0030314.jpg,masks/ISIC_0030314_segmentation.png
2332,train,ISIC_0026373,images/ISIC_0026373.jpg,masks/ISIC_0026373_segmentation.png
2333,train,ISIC_0034085,images/ISIC_0034085.jpg,masks/ISIC_0034085_segmentation.png
2334,train,ISIC_0027579,images/ISIC_0027579.jpg,masks/ISIC_0027579_segmentation.png
2335,train,ISIC_0028974,images/ISIC_0028974.jpg,masks/ISIC_0028974_segmentation.png
2336,train,ISIC_0026023,images/ISIC_0026023.jpg,masks/ISIC_0026023_segmentation.png
2337,train,ISIC_0030334,images/ISIC_0030334.jpg,masks/ISIC_0030334_segmentation.png
2338,train,ISIC_0031977,images/ISIC_0031977.jpg,masks/ISIC_0031977_segmentation.png
2339,train,ISIC_0029588,images/ISIC_0029588.jpg,masks/ISIC_0029588_segmentation.png
2340,train,ISIC_0026310,images/ISIC_0026310.jpg,masks/ISIC_0026310_segmentation.png
2341,train,ISIC_0028764,images/ISIC_0028764.jpg,masks/ISIC_0028764_segmentation.png
2342,train,ISIC_0025985,images/ISIC_0025985.jpg,masks/ISIC_0025985_segmentation.png
2343,train,ISIC_0027857,images/ISIC_0027857.jpg,masks/ISIC_0027857_segmentation.png
2344,train,ISIC_0032406,images/ISIC_0032406.jpg,masks/ISIC_0032406_segmentation.png
2345,train,ISIC_0034177,images/ISIC_0034177.jpg,masks/ISIC_0034177_segmentation.png
2346,train,ISIC_0024543,images/ISIC_0024543.jpg,masks/ISIC_0024543_segmentation.png
2347,train,ISIC_0030886,images/ISIC_0030886.jpg,masks/ISIC_0030886_segmentation.png
2348,train,ISIC_0025446,images/ISIC_0025446.jpg,masks/ISIC_0025446_segmentation.png
2349,train,ISIC_0026617,images/ISIC_0026617.jpg,masks/ISIC_0026617_segmentation.png
2350,train,ISIC_0032914,images/ISIC_0032914.jpg,masks/ISIC_0032914_segmentation.png
2351,train,ISIC_0033906,images/ISIC_0033906.jpg,masks/ISIC_0033906_segmentation.png
2352,train,ISIC_0028139,images/ISIC_0028139.jpg,masks/ISIC_0028139_segmentation.png
2353,train,ISIC_0029927,images/ISIC_0029927.jpg,masks/ISIC_0029927_segmentation.png
2354,train,ISIC_0033465,images/ISIC_0033465.jpg,masks/ISIC_0033465_segmentation.png
2355,train,ISIC_0024656,images/ISIC_0024656.jpg,masks/ISIC_0024656_segmentation.png
2356,train,ISIC_0024386,images/ISIC_0024386.jpg,masks/ISIC_0024386_segmentation.png
2357,train,ISIC_0024504,images/ISIC_0024504.jpg,masks/ISIC_0024504_segmentation.png
2358,train,ISIC_0027456,images/ISIC_0027456.jpg,masks/ISIC_0027456_segmentation.png
2359,train,ISIC_0025060,images/ISIC_0025060.jpg,masks/ISIC_0025060_segmentation.png
2360,train,ISIC_0025976,images/ISIC_0025976.jpg,masks/ISIC_0025976_segmentation.png
2361,train,ISIC_0028606,images/ISIC_0028606.jpg,masks/ISIC_0028606_segmentation.png
2362,train,ISIC_0027684,images/ISIC_0027684.jpg,masks/ISIC_0027684_segmentation.png
2363,train,ISIC_0032585,images/ISIC_0032585.jpg,masks/ISIC_0032585_segmentation.png
2364,train,ISIC_0034054,images/ISIC_0034054.jpg,masks/ISIC_0034054_segmentation.png
2365,train,ISIC_0032331,images/ISIC_0032331.jpg,masks/ISIC_0032331_segmentation.png
2366,train,ISIC_0026261,images/ISIC_0026261.jpg,masks/ISIC_0026261_segmentation.png
2367,train,ISIC_0030146,images/ISIC_0030146.jpg,masks/ISIC_0030146_segmentation.png
2368,train,ISIC_0029105,images/ISIC_0029105.jpg,masks/ISIC_0029105_segmentation.png
2369,train,ISIC_0027991,images/ISIC_0027991.jpg,masks/ISIC_0027991_segmentation.png
2370,train,ISIC_0027071,images/ISIC_0027071.jpg,masks/ISIC_0027071_segmentation.png
2371,train,ISIC_0029495,images/ISIC_0029495.jpg,masks/ISIC_0029495_segmentation.png
2372,train,ISIC_0025890,images/ISIC_0025890.jpg,masks/ISIC_0025890_segmentation.png
2373,train,ISIC_0033172,images/ISIC_0033172.jpg,masks/ISIC_0033172_segmentation.png
2374,train,ISIC_0028858,images/ISIC_0028858.jpg,masks/ISIC_0028858_segmentation.png
2375,train,ISIC_0031000,images/ISIC_0031000.jpg,masks/ISIC_0031000_segmentation.png
2376,train,ISIC_0032708,images/ISIC_0032708.jpg,masks/ISIC_0032708_segmentation.png
2377,train,ISIC_0027881,images/ISIC_0027881.jpg,masks/ISIC_0027881_segmentation.png
2378,train,ISIC_0031348,images/ISIC_0031348.jpg,masks/ISIC_0031348_segmentation.png
2379,train,ISIC_0031868,images/ISIC_0031868.jpg,masks/ISIC_0031868_segmentation.png
2380,train,ISIC_0025363,images/ISIC_0025363.jpg,masks/ISIC_0025363_segmentation.png
2381,train,ISIC_0033044,images/ISIC_0033044.jpg,masks/ISIC_0033044_segmentation.png
2382,train,ISIC_0029590,images/ISIC_0029590.jpg,masks/ISIC_0029590_segmentation.png
2383,train,ISIC_0025173,images/ISIC_0025173.jpg,masks/ISIC_0025173_segmentation.png
2384,train,ISIC_0033703,images/ISIC_0033703.jpg,masks/ISIC_0033703_segmentation.png
2385,train,ISIC_0027935,images/ISIC_0027935.jpg,masks/ISIC_0027935_segmentation.png
2386,train,ISIC_0031091,images/ISIC_0031091.jpg,masks/ISIC_0031091_segmentation.png
2387,train,ISIC_0027626,images/ISIC_0027626.jpg,masks/ISIC_0027626_segmentation.png
2388,train,ISIC_0027493,images/ISIC_0027493.jpg,masks/ISIC_0027493_segmentation.png
2389,train,ISIC_0031590,images/ISIC_0031590.jpg,masks/ISIC_0031590_segmentation.png
2390,train,ISIC_0029555,images/ISIC_0029555.jpg,masks/ISIC_0029555_segmentation.png
2391,train,ISIC_0029474,images/ISIC_0029474.jpg,masks/ISIC_0029474_segmentation.png
2392,train,ISIC_0032493,images/ISIC_0032493.jpg,masks/ISIC_0032493_segmentation.png
2393,train,ISIC_0028316,images/ISIC_0028316.jpg,masks/ISIC_0028316_segmentation.png
2394,train,ISIC_0030356,images/ISIC_0030356.jpg,masks/ISIC_0030356_segmentation.png
2395,train,ISIC_0032880,images/ISIC_0032880.jpg,masks/ISIC_0032880_segmentation.png
2396,train,ISIC_0029811,images/ISIC_0029811.jpg,masks/ISIC_0029811_segmentation.png
2397,train,ISIC_0032724,images/ISIC_0032724.jpg,masks/ISIC_0032724_segmentation.png
2398,train,ISIC_0028369,images/ISIC_0028369.jpg,masks/ISIC_0028369_segmentation.png
2399,train,ISIC_0028751,images/ISIC_0028751.jpg,masks/ISIC_0028751_segmentation.png
2400,train,ISIC_0026563,images/ISIC_0026563.jpg,masks/ISIC_0026563_segmentation.png
2401,train,ISIC_0030189,images/ISIC_0030189.jpg,masks/ISIC_0030189_segmentation.png
2402,train,ISIC_0028964,images/ISIC_0028964.jpg,masks/ISIC_0028964_segmentation.png
2403,train,ISIC_0024798,images/ISIC_0024798.jpg,masks/ISIC_0024798_segmentation.png
2404,train,ISIC_0027497,images/ISIC_0027497.jpg,masks/ISIC_0027497_segmentation.png
2405,train,ISIC_0028305,images/ISIC_0028305.jpg,masks/ISIC_0028305_segmentation.png
2406,train,ISIC_0028037,images/ISIC_0028037.jpg,masks/ISIC_0028037_segmentation.png
2407,train,ISIC_0025136,images/ISIC_0025136.jpg,masks/ISIC_0025136_segmentation.png
2408,train,ISIC_0024342,images/ISIC_0024342.jpg,masks/ISIC_0024342_segmentation.png
2409,train,ISIC_0027804,images/ISIC_0027804.jpg,masks/ISIC_0027804_segmentation.png
2410,train,ISIC_0028844,images/ISIC_0028844.jpg,masks/ISIC_0028844_segmentation.png
2411,train,ISIC_0027328,images/ISIC_0027328.jpg,masks/ISIC_0027328_segmentation.png
2412,train,ISIC_0033735,images/ISIC_0033735.jpg,masks/ISIC_0033735_segmentation.png
2413,train,ISIC_0032336,images/ISIC_0032336.jpg,masks/ISIC_0032336_segmentation.png
2414,train,ISIC_0029647,images/ISIC_0029647.jpg,masks/ISIC_0029647_segmentation.png
2415,train,ISIC_0034219,images/ISIC_0034219.jpg,masks/ISIC_0034219_segmentation.png
2416,train,ISIC_0024943,images/ISIC_0024943.jpg,masks/ISIC_0024943_segmentation.png
2417,train,ISIC_0028089,images/ISIC_0028089.jpg,masks/ISIC_0028089_segmentation.png
2418,train,ISIC_0026645,images/ISIC_0026645.jpg,masks/ISIC_0026645_segmentation.png
2419,train,ISIC_0026117,images/ISIC_0026117.jpg,masks/ISIC_0026117_segmentation.png
2420,train,ISIC_0034202,images/ISIC_0034202.jpg,masks/ISIC_0034202_segmentation.png
2421,train,ISIC_0027777,images/ISIC_0027777.jpg,masks/ISIC_0027777_segmentation.png
2422,train,ISIC_0027573,images/ISIC_0027573.jpg,masks/ISIC_0027573_segmentation.png
2423,train,ISIC_0034189,images/ISIC_0034189.jpg,masks/ISIC_0034189_segmentation.png
2424,train,ISIC_0029380,images/ISIC_0029380.jpg,masks/ISIC_0029380_segmentation.png
2425,train,ISIC_0024760,images/ISIC_0024760.jpg,masks/ISIC_0024760_segmentation.png
2426,train,ISIC_0030797,images/ISIC_0030797.jpg,masks/ISIC_0030797_segmentation.png
2427,train,ISIC_0029511,images/ISIC_0029511.jpg,masks/ISIC_0029511_segmentation.png
2428,train,ISIC_0033159,images/ISIC_0033159.jpg,masks/ISIC_0033159_segmentation.png
2429,train,ISIC_0027351,images/ISIC_0027351.jpg,masks/ISIC_0027351_segmentation.png
2430,train,ISIC_0026429,images/ISIC_0026429.jpg,masks/ISIC_0026429_segmentation.png
2431,train,ISIC_0028446,images/ISIC_0028446.jpg,masks/ISIC_0028446_segmentation.png
2432,train,ISIC_0029544,images/ISIC_0029544.jpg,masks/ISIC_0029544_segmentation.png
2433,train,ISIC_0032882,images/ISIC_0032882.jpg,masks/ISIC_0032882_segmentation.png
2434,train,ISIC_0029812,images/ISIC_0029812.jpg,masks/ISIC_0029812_segmentation.png
2435,train,ISIC_0030409,images/ISIC_0030409.jpg,masks/ISIC_0030409_segmentation.png
2436,train,ISIC_0025487,images/ISIC_0025487.jpg,masks/ISIC_0025487_segmentation.png
2437,train,ISIC_0026842,images/ISIC_0026842.jpg,masks/ISIC_0026842_segmentation.png
2438,train,ISIC_0027525,images/ISIC_0027525.jpg,masks/ISIC_0027525_segmentation.png
2439,train,ISIC_0033062,images/ISIC_0033062.jpg,masks/ISIC_0033062_segmentation.png
2440,train,ISIC_0026276,images/ISIC_0026276.jpg,masks/ISIC_0026276_segmentation.png
2441,train,ISIC_0029248,images/ISIC_0029248.jpg,masks/ISIC_0029248_segmentation.png
2442,train,ISIC_0031599,images/ISIC_0031599.jpg,masks/ISIC_0031599_segmentation.png
2443,train,ISIC_0029744,images/ISIC_0029744.jpg,masks/ISIC_0029744_segmentation.png
2444,train,ISIC_0031051,images/ISIC_0031051.jpg,masks/ISIC_0031051_segmentation.png
2445,train,ISIC_0024506,images/ISIC_0024506.jpg,masks/ISIC_0024506_segmentation.png
2446,train,ISIC_0026926,images/ISIC_0026926.jpg,masks/ISIC_0026926_segmentation.png
2447,train,ISIC_0032445,images/ISIC_0032445.jpg,masks/ISIC_0032445_segmentation.png
2448,train,ISIC_0028816,images/ISIC_0028816.jpg,masks/ISIC_0028816_segmentation.png
2449,train,ISIC_0030873,images/ISIC_0030873.jpg,masks/ISIC_0030873_segmentation.png
2450,train,ISIC_0029147,images/ISIC_0029147.jpg,masks/ISIC_0029147_segmentation.png
2451,train,ISIC_0024608,images/ISIC_0024608.jpg,masks/ISIC_0024608_segmentation.png
2452,train,ISIC_0029776,images/ISIC_0029776.jpg,masks/ISIC_0029776_segmentation.png
2453,train,ISIC_0033204,images/ISIC_0033204.jpg,masks/ISIC_0033204_segmentation.png
2454,train,ISIC_0028906,images/ISIC_0028906.jpg,masks/ISIC_0028906_segmentation.png
2455,train,ISIC_0028326,images/ISIC_0028326.jpg,masks/ISIC_0028326_segmentation.png
2456,train,ISIC_0030284,images/ISIC_0030284.jpg,masks/ISIC_0030284_segmentation.png
2457,train,ISIC_0032637,images/ISIC_0032637.jpg,masks/ISIC_0032637_segmentation.png
2458,train,ISIC_0025009,images/ISIC_0025009.jpg,masks/ISIC_0025009_segmentation.png
2459,train,ISIC_0028617,images/ISIC_0028617.jpg,masks/ISIC_0028617_segmentation.png
2460,train,ISIC_0029700,images/ISIC_0029700.jpg,masks/ISIC_0029700_segmentation.png
2461,train,ISIC_0034176,images/ISIC_0034176.jpg,masks/ISIC_0034176_segmentation.png
2462,train,ISIC_0025612,images/ISIC_0025612.jpg,masks/ISIC_0025612_segmentation.png
2463,train,ISIC_0030133,images/ISIC_0030133.jpg,masks/ISIC_0030133_segmentation.png
2464,train,ISIC_0026810,images/ISIC_0026810.jpg,masks/ISIC_0026810_segmentation.png
2465,train,ISIC_0025029,images/ISIC_0025029.jpg,masks/ISIC_0025029_segmentation.png
2466,train,ISIC_0029953,images/ISIC_0029953.jpg,masks/ISIC_0029953_segmentation.png
2467,train,ISIC_0033583,images/ISIC_0033583.jpg,masks/ISIC_0033583_segmentation.png
2468,train,ISIC_0030547,images/ISIC_0030547.jpg,masks/ISIC_0030547_segmentation.png
2469,train,ISIC_0032320,images/ISIC_0032320.jpg,masks/ISIC_0032320_segmentation.png
2470,train,ISIC_0031614,images/ISIC_0031614.jpg,masks/ISIC_0031614_segmentation.png
2471,train,ISIC_0032293,images/ISIC_0032293.jpg,masks/ISIC_0032293_segmentation.png
2472,train,ISIC_0031528,images/ISIC_0031528.jpg,masks/ISIC_0031528_segmentation.png
2473,train,ISIC_0029521,images/ISIC_0029521.jpg,masks/ISIC_0029521_segmentation.png
2474,train,ISIC_0024661,images/ISIC_0024661.jpg,masks/ISIC_0024661_segmentation.png
2475,train,ISIC_0026360,images/ISIC_0026360.jpg,masks/ISIC_0026360_segmentation.png
2476,train,ISIC_0028025,images/ISIC_0028025.jpg,masks/ISIC_0028025_segmentation.png
2477,train,ISIC_0031674,images/ISIC_0031674.jpg,masks/ISIC_0031674_segmentation.png
2478,train,ISIC_0031935,images/ISIC_0031935.jpg,masks/ISIC_0031935_segmentation.png
2479,train,ISIC_0025646,images/ISIC_0025646.jpg,masks/ISIC_0025646_segmentation.png
2480,train,ISIC_0025018,images/ISIC_0025018.jpg,masks/ISIC_0025018_segmentation.png
2481,train,ISIC_0032075,images/ISIC_0032075.jpg,masks/ISIC_0032075_segmentation.png
2482,train,ISIC_0033422,images/ISIC_0033422.jpg,masks/ISIC_0033422_segmentation.png
2483,train,ISIC_0034052,images/ISIC_0034052.jpg,masks/ISIC_0034052_segmentation.png
2484,train,ISIC_0027586,images/ISIC_0027586.jpg,masks/ISIC_0027586_segmentation.png
2485,train,ISIC_0029883,images/ISIC_0029883.jpg,masks/ISIC_0029883_segmentation.png
2486,train,ISIC_0026032,images/ISIC_0026032.jpg,masks/ISIC_0026032_segmentation.png
2487,train,ISIC_0025229,images/ISIC_0025229.jpg,masks/ISIC_0025229_segmentation.png
2488,train,ISIC_0025091,images/ISIC_0025091.jpg,masks/ISIC_0025091_segmentation.png
2489,train,ISIC_0026315,images/ISIC_0026315.jpg,masks/ISIC_0026315_segmentation.png
2490,train,ISIC_0033783,images/ISIC_0033783.jpg,masks/ISIC_0033783_segmentation.png
2491,train,ISIC_0024338,images/ISIC_0024338.jpg,masks/ISIC_0024338_segmentation.png
2492,train,ISIC_0028626,images/ISIC_0028626.jpg,masks/ISIC_0028626_segmentation.png
2493,train,ISIC_0026702,images/ISIC_0026702.jpg,masks/ISIC_0026702_segmentation.png
2494,train,ISIC_0034245,images/ISIC_0034245.jpg,masks/ISIC_0034245_segmentation.png
2495,train,ISIC_0031857,images/ISIC_0031857.jpg,masks/ISIC_0031857_segmentation.png
2496,train,ISIC_0029916,images/ISIC_0029916.jpg,masks/ISIC_0029916_segmentation.png
2497,train,ISIC_0028518,images/ISIC_0028518.jpg,masks/ISIC_0028518_segmentation.png
2498,train,ISIC_0034205,images/ISIC_0034205.jpg,masks/ISIC_0034205_segmentation.png
2499,train,ISIC_0027549,images/ISIC_0027549.jpg,masks/ISIC_0027549_segmentation.png
2500,train,ISIC_0029817,images/ISIC_0029817.jpg,masks/ISIC_0029817_segmentation.png
2501,train,ISIC_0026070,images/ISIC_0026070.jpg,masks/ISIC_0026070_segmentation.png
2502,train,ISIC_0027365,images/ISIC_0027365.jpg,masks/ISIC_0027365_segmentation.png
2503,train,ISIC_0029038,images/ISIC_0029038.jpg,masks/ISIC_0029038_segmentation.png
2504,train,ISIC_0026550,images/ISIC_0026550.jpg,masks/ISIC_0026550_segmentation.png
2505,train,ISIC_0033866,images/ISIC_0033866.jpg,masks/ISIC_0033866_segmentation.png
2506,train,ISIC_0029170,images/ISIC_0029170.jpg,masks/ISIC_0029170_segmentation.png
2507,train,ISIC_0029885,images/ISIC_0029885.jpg,masks/ISIC_0029885_segmentation.png
2508,train,ISIC_0030064,images/ISIC_0030064.jpg,masks/ISIC_0030064_segmentation.png
2509,train,ISIC_0031241,images/ISIC_0031241.jpg,masks/ISIC_0031241_segmentation.png
2510,train,ISIC_0034151,images/ISIC_0034151.jpg,masks/ISIC_0034151_segmentation.png
2511,train,ISIC_0033720,images/ISIC_0033720.jpg,masks/ISIC_0033720_segmentation.png
2512,train,ISIC_0030371,images/ISIC_0030371.jpg,masks/ISIC_0030371_segmentation.png
2513,train,ISIC_0030330,images/ISIC_0030330.jpg,masks/ISIC_0030330_segmentation.png
2514,train,ISIC_0026184,images/ISIC_0026184.jpg,masks/ISIC_0026184_segmentation.png
2515,train,ISIC_0031967,images/ISIC_0031967.jpg,masks/ISIC_0031967_segmentation.png
2516,train,ISIC_0027330,images/ISIC_0027330.jpg,masks/ISIC_0027330_segmentation.png
2517,train,ISIC_0033128,images/ISIC_0033128.jpg,masks/ISIC_0033128_segmentation.png
2518,train,ISIC_0031658,images/ISIC_0031658.jpg,masks/ISIC_0031658_segmentation.png
2519,train,ISIC_0024485,images/ISIC_0024485.jpg,masks/ISIC_0024485_segmentation.png
2520,train,ISIC_0031300,images/ISIC_0031300.jpg,masks/ISIC_0031300_segmentation.png
2521,train,ISIC_0028299,images/ISIC_0028299.jpg,masks/ISIC_0028299_segmentation.png
2522,train,ISIC_0026963,images/ISIC_0026963.jpg,masks/ISIC_0026963_segmentation.png
2523,train,ISIC_0027621,images/ISIC_0027621.jpg,masks/ISIC_0027621_segmentation.png
2524,train,ISIC_0024891,images/ISIC_0024891.jpg,masks/ISIC_0024891_segmentation.png
2525,train,ISIC_0033798,images/ISIC_0033798.jpg,masks/ISIC_0033798_segmentation.png
2526,train,ISIC_0024360,images/ISIC_0024360.jpg,masks/ISIC_0024360_segmentation.png
2527,train,ISIC_0029658,images/ISIC_0029658.jpg,masks/ISIC_0029658_segmentation.png
2528,train,ISIC_0028131,images/ISIC_0028131.jpg,masks/ISIC_0028131_segmentation.png
2529,train,ISIC_0030892,images/ISIC_0030892.jpg,masks/ISIC_0030892_segmentation.png
2530,train,ISIC_0031860,images/ISIC_0031860.jpg,masks/ISIC_0031860_segmentation.png
2531,train,ISIC_0030608,images/ISIC_0030608.jpg,masks/ISIC_0030608_segmentation.png
2532,train,ISIC_0032426,images/ISIC_0032426.jpg,masks/ISIC_0032426_segmentation.png
2533,train,ISIC_0033754,images/ISIC_0033754.jpg,masks/ISIC_0033754_segmentation.png
2534,train,ISIC_0032688,images/ISIC_0032688.jpg,masks/ISIC_0032688_segmentation.png
2535,train,ISIC_0030087,images/ISIC_0030087.jpg,masks/ISIC_0030087_segmentation.png
2536,train,ISIC_0031400,images/ISIC_0031400.jpg,masks/ISIC_0031400_segmentation.png
2537,train,ISIC_0032149,images/ISIC_0032149.jpg,masks/ISIC_0032149_segmentation.png
2538,train,ISIC_0026204,images/ISIC_0026204.jpg,masks/ISIC_0026204_segmentation.png
2539,train,ISIC_0029320,images/ISIC_0029320.jpg,masks/ISIC_0029320_segmentation.png
2540,train,ISIC_0025964,images/ISIC_0025964.jpg,masks/ISIC_0025964_segmentation.png
2541,train,ISIC_0027666,images/ISIC_0027666.jpg,masks/ISIC_0027666_segmentation.png
2542,train,ISIC_0034133,images/ISIC_0034133.jpg,masks/ISIC_0034133_segmentation.png
2543,train,ISIC_0028410,images/ISIC_0028410.jpg,masks/ISIC_0028410_segmentation.png
2544,train,ISIC_0034172,images/ISIC_0034172.jpg,masks/ISIC_0034172_segmentation.png
2545,train,ISIC_0027791,images/ISIC_0027791.jpg,masks/ISIC_0027791_segmentation.png
2546,train,ISIC_0029835,images/ISIC_0029835.jpg,masks/ISIC_0029835_segmentation.png
2547,train,ISIC_0027469,images/ISIC_0027469.jpg,masks/ISIC_0027469_segmentation.png
2548,train,ISIC_0032762,images/ISIC_0032762.jpg,masks/ISIC_0032762_segmentation.png
2549,train,ISIC_0027122,images/ISIC_0027122.jpg,masks/ISIC_0027122_segmentation.png
2550,train,ISIC_0024546,images/ISIC_0024546.jpg,masks/ISIC_0024546_segmentation.png
2551,train,ISIC_0027623,images/ISIC_0027623.jpg,masks/ISIC_0027623_segmentation.png
2552,train,ISIC_0031850,images/ISIC_0031850.jpg,masks/ISIC_0031850_segmentation.png
2553,train,ISIC_0030221,images/ISIC_0030221.jpg,masks/ISIC_0030221_segmentation.png
2554,train,ISIC_0031763,images/ISIC_0031763.jpg,masks/ISIC_0031763_segmentation.png
2555,train,ISIC_0030152,images/ISIC_0030152.jpg,masks/ISIC_0030152_segmentation.png
2556,train,ISIC_0030763,images/ISIC_0030763.jpg,masks/ISIC_0030763_segmentation.png
2557,train,ISIC_0025022,images/ISIC_0025022.jpg,masks/ISIC_0025022_segmentation.png
2558,train,ISIC_0028493,images/ISIC_0028493.jpg,masks/ISIC_0028493_segmentation.png
2559,train,ISIC_0027146,images/ISIC_0027146.jpg,masks/ISIC_0027146_segmentation.png
2560,train,ISIC_0027838,images/ISIC_0027838.jpg,masks/ISIC_0027838_segmentation.png
2561,train,ISIC_0032284,images/ISIC_0032284.jpg,masks/ISIC_0032284_segmentation.png
2562,train,ISIC_0027436,images/ISIC_0027436.jpg,masks/ISIC_0027436_segmentation.png
2563,train,ISIC_0032737,images/ISIC_0032737.jpg,masks/ISIC_0032737_segmentation.png
2564,train,ISIC_0029010,images/ISIC_0029010.jpg,masks/ISIC_0029010_segmentation.png
2565,train,ISIC_0026415,images/ISIC_0026415.jpg,masks/ISIC_0026415_segmentation.png
2566,train,ISIC_0027827,images/ISIC_0027827.jpg,masks/ISIC_0027827_segmentation.png
2567,train,ISIC_0033571,images/ISIC_0033571.jpg,masks/ISIC_0033571_segmentation.png
2568,train,ISIC_0031485,images/ISIC_0031485.jpg,masks/ISIC_0031485_segmentation.png
2569,train,ISIC_0029175,images/ISIC_0029175.jpg,masks/ISIC_0029175_segmentation.png
2570,train,ISIC_0026824,images/ISIC_0026824.jpg,masks/ISIC_0026824_segmentation.png
2571,train,ISIC_0024738,images/ISIC_0024738.jpg,masks/ISIC_0024738_segmentation.png
2572,train,ISIC_0025774,images/ISIC_0025774.jpg,masks/ISIC_0025774_segmentation.png
2573,train,ISIC_0033254,images/ISIC_0033254.jpg,masks/ISIC_0033254_segmentation.png
2574,train,ISIC_0030504,images/ISIC_0030504.jpg,masks/ISIC_0030504_segmentation.png
2575,train,ISIC_0029751,images/ISIC_0029751.jpg,masks/ISIC_0029751_segmentation.png
2576,train,ISIC_0024601,images/ISIC_0024601.jpg,masks/ISIC_0024601_segmentation.png
2577,train,ISIC_0032744,images/ISIC_0032744.jpg,masks/ISIC_0032744_segmentation.png
2578,train,ISIC_0031924,images/ISIC_0031924.jpg,masks/ISIC_0031924_segmentation.png
2579,train,ISIC_0033817,images/ISIC_0033817.jpg,masks/ISIC_0033817_segmentation.png
2580,train,ISIC_0025887,images/ISIC_0025887.jpg,masks/ISIC_0025887_segmentation.png
2581,train,ISIC_0027007,images/ISIC_0027007.jpg,masks/ISIC_0027007_segmentation.png
2582,train,ISIC_0029577,images/ISIC_0029577.jpg,masks/ISIC_0029577_segmentation.png
2583,train,ISIC_0027992,images/ISIC_0027992.jpg,masks/ISIC_0027992_segmentation.png
2584,train,ISIC_0031811,images/ISIC_0031811.jpg,masks/ISIC_0031811_segmentation.png
2585,train,ISIC_0033384,images/ISIC_0033384.jpg,masks/ISIC_0033384_segmentation.png
2586,train,ISIC_0025562,images/ISIC_0025562.jpg,masks/ISIC_0025562_segmentation.png
2587,train,ISIC_0031225,images/ISIC_0031225.jpg,masks/ISIC_0031225_segmentation.png
2588,train,ISIC_0024310,images/ISIC_0024310.jpg,masks/ISIC_0024310_segmentation.png
2589,train,ISIC_0031914,images/ISIC_0031914.jpg,masks/ISIC_0031914_segmentation.png
2590,train,ISIC_0034100,images/ISIC_0034100.jpg,masks/ISIC_0034100_segmentation.png
2591,train,ISIC_0033375,images/ISIC_0033375.jpg,masks/ISIC_0033375_segmentation.png
2592,train,ISIC_0031557,images/ISIC_0031557.jpg,masks/ISIC_0031557_segmentation.png
2593,train,ISIC_0024484,images/ISIC_0024484.jpg,masks/ISIC_0024484_segmentation.png
2594,train,ISIC_0031593,images/ISIC_0031593.jpg,masks/ISIC_0031593_segmentation.png
2595,train,ISIC_0030985,images/ISIC_0030985.jpg,masks/ISIC_0030985_segmentation.png
2596,train,ISIC_0030172,images/ISIC_0030172.jpg,masks/ISIC_0030172_segmentation.png
2597,train,ISIC_0032820,images/ISIC_0032820.jpg,masks/ISIC_0032820_segmentation.png
2598,train,ISIC_0030636,images/ISIC_0030636.jpg,masks/ISIC_0030636_segmentation.png
2599,train,ISIC_0026719,images/ISIC_0026719.jpg,masks/ISIC_0026719_segmentation.png
2600,train,ISIC_0029982,images/ISIC_0029982.jpg,masks/ISIC_0029982_segmentation.png
2601,train,ISIC_0026206,images/ISIC_0026206.jpg,masks/ISIC_0026206_segmentation.png
2602,train,ISIC_0024808,images/ISIC_0024808.jpg,masks/ISIC_0024808_segmentation.png
2603,train,ISIC_0034171,images/ISIC_0034171.jpg,masks/ISIC_0034171_segmentation.png
2604,train,ISIC_0027757,images/ISIC_0027757.jpg,masks/ISIC_0027757_segmentation.png
2605,train,ISIC_0024308,images/ISIC_0024308.jpg,masks/ISIC_0024308_segmentation.png
2606,train,ISIC_0031174,images/ISIC_0031174.jpg,masks/ISIC_0031174_segmentation.png
2607,train,ISIC_0029754,images/ISIC_0029754.jpg,masks/ISIC_0029754_segmentation.png
2608,train,ISIC_0032415,images/ISIC_0032415.jpg,masks/ISIC_0032415_segmentation.png
2609,train,ISIC_0029333,images/ISIC_0029333.jpg,masks/ISIC_0029333_segmentation.png
2610,train,ISIC_0033121,images/ISIC_0033121.jpg,masks/ISIC_0033121_segmentation.png
2611,train,ISIC_0029381,images/ISIC_0029381.jpg,masks/ISIC_0029381_segmentation.png
2612,train,ISIC_0029412,images/ISIC_0029412.jpg,masks/ISIC_0029412_segmentation.png
2613,train,ISIC_0032757,images/ISIC_0032757.jpg,masks/ISIC_0032757_segmentation.png
2614,train,ISIC_0030041,images/ISIC_0030041.jpg,masks/ISIC_0030041_segmentation.png
2615,train,ISIC_0028640,images/ISIC_0028640.jpg,masks/ISIC_0028640_segmentation.png
2616,train,ISIC_0031345,images/ISIC_0031345.jpg,masks/ISIC_0031345_segmentation.png
2617,train,ISIC_0026690,images/ISIC_0026690.jpg,masks/ISIC_0026690_segmentation.png
2618,train,ISIC_0027802,images/ISIC_0027802.jpg,masks/ISIC_0027802_segmentation.png
2619,train,ISIC_0034124,images/ISIC_0034124.jpg,masks/ISIC_0034124_segmentation.png
2620,train,ISIC_0030844,images/ISIC_0030844.jpg,masks/ISIC_0030844_segmentation.png
2621,train,ISIC_0029628,images/ISIC_0029628.jpg,masks/ISIC_0029628_segmentation.png
2622,train,ISIC_0030571,images/ISIC_0030571.jpg,masks/ISIC_0030571_segmentation.png
2623,train,ISIC_0024306,images/ISIC_0024306.jpg,masks/ISIC_0024306_segmentation.png
2624,train,ISIC_0027463,images/ISIC_0027463.jpg,masks/ISIC_0027463_segmentation.png
2625,train,ISIC_0032809,images/ISIC_0032809.jpg,masks/ISIC_0032809_segmentation.png
2626,train,ISIC_0030261,images/ISIC_0030261.jpg,masks/ISIC_0030261_segmentation.png
2627,train,ISIC_0030575,images/ISIC_0030575.jpg,masks/ISIC_0030575_segmentation.png
2628,train,ISIC_0028817,images/ISIC_0028817.jpg,masks/ISIC_0028817_segmentation.png
2629,train,ISIC_0026056,images/ISIC_0026056.jpg,masks/ISIC_0026056_segmentation.png
2630,train,ISIC_0027135,images/ISIC_0027135.jpg,masks/ISIC_0027135_segmentation.png
2631,train,ISIC_0029249,images/ISIC_0029249.jpg,masks/ISIC_0029249_segmentation.png
2632,train,ISIC_0027128,images/ISIC_0027128.jpg,masks/ISIC_0027128_segmentation.png
2633,train,ISIC_0029687,images/ISIC_0029687.jpg,masks/ISIC_0029687_segmentation.png
2634,train,ISIC_0024643,images/ISIC_0024643.jpg,masks/ISIC_0024643_segmentation.png
2635,train,ISIC_0031412,images/ISIC_0031412.jpg,masks/ISIC_0031412_segmentation.png
2636,train,ISIC_0030200,images/ISIC_0030200.jpg,masks/ISIC_0030200_segmentation.png
2637,train,ISIC_0031429,images/ISIC_0031429.jpg,masks/ISIC_0031429_segmentation.png
2638,train,ISIC_0027741,images/ISIC_0027741.jpg,masks/ISIC_0027741_segmentation.png
2639,train,ISIC_0025897,images/ISIC_0025897.jpg,masks/ISIC_0025897_segmentation.png
2640,train,ISIC_0026611,images/ISIC_0026611.jpg,masks/ISIC_0026611_segmentation.png
2641,train,ISIC_0028243,images/ISIC_0028243.jpg,masks/ISIC_0028243_segmentation.png
2642,train,ISIC_0026918,images/ISIC_0026918.jpg,masks/ISIC_0026918_segmentation.png
2643,train,ISIC_0030285,images/ISIC_0030285.jpg,masks/ISIC_0030285_segmentation.png
2644,train,ISIC_0027971,images/ISIC_0027971.jpg,masks/ISIC_0027971_segmentation.png
2645,train,ISIC_0029242,images/ISIC_0029242.jpg,masks/ISIC_0029242_segmentation.png
2646,train,ISIC_0032364,images/ISIC_0032364.jpg,masks/ISIC_0032364_segmentation.png
2647,train,ISIC_0030416,images/ISIC_0030416.jpg,masks/ISIC_0030416_segmentation.png
2648,train,ISIC_0033032,images/ISIC_0033032.jpg,masks/ISIC_0033032_segmentation.png
2649,train,ISIC_0030210,images/ISIC_0030210.jpg,masks/ISIC_0030210_segmentation.png
2650,train,ISIC_0030179,images/ISIC_0030179.jpg,masks/ISIC_0030179_segmentation.png
2651,train,ISIC_0028153,images/ISIC_0028153.jpg,masks/ISIC_0028153_segmentation.png
2652,train,ISIC_0028051,images/ISIC_0028051.jpg,masks/ISIC_0028051_segmentation.png
2653,train,ISIC_0031004,images/ISIC_0031004.jpg,masks/ISIC_0031004_segmentation.png
2654,train,ISIC_0028604,images/ISIC_0028604.jpg,masks/ISIC_0028604_segmentation.png
2655,train,ISIC_0024364,images/ISIC_0024364.jpg,masks/ISIC_0024364_segmentation.png
2656,train,ISIC_0034102,images/ISIC_0034102.jpg,masks/ISIC_0034102_segmentation.png
2657,train,ISIC_0027779,images/ISIC_0027779.jpg,masks/ISIC_0027779_segmentation.png
2658,train,ISIC_0026121,images/ISIC_0026121.jpg,masks/ISIC_0026121_segmentation.png
2659,train,ISIC_0031788,images/ISIC_0031788.jpg,masks/ISIC_0031788_segmentation.png
2660,train,ISIC_0026657,images/ISIC_0026657.jpg,masks/ISIC_0026657_segmentation.png
2661,train,ISIC_0027203,images/ISIC_0027203.jpg,masks/ISIC_0027203_segmentation.png
2662,train,ISIC_0033079,images/ISIC_0033079.jpg,masks/ISIC_0033079_segmentation.png
2663,train,ISIC_0033558,images/ISIC_0033558.jpg,masks/ISIC_0033558_segmentation.png
2664,train,ISIC_0030388,images/ISIC_0030388.jpg,masks/ISIC_0030388_segmentation.png
2665,train,ISIC_0028528,images/ISIC_0028528.jpg,masks/ISIC_0028528_segmentation.png
2666,train,ISIC_0028387,images/ISIC_0028387.jpg,masks/ISIC_0028387_segmentation.png
2667,train,ISIC_0029121,images/ISIC_0029121.jpg,masks/ISIC_0029121_segmentation.png
2668,train,ISIC_0031305,images/ISIC_0031305.jpg,masks/ISIC_0031305_segmentation.png
2669,train,ISIC_0029854,images/ISIC_0029854.jpg,masks/ISIC_0029854_segmentation.png
2670,train,ISIC_0032419,images/ISIC_0032419.jpg,masks/ISIC_0032419_segmentation.png
2671,train,ISIC_0032002,images/ISIC_0032002.jpg,masks/ISIC_0032002_segmentation.png
2672,train,ISIC_0026595,images/ISIC_0026595.jpg,masks/ISIC_0026595_segmentation.png
2673,train,ISIC_0029810,images/ISIC_0029810.jpg,masks/ISIC_0029810_segmentation.png
2674,train,ISIC_0026438,images/ISIC_0026438.jpg,masks/ISIC_0026438_segmentation.png
2675,train,ISIC_0027956,images/ISIC_0027956.jpg,masks/ISIC_0027956_segmentation.png
2676,train,ISIC_0027713,images/ISIC_0027713.jpg,masks/ISIC_0027713_segmentation.png
2677,train,ISIC_0025432,images/ISIC_0025432.jpg,masks/ISIC_0025432_segmentation.png
2678,train,ISIC_0024732,images/ISIC_0024732.jpg,masks/ISIC_0024732_segmentation.png
2679,train,ISIC_0033421,images/ISIC_0033421.jpg,masks/ISIC_0033421_segmentation.png
2680,train,ISIC_0032294,images/ISIC_0032294.jpg,masks/ISIC_0032294_segmentation.png
2681,train,ISIC_0030017,images/ISIC_0030017.jpg,masks/ISIC_0030017_segmentation.png
2682,train,ISIC_0031421,images/ISIC_0031421.jpg,masks/ISIC_0031421_segmentation.png
2683,train,ISIC_0029606,images/ISIC_0029606.jpg,masks/ISIC_0029606_segmentation.png
2684,train,ISIC_0030965,images/ISIC_0030965.jpg,masks/ISIC_0030965_segmentation.png
2685,train,ISIC_0024763,images/ISIC_0024763.jpg,masks/ISIC_0024763_segmentation.png
2686,train,ISIC_0031342,images/ISIC_0031342.jpg,masks/ISIC_0031342_segmentation.png
2687,train,ISIC_0032462,images/ISIC_0032462.jpg,masks/ISIC_0032462_segmentation.png
2688,train,ISIC_0027546,images/ISIC_0027546.jpg,masks/ISIC_0027546_segmentation.png
2689,train,ISIC_0030478,images/ISIC_0030478.jpg,masks/ISIC_0030478_segmentation.png
2690,train,ISIC_0031381,images/ISIC_0031381.jpg,masks/ISIC_0031381_segmentation.png
2691,train,ISIC_0024958,images/ISIC_0024958.jpg,masks/ISIC_0024958_segmentation.png
2692,train,ISIC_0031021,images/ISIC_0031021.jpg,masks/ISIC_0031021_segmentation.png
2693,train,ISIC_0026527,images/ISIC_0026527.jpg,masks/ISIC_0026527_segmentation.png
2694,train,ISIC_0028164,images/ISIC_0028164.jpg,masks/ISIC_0028164_segmentation.png
2695,train,ISIC_0029251,images/ISIC_0029251.jpg,masks/ISIC_0029251_segmentation.png
2696,train,ISIC_0024317,images/ISIC_0024317.jpg,masks/ISIC_0024317_segmentation.png
2697,train,ISIC_0030199,images/ISIC_0030199.jpg,masks/ISIC_0030199_segmentation.png
2698,train,ISIC_0033490,images/ISIC_0033490.jpg,masks/ISIC_0033490_segmentation.png
2699,train,ISIC_0028342,images/ISIC_0028342.jpg,masks/ISIC_0028342_segmentation.png
2700,train,ISIC_0028160,images/ISIC_0028160.jpg,masks/ISIC_0028160_segmentation.png
2701,train,ISIC_0029399,images/ISIC_0029399.jpg,masks/ISIC_0029399_segmentation.png
2702,train,ISIC_0032227,images/ISIC_0032227.jpg,masks/ISIC_0032227_segmentation.png
2703,train,ISIC_0031575,images/ISIC_0031575.jpg,masks/ISIC_0031575_segmentation.png
2704,train,ISIC_0024575,images/ISIC_0024575.jpg,masks/ISIC_0024575_segmentation.png
2705,train,ISIC_0033386,images/ISIC_0033386.jpg,masks/ISIC_0033386_segmentation.png
2706,train,ISIC_0027927,images/ISIC_0027927.jpg,masks/ISIC_0027927_segmentation.png
2707,train,ISIC_0030956,images/ISIC_0030956.jpg,masks/ISIC_0030956_segmentation.png
2708,train,ISIC_0027582,images/ISIC_0027582.jpg,masks/ISIC_0027582_segmentation.png
2709,train,ISIC_0033394,images/ISIC_0033394.jpg,masks/ISIC_0033394_segmentation.png
2710,train,ISIC_0032028,images/ISIC_0032028.jpg,masks/ISIC_0032028_segmentation.png
2711,train,ISIC_0030386,images/ISIC_0030386.jpg,masks/ISIC_0030386_segmentation.png
2712,train,ISIC_0025305,images/ISIC_0025305.jpg,masks/ISIC_0025305_segmentation.png
2713,train,ISIC_0025486,images/ISIC_0025486.jpg,masks/ISIC_0025486_segmentation.png
2714,train,ISIC_0025787,images/ISIC_0025787.jpg,masks/ISIC_0025787_segmentation.png
2715,train,ISIC_0027353,images/ISIC_0027353.jpg,masks/ISIC_0027353_segmentation.png
2716,train,ISIC_0032806,images/ISIC_0032806.jpg,masks/ISIC_0032806_segmentation.png
2717,train,ISIC_0028715,images/ISIC_0028715.jpg,masks/ISIC_0028715_segmentation.png
2718,train,ISIC_0024337,images/ISIC_0024337.jpg,masks/ISIC_0024337_segmentation.png
2719,train,ISIC_0025073,images/ISIC_0025073.jpg,masks/ISIC_0025073_segmentation.png
2720,train,ISIC_0028557,images/ISIC_0028557.jpg,masks/ISIC_0028557_segmentation.png
2721,train,ISIC_0032750,images/ISIC_0032750.jpg,masks/ISIC_0032750_segmentation.png
2722,train,ISIC_0028104,images/ISIC_0028104.jpg,masks/ISIC_0028104_segmentation.png
2723,train,ISIC_0032774,images/ISIC_0032774.jpg,masks/ISIC_0032774_segmentation.png
2724,train,ISIC_0028354,images/ISIC_0028354.jpg,masks/ISIC_0028354_segmentation.png
2725,train,ISIC_0025676,images/ISIC_0025676.jpg,masks/ISIC_0025676_segmentation.png
2726,train,ISIC_0024382,images/ISIC_0024382.jpg,masks/ISIC_0024382_segmentation.png
2727,train,ISIC_0024647,images/ISIC_0024647.jpg,masks/ISIC_0024647_segmentation.png
2728,train,ISIC_0025243,images/ISIC_0025243.jpg,masks/ISIC_0025243_segmentation.png
2729,train,ISIC_0026069,images/ISIC_0026069.jpg,masks/ISIC_0026069_segmentation.png
2730,train,ISIC_0024397,images/ISIC_0024397.jpg,masks/ISIC_0024397_segmentation.png
2731,train,ISIC_0029486,images/ISIC_0029486.jpg,masks/ISIC_0029486_segmentation.png
2732,train,ISIC_0030389,images/ISIC_0030389.jpg,masks/ISIC_0030389_segmentation.png
2733,train,ISIC_0027117,images/ISIC_0027117.jpg,masks/ISIC_0027117_segmentation.png
2734,train,ISIC_0026103,images/ISIC_0026103.jpg,masks/ISIC_0026103_segmentation.png
2735,train,ISIC_0027333,images/ISIC_0027333.jpg,masks/ISIC_0027333_segmentation.png
2736,train,ISIC_0032219,images/ISIC_0032219.jpg,masks/ISIC_0032219_segmentation.png
2737,train,ISIC_0024762,images/ISIC_0024762.jpg,masks/ISIC_0024762_segmentation.png
2738,train,ISIC_0028841,images/ISIC_0028841.jpg,masks/ISIC_0028841_segmentation.png
2739,train,ISIC_0033312,images/ISIC_0033312.jpg,masks/ISIC_0033312_segmentation.png
2740,train,ISIC_0028159,images/ISIC_0028159.jpg,masks/ISIC_0028159_segmentation.png
2741,train,ISIC_0027022,images/ISIC_0027022.jpg,masks/ISIC_0027022_segmentation.png
2742,train,ISIC_0028038,images/ISIC_0028038.jpg,masks/ISIC_0028038_segmentation.png
2743,train,ISIC_0029624,images/ISIC_0029624.jpg,masks/ISIC_0029624_segmentation.png
2744,train,ISIC_0031349,images/ISIC_0031349.jpg,masks/ISIC_0031349_segmentation.png
2745,train,ISIC_0030322,images/ISIC_0030322.jpg,masks/ISIC_0030322_segmentation.png
2746,train,ISIC_0029578,images/ISIC_0029578.jpg,masks/ISIC_0029578_segmentation.png
2747,train,ISIC_0027150,images/ISIC_0027150.jpg,masks/ISIC_0027150_segmentation.png
2748,train,ISIC_0026325,images/ISIC_0026325.jpg,masks/ISIC_0026325_segmentation.png
2749,train,ISIC_0029485,images/ISIC_0029485.jpg,masks/ISIC_0029485_segmentation.png
2750,train,ISIC_0033853,images/ISIC_0033853.jpg,masks/ISIC_0033853_segmentation.png
2751,train,ISIC_0031096,images/ISIC_0031096.jpg,masks/ISIC_0031096_segmentation.png
2752,train,ISIC_0029779,images/ISIC_0029779.jpg,masks/ISIC_0029779_segmentation.png
2753,train,ISIC_0030110,images/ISIC_0030110.jpg,masks/ISIC_0030110_segmentation.png
2754,train,ISIC_0027532,images/ISIC_0027532.jpg,masks/ISIC_0027532_segmentation.png
2755,train,ISIC_0026762,images/ISIC_0026762.jpg,masks/ISIC_0026762_segmentation.png
2756,train,ISIC_0029276,images/ISIC_0029276.jpg,masks/ISIC_0029276_segmentation.png
2757,train,ISIC_0026758,images/ISIC_0026758.jpg,masks/ISIC_0026758_segmentation.png
2758,train,ISIC_0031236,images/ISIC_0031236.jpg,masks/ISIC_0031236_segmentation.png
2759,train,ISIC_0025574,images/ISIC_0025574.jpg,masks/ISIC_0025574_segmentation.png
2760,train,ISIC_0033685,images/ISIC_0033685.jpg,masks/ISIC_0033685_segmentation.png
2761,train,ISIC_0031259,images/ISIC_0031259.jpg,masks/ISIC_0031259_segmentation.png
2762,train,ISIC_0028686,images/ISIC_0028686.jpg,masks/ISIC_0028686_segmentation.png
2763,train,ISIC_0030283,images/ISIC_0030283.jpg,masks/ISIC_0030283_segmentation.png
2764,train,ISIC_0030408,images/ISIC_0030408.jpg,masks/ISIC_0030408_segmentation.png
2765,train,ISIC_0027817,images/ISIC_0027817.jpg,masks/ISIC_0027817_segmentation.png
2766,train,ISIC_0031784,images/ISIC_0031784.jpg,masks/ISIC_0031784_segmentation.png
2767,train,ISIC_0032094,images/ISIC_0032094.jpg,masks/ISIC_0032094_segmentation.png
2768,train,ISIC_0032938,images/ISIC_0032938.jpg,masks/ISIC_0032938_segmentation.png
2769,train,ISIC_0024903,images/ISIC_0024903.jpg,masks/ISIC_0024903_segmentation.png
2770,train,ISIC_0027758,images/ISIC_0027758.jpg,masks/ISIC_0027758_segmentation.png
2771,train,ISIC_0024534,images/ISIC_0024534.jpg,masks/ISIC_0024534_segmentation.png
2772,train,ISIC_0033579,images/ISIC_0033579.jpg,masks/ISIC_0033579_segmentation.png
2773,train,ISIC_0027624,images/ISIC_0027624.jpg,masks/ISIC_0027624_segmentation.png
2774,train,ISIC_0026594,images/ISIC_0026594.jpg,masks/ISIC_0026594_segmentation.png
2775,train,ISIC_0024582,images/ISIC_0024582.jpg,masks/ISIC_0024582_segmentation.png
2776,train,ISIC_0025482,images/ISIC_0025482.jpg,masks/ISIC_0025482_segmentation.png
2777,train,ISIC_0031852,images/ISIC_0031852.jpg,masks/ISIC_0031852_segmentation.png
2778,train,ISIC_0024634,images/ISIC_0024634.jpg,masks/ISIC_0024634_segmentation.png
2779,train,ISIC_0030774,images/ISIC_0030774.jpg,masks/ISIC_0030774_segmentation.png
2780,train,ISIC_0032862,images/ISIC_0032862.jpg,masks/ISIC_0032862_segmentation.png
2781,train,ISIC_0030403,images/ISIC_0030403.jpg,masks/ISIC_0030403_segmentation.png
2782,train,ISIC_0029178,images/ISIC_0029178.jpg,masks/ISIC_0029178_segmentation.png
2783,train,ISIC_0030423,images/ISIC_0030423.jpg,masks/ISIC_0030423_segmentation.png
2784,train,ISIC_0028883,images/ISIC_0028883.jpg,masks/ISIC_0028883_segmentation.png
2785,train,ISIC_0028090,images/ISIC_0028090.jpg,masks/ISIC_0028090_segmentation.png
2786,train,ISIC_0028534,images/ISIC_0028534.jpg,masks/ISIC_0028534_segmentation.png
2787,train,ISIC_0027932,images/ISIC_0027932.jpg,masks/ISIC_0027932_segmentation.png
2788,train,ISIC_0034166,images/ISIC_0034166.jpg,masks/ISIC_0034166_segmentation.png
2789,train,ISIC_0033238,images/ISIC_0033238.jpg,masks/ISIC_0033238_segmentation.png
2790,train,ISIC_0032735,images/ISIC_0032735.jpg,masks/ISIC_0032735_segmentation.png
2791,train,ISIC_0034069,images/ISIC_0034069.jpg,masks/ISIC_0034069_segmentation.png
2792,train,ISIC_0032784,images/ISIC_0032784.jpg,masks/ISIC_0032784_segmentation.png
2793,train,ISIC_0032031,images/ISIC_0032031.jpg,masks/ISIC_0032031_segmentation.png
2794,train,ISIC_0025101,images/ISIC_0025101.jpg,masks/ISIC_0025101_segmentation.png
2795,train,ISIC_0033108,images/ISIC_0033108.jpg,masks/ISIC_0033108_segmentation.png
2796,train,ISIC_0032150,images/ISIC_0032150.jpg,masks/ISIC_0032150_segmentation.png
2797,train,ISIC_0034086,images/ISIC_0034086.jpg,masks/ISIC_0034086_segmentation.png
2798,train,ISIC_0031842,images/ISIC_0031842.jpg,masks/ISIC_0031842_segmentation.png
2799,train,ISIC_0025474,images/ISIC_0025474.jpg,masks/ISIC_0025474_segmentation.png
2800,train,ISIC_0030032,images/ISIC_0030032.jpg,masks/ISIC_0030032_segmentation.png
2801,train,ISIC_0033161,images/ISIC_0033161.jpg,masks/ISIC_0033161_segmentation.png
2802,train,ISIC_0034026,images/ISIC_0034026.jpg,masks/ISIC_0034026_segmentation.png
2803,train,ISIC_0030693,images/ISIC_0030693.jpg,masks/ISIC_0030693_segmentation.png
2804,train,ISIC_0027136,images/ISIC_0027136.jpg,masks/ISIC_0027136_segmentation.png
2805,train,ISIC_0025303,images/ISIC_0025303.jpg,masks/ISIC_0025303_segmentation.png
2806,train,ISIC_0026202,images/ISIC_0026202.jpg,masks/ISIC_0026202_segmentation.png
2807,train,ISIC_0032936,images/ISIC_0032936.jpg,masks/ISIC_0032936_segmentation.png
2808,train,ISIC_0034064,images/ISIC_0034064.jpg,masks/ISIC_0034064_segmentation.png
2809,train,ISIC_0030522,images/ISIC_0030522.jpg,masks/ISIC_0030522_segmentation.png
2810,train,ISIC_0026408,images/ISIC_0026408.jpg,masks/ISIC_0026408_segmentation.png
2811,train,ISIC_0029990,images/ISIC_0029990.jpg,masks/ISIC_0029990_segmentation.png
2812,train,ISIC_0029965,images/ISIC_0029965.jpg,masks/ISIC_0029965_segmentation.png
2813,train,ISIC_0033662,images/ISIC_0033662.jpg,masks/ISIC_0033662_segmentation.png
2814,train,ISIC_0029942,images/ISIC_0029942.jpg,masks/ISIC_0029942_segmentation.png
2815,train,ISIC_0028103,images/ISIC_0028103.jpg,masks/ISIC_0028103_segmentation.png
2816,train,ISIC_0027704,images/ISIC_0027704.jpg,masks/ISIC_0027704_segmentation.png
2817,train,ISIC_0025563,images/ISIC_0025563.jpg,masks/ISIC_0025563_segmentation.png
2818,train,ISIC_0025295,images/ISIC_0025295.jpg,masks/ISIC_0025295_segmentation.png
2819,train,ISIC_0025387,images/ISIC_0025387.jpg,masks/ISIC_0025387_segmentation.png
2820,train,ISIC_0026660,images/ISIC_0026660.jpg,masks/ISIC_0026660_segmentation.png
2821,train,ISIC_0027429,images/ISIC_0027429.jpg,masks/ISIC_0027429_segmentation.png
2822,train,ISIC_0034019,images/ISIC_0034019.jpg,masks/ISIC_0034019_segmentation.png
2823,train,ISIC_0025015,images/ISIC_0025015.jpg,masks/ISIC_0025015_segmentation.png
2824,train,ISIC_0030556,images/ISIC_0030556.jpg,masks/ISIC_0030556_segmentation.png
2825,train,ISIC_0030453,images/ISIC_0030453.jpg,masks/ISIC_0030453_segmentation.png
2826,train,ISIC_0031426,images/ISIC_0031426.jpg,masks/ISIC_0031426_segmentation.png
2827,train,ISIC_0029423,images/ISIC_0029423.jpg,masks/ISIC_0029423_segmentation.png
2828,train,ISIC_0033673,images/ISIC_0033673.jpg,masks/ISIC_0033673_segmentation.png
2829,train,ISIC_0034165,images/ISIC_0034165.jpg,masks/ISIC_0034165_segmentation.png
2830,train,ISIC_0024519,images/ISIC_0024519.jpg,masks/ISIC_0024519_segmentation.png
2831,train,ISIC_0031489,images/ISIC_0031489.jpg,masks/ISIC_0031489_segmentation.png
2832,train,ISIC_0029966,images/ISIC_0029966.jpg,masks/ISIC_0029966_segmentation.png
2833,train,ISIC_0029562,images/ISIC_0029562.jpg,masks/ISIC_0029562_segmentation.png
2834,train,ISIC_0026347,images/ISIC_0026347.jpg,masks/ISIC_0026347_segmentation.png
2835,train,ISIC_0025993,images/ISIC_0025993.jpg,masks/ISIC_0025993_segmentation.png
2836,train,ISIC_0031812,images/ISIC_0031812.jpg,masks/ISIC_0031812_segmentation.png
2837,train,ISIC_0029780,images/ISIC_0029780.jpg,masks/ISIC_0029780_segmentation.png
2838,train,ISIC_0026446,images/ISIC_0026446.jpg,masks/ISIC_0026446_segmentation.png
2839,train,ISIC_0030809,images/ISIC_0030809.jpg,masks/ISIC_0030809_segmentation.png
2840,train,ISIC_0026097,images/ISIC_0026097.jpg,masks/ISIC_0026097_segmentation.png
2841,train,ISIC_0026752,images/ISIC_0026752.jpg,masks/ISIC_0026752_segmentation.png
2842,train,ISIC_0032623,images/ISIC_0032623.jpg,masks/ISIC_0032623_segmentation.png
2843,train,ISIC_0024521,images/ISIC_0024521.jpg,masks/ISIC_0024521_segmentation.png
2844,train,ISIC_0027578,images/ISIC_0027578.jpg,masks/ISIC_0027578_segmentation.png
2845,train,ISIC_0028203,images/ISIC_0028203.jpg,masks/ISIC_0028203_segmentation.png
2846,train,ISIC_0031166,images/ISIC_0031166.jpg,masks/ISIC_0031166_segmentation.png
2847,train,ISIC_0030175,images/ISIC_0030175.jpg,masks/ISIC_0030175_segmentation.png
2848,train,ISIC_0031292,images/ISIC_0031292.jpg,masks/ISIC_0031292_segmentation.png
2849,train,ISIC_0028772,images/ISIC_0028772.jpg,masks/ISIC_0028772_segmentation.png
2850,train,ISIC_0025346,images/ISIC_0025346.jpg,masks/ISIC_0025346_segmentation.png
2851,train,ISIC_0026250,images/ISIC_0026250.jpg,masks/ISIC_0026250_segmentation.png
2852,train,ISIC_0029575,images/ISIC_0029575.jpg,masks/ISIC_0029575_segmentation.png
2853,train,ISIC_0028283,images/ISIC_0028283.jpg,masks/ISIC_0028283_segmentation.png
2854,train,ISIC_0031245,images/ISIC_0031245.jpg,masks/ISIC_0031245_segmentation.png
2855,train,ISIC_0028863,images/ISIC_0028863.jpg,masks/ISIC_0028863_segmentation.png
2856,train,ISIC_0025880,images/ISIC_0025880.jpg,masks/ISIC_0025880_segmentation.png
2857,train,ISIC_0029585,images/ISIC_0029585.jpg,masks/ISIC_0029585_segmentation.png
2858,train,ISIC_0031806,images/ISIC_0031806.jpg,masks/ISIC_0031806_segmentation.png
2859,train,ISIC_0024807,images/ISIC_0024807.jpg,masks/ISIC_0024807_segmentation.png
2860,train,ISIC_0025923,images/ISIC_0025923.jpg,masks/ISIC_0025923_segmentation.png
2861,train,ISIC_0030825,images/ISIC_0030825.jpg,masks/ISIC_0030825_segmentation.png
2862,train,ISIC_0025463,images/ISIC_0025463.jpg,masks/ISIC_0025463_segmentation.png
2863,train,ISIC_0031909,images/ISIC_0031909.jpg,masks/ISIC_0031909_segmentation.png
2864,train,ISIC_0028879,images/ISIC_0028879.jpg,masks/ISIC_0028879_segmentation.png
2865,train,ISIC_0026247,images/ISIC_0026247.jpg,masks/ISIC_0026247_segmentation.png
2866,train,ISIC_0030015,images/ISIC_0030015.jpg,masks/ISIC_0030015_segmentation.png
2867,train,ISIC_0032894,images/ISIC_0032894.jpg,masks/ISIC_0032894_segmentation.png
2868,train,ISIC_0033841,images/ISIC_0033841.jpg,masks/ISIC_0033841_segmentation.png
2869,train,ISIC_0030671,images/ISIC_0030671.jpg,masks/ISIC_0030671_segmentation.png
2870,train,ISIC_0033823,images/ISIC_0033823.jpg,masks/ISIC_0033823_segmentation.png
2871,train,ISIC_0029745,images/ISIC_0029745.jpg,masks/ISIC_0029745_segmentation.png
2872,train,ISIC_0028148,images/ISIC_0028148.jpg,masks/ISIC_0028148_segmentation.png
2873,train,ISIC_0033363,images/ISIC_0033363.jpg,masks/ISIC_0033363_segmentation.png
2874,train,ISIC_0024804,images/ISIC_0024804.jpg,masks/ISIC_0024804_segmentation.png
2875,train,ISIC_0029250,images/ISIC_0029250.jpg,masks/ISIC_0029250_segmentation.png
2876,train,ISIC_0032832,images/ISIC_0032832.jpg,masks/ISIC_0032832_segmentation.png
2877,train,ISIC_0029902,images/ISIC_0029902.jpg,masks/ISIC_0029902_segmentation.png
2878,train,ISIC_0030973,images/ISIC_0030973.jpg,masks/ISIC_0030973_segmentation.png
2879,train,ISIC_0031688,images/ISIC_0031688.jpg,masks/ISIC_0031688_segmentation.png
2880,train,ISIC_0029980,images/ISIC_0029980.jpg,masks/ISIC_0029980_segmentation.png
2881,train,ISIC_0033606,images/ISIC_0033606.jpg,masks/ISIC_0033606_segmentation.png
2882,train,ISIC_0032423,images/ISIC_0032423.jpg,masks/ISIC_0032423_segmentation.png
2883,train,ISIC_0029402,images/ISIC_0029402.jpg,masks/ISIC_0029402_segmentation.png
2884,train,ISIC_0025121,images/ISIC_0025121.jpg,masks/ISIC_0025121_segmentation.png
2885,train,ISIC_0033525,images/ISIC_0033525.jpg,masks/ISIC_0033525_segmentation.png
2886,train,ISIC_0027910,images/ISIC_0027910.jpg,masks/ISIC_0027910_segmentation.png
2887,train,ISIC_0026020,images/ISIC_0026020.jpg,masks/ISIC_0026020_segmentation.png
2888,train,ISIC_0032545,images/ISIC_0032545.jpg,masks/ISIC_0032545_segmentation.png
2889,train,ISIC_0029721,images/ISIC_0029721.jpg,masks/ISIC_0029721_segmentation.png
2890,train,ISIC_0027401,images/ISIC_0027401.jpg,masks/ISIC_0027401_segmentation.png
2891,train,ISIC_0026747,images/ISIC_0026747.jpg,masks/ISIC_0026747_segmentation.png
2892,train,ISIC_0026120,images/ISIC_0026120.jpg,masks/ISIC_0026120_segmentation.png
2893,train,ISIC_0033728,images/ISIC_0033728.jpg,masks/ISIC_0033728_segmentation.png
2894,train,ISIC_0024879,images/ISIC_0024879.jpg,masks/ISIC_0024879_segmentation.png
2895,train,ISIC_0030974,images/ISIC_0030974.jpg,masks/ISIC_0030974_segmentation.png
2896,train,ISIC_0026912,images/ISIC_0026912.jpg,masks/ISIC_0026912_segmentation.png
2897,train,ISIC_0030574,images/ISIC_0030574.jpg,masks/ISIC_0030574_segmentation.png
2898,train,ISIC_0029519,images/ISIC_0029519.jpg,masks/ISIC_0029519_segmentation.png
2899,train,ISIC_0032407,images/ISIC_0032407.jpg,masks/ISIC_0032407_segmentation.png
2900,train,ISIC_0031139,images/ISIC_0031139.jpg,masks/ISIC_0031139_segmentation.png
2901,train,ISIC_0027078,images/ISIC_0027078.jpg,masks/ISIC_0027078_segmentation.png
2902,train,ISIC_0028550,images/ISIC_0028550.jpg,masks/ISIC_0028550_segmentation.png
2903,train,ISIC_0025203,images/ISIC_0025203.jpg,masks/ISIC_0025203_segmentation.png
2904,train,ISIC_0028140,images/ISIC_0028140.jpg,masks/ISIC_0028140_segmentation.png
2905,train,ISIC_0028216,images/ISIC_0028216.jpg,masks/ISIC_0028216_segmentation.png
2906,train,ISIC_0027820,images/ISIC_0027820.jpg,masks/ISIC_0027820_segmentation.png
2907,train,ISIC_0032563,images/ISIC_0032563.jpg,masks/ISIC_0032563_segmentation.png
2908,train,ISIC_0031790,images/ISIC_0031790.jpg,masks/ISIC_0031790_segmentation.png
2909,train,ISIC_0032741,images/ISIC_0032741.jpg,masks/ISIC_0032741_segmentation.png
2910,train,ISIC_0028539,images/ISIC_0028539.jpg,masks/ISIC_0028539_segmentation.png
2911,train,ISIC_0025314,images/ISIC_0025314.jpg,masks/ISIC_0025314_segmentation.png
2912,train,ISIC_0025670,images/ISIC_0025670.jpg,masks/ISIC_0025670_segmentation.png
2913,train,ISIC_0033946,images/ISIC_0033946.jpg,masks/ISIC_0033946_segmentation.png
2914,train,ISIC_0027185,images/ISIC_0027185.jpg,masks/ISIC_0027185_segmentation.png
2915,train,ISIC_0033335,images/ISIC_0033335.jpg,masks/ISIC_0033335_segmentation.png
2916,train,ISIC_0033165,images/ISIC_0033165.jpg,masks/ISIC_0033165_segmentation.png
2917,train,ISIC_0026075,images/ISIC_0026075.jpg,masks/ISIC_0026075_segmentation.png
2918,train,ISIC_0026376,images/ISIC_0026376.jpg,masks/ISIC_0026376_segmentation.png
2919,train,ISIC_0033619,images/ISIC_0033619.jpg,masks/ISIC_0033619_segmentation.png
2920,train,ISIC_0028972,images/ISIC_0028972.jpg,masks/ISIC_0028972_segmentation.png
2921,train,ISIC_0024679,images/ISIC_0024679.jpg,masks/ISIC_0024679_segmentation.png
2922,train,ISIC_0030331,images/ISIC_0030331.jpg,masks/ISIC_0030331_segmentation.png
2923,train,ISIC_0033810,images/ISIC_0033810.jpg,masks/ISIC_0033810_segmentation.png
2924,train,ISIC_0032112,images/ISIC_0032112.jpg,masks/ISIC_0032112_segmentation.png
2925,train,ISIC_0027640,images/ISIC_0027640.jpg,masks/ISIC_0027640_segmentation.png
2926,train,ISIC_0026977,images/ISIC_0026977.jpg,masks/ISIC_0026977_segmentation.png
2927,train,ISIC_0032079,images/ISIC_0032079.jpg,masks/ISIC_0032079_segmentation.png
2928,train,ISIC_0033957,images/ISIC_0033957.jpg,masks/ISIC_0033957_segmentation.png
2929,train,ISIC_0026440,images/ISIC_0026440.jpg,masks/ISIC_0026440_segmentation.png
2930,train,ISIC_0025946,images/ISIC_0025946.jpg,masks/ISIC_0025946_segmentation.png
2931,train,ISIC_0027615,images/ISIC_0027615.jpg,masks/ISIC_0027615_segmentation.png
2932,train,ISIC_0030506,images/ISIC_0030506.jpg,masks/ISIC_0030506_segmentation.png
2933,train,ISIC_0034243,images/ISIC_0034243.jpg,masks/ISIC_0034243_segmentation.png
2934,train,ISIC_0024765,images/ISIC_0024765.jpg,masks/ISIC_0024765_segmentation.png
2935,train,ISIC_0034264,images/ISIC_0034264.jpg,masks/ISIC_0034264_segmentation.png
2936,train,ISIC_0028398,images/ISIC_0028398.jpg,masks/ISIC_0028398_segmentation.png
2937,train,ISIC_0031237,images/ISIC_0031237.jpg,masks/ISIC_0031237_segmentation.png
2938,train,ISIC_0034025,images/ISIC_0034025.jpg,masks/ISIC_0034025_segmentation.png
2939,train,ISIC_0032494,images/ISIC_0032494.jpg,masks/ISIC_0032494_segmentation.png
2940,train,ISIC_0029911,images/ISIC_0029911.jpg,masks/ISIC_0029911_segmentation.png
2941,train,ISIC_0030171,images/ISIC_0030171.jpg,masks/ISIC_0030171_segmentation.png
2942,train,ISIC_0024513,images/ISIC_0024513.jpg,masks/ISIC_0024513_segmentation.png
2943,train,ISIC_0027115,images/ISIC_0027115.jpg,masks/ISIC_0027115_segmentation.png
2944,train,ISIC_0031396,images/ISIC_0031396.jpg,masks/ISIC_0031396_segmentation.png
2945,train,ISIC_0030523,images/ISIC_0030523.jpg,masks/ISIC_0030523_segmentation.png
2946,train,ISIC_0027317,images/ISIC_0027317.jpg,masks/ISIC_0027317_segmentation.png
2947,train,ISIC_0024788,images/ISIC_0024788.jpg,masks/ISIC_0024788_segmentation.png
2948,train,ISIC_0026925,images/ISIC_0026925.jpg,masks/ISIC_0026925_segmentation.png
2949,train,ISIC_0032731,images/ISIC_0032731.jpg,masks/ISIC_0032731_segmentation.png
2950,train,ISIC_0030187,images/ISIC_0030187.jpg,masks/ISIC_0030187_segmentation.png
2951,train,ISIC_0031072,images/ISIC_0031072.jpg,masks/ISIC_0031072_segmentation.png
2952,train,ISIC_0024865,images/ISIC_0024865.jpg,masks/ISIC_0024865_segmentation.png
2953,train,ISIC_0029065,images/ISIC_0029065.jpg,masks/ISIC_0029065_segmentation.png
2954,train,ISIC_0032986,images/ISIC_0032986.jpg,masks/ISIC_0032986_segmentation.png
2955,train,ISIC_0028578,images/ISIC_0028578.jpg,masks/ISIC_0028578_segmentation.png
2956,train,ISIC_0030114,images/ISIC_0030114.jpg,masks/ISIC_0030114_segmentation.png
2957,train,ISIC_0030740,images/ISIC_0030740.jpg,masks/ISIC_0030740_segmentation.png
2958,train,ISIC_0030293,images/ISIC_0030293.jpg,masks/ISIC_0030293_segmentation.png
2959,train,ISIC_0031495,images/ISIC_0031495.jpg,masks/ISIC_0031495_segmentation.png
2960,train,ISIC_0029354,images/ISIC_0029354.jpg,masks/ISIC_0029354_segmentation.png
2961,train,ISIC_0032824,images/ISIC_0032824.jpg,masks/ISIC_0032824_segmentation.png
2962,train,ISIC_0033975,images/ISIC_0033975.jpg,masks/ISIC_0033975_segmentation.png
2963,train,ISIC_0026217,images/ISIC_0026217.jpg,masks/ISIC_0026217_segmentation.png
2964,train,ISIC_0032866,images/ISIC_0032866.jpg,masks/ISIC_0032866_segmentation.png
2965,train,ISIC_0027841,images/ISIC_0027841.jpg,masks/ISIC_0027841_segmentation.png
2966,train,ISIC_0024708,images/ISIC_0024708.jpg,masks/ISIC_0024708_segmentation.png
2967,train,ISIC_0034098,images/ISIC_0034098.jpg,masks/ISIC_0034098_segmentation.png
2968,train,ISIC_0031828,images/ISIC_0031828.jpg,masks/ISIC_0031828_segmentation.png
2969,train,ISIC_0025634,images/ISIC_0025634.jpg,masks/ISIC_0025634_segmentation.png
2970,train,ISIC_0032046,images/ISIC_0032046.jpg,masks/ISIC_0032046_segmentation.png
2971,train,ISIC_0029723,images/ISIC_0029723.jpg,masks/ISIC_0029723_segmentation.png
2972,train,ISIC_0030044,images/ISIC_0030044.jpg,masks/ISIC_0030044_segmentation.png
2973,train,ISIC_0027695,images/ISIC_0027695.jpg,masks/ISIC_0027695_segmentation.png
2974,train,ISIC_0031753,images/ISIC_0031753.jpg,masks/ISIC_0031753_segmentation.png
2975,train,ISIC_0029741,images/ISIC_0029741.jpg,masks/ISIC_0029741_segmentation.png
2976,train,ISIC_0028457,images/ISIC_0028457.jpg,masks/ISIC_0028457_segmentation.png
2977,train,ISIC_0024694,images/ISIC_0024694.jpg,masks/ISIC_0024694_segmentation.png
2978,train,ISIC_0029992,images/ISIC_0029992.jpg,masks/ISIC_0029992_segmentation.png
2979,train,ISIC_0033380,images/ISIC_0033380.jpg,masks/ISIC_0033380_segmentation.png
2980,train,ISIC_0025457,images/ISIC_0025457.jpg,masks/ISIC_0025457_segmentation.png
2981,train,ISIC_0029654,images/ISIC_0029654.jpg,masks/ISIC_0029654_segmentation.png
2982,train,ISIC_0029727,images/ISIC_0029727.jpg,masks/ISIC_0029727_segmentation.png
2983,train,ISIC_0025167,images/ISIC_0025167.jpg,masks/ISIC_0025167_segmentation.png
2984,train,ISIC_0032624,images/ISIC_0032624.jpg,masks/ISIC_0032624_segmentation.png
2985,train,ISIC_0031440,images/ISIC_0031440.jpg,masks/ISIC_0031440_segmentation.png
2986,train,ISIC_0024610,images/ISIC_0024610.jpg,masks/ISIC_0024610_segmentation.png
2987,train,ISIC_0031170,images/ISIC_0031170.jpg,masks/ISIC_0031170_segmentation.png
2988,train,ISIC_0030623,images/ISIC_0030623.jpg,masks/ISIC_0030623_segmentation.png
2989,train,ISIC_0027067,images/ISIC_0027067.jpg,masks/ISIC_0027067_segmentation.png
2990,train,ISIC_0033072,images/ISIC_0033072.jpg,masks/ISIC_0033072_segmentation.png
2991,train,ISIC_0030566,images/ISIC_0030566.jpg,masks/ISIC_0030566_segmentation.png
2992,train,ISIC_0025971,images/ISIC_0025971.jpg,masks/ISIC_0025971_segmentation.png
2993,train,ISIC_0028163,images/ISIC_0028163.jpg,masks/ISIC_0028163_segmentation.png
2994,train,ISIC_0030581,images/ISIC_0030581.jpg,masks/ISIC_0030581_segmentation.png
2995,train,ISIC_0027113,images/ISIC_0027113.jpg,masks/ISIC_0027113_segmentation.png
2996,train,ISIC_0029269,images/ISIC_0029269.jpg,masks/ISIC_0029269_segmentation.png
2997,train,ISIC_0031889,images/ISIC_0031889.jpg,masks/ISIC_0031889_segmentation.png
2998,train,ISIC_0032324,images/ISIC_0032324.jpg,masks/ISIC_0032324_segmentation.png
2999,train,ISIC_0030779,images/ISIC_0030779.jpg,masks/ISIC_0030779_segmentation.png
3000,train,ISIC_0026134,images/ISIC_0026134.jpg,masks/ISIC_0026134_segmentation.png
3001,train,ISIC_0030242,images/ISIC_0030242.jpg,masks/ISIC_0030242_segmentation.png
3002,train,ISIC_0025683,images/ISIC_0025683.jpg,masks/ISIC_0025683_segmentation.png
3003,train,ISIC_0030646,images/ISIC_0030646.jpg,masks/ISIC_0030646_segmentation.png
3004,train,ISIC_0032722,images/ISIC_0032722.jpg,masks/ISIC_0032722_segmentation.png
3005,train,ISIC_0029114,images/ISIC_0029114.jpg,masks/ISIC_0029114_segmentation.png
3006,train,ISIC_0029461,images/ISIC_0029461.jpg,masks/ISIC_0029461_segmentation.png
3007,train,ISIC_0029218,images/ISIC_0029218.jpg,masks/ISIC_0029218_segmentation.png
3008,train,ISIC_0027949,images/ISIC_0027949.jpg,masks/ISIC_0027949_segmentation.png
3009,train,ISIC_0028783,images/ISIC_0028783.jpg,masks/ISIC_0028783_segmentation.png
3010,train,ISIC_0029131,images/ISIC_0029131.jpg,masks/ISIC_0029131_segmentation.png
3011,train,ISIC_0025188,images/ISIC_0025188.jpg,masks/ISIC_0025188_segmentation.png
3012,train,ISIC_0033766,images/ISIC_0033766.jpg,masks/ISIC_0033766_segmentation.png
3013,train,ISIC_0034159,images/ISIC_0034159.jpg,masks/ISIC_0034159_segmentation.png
3014,train,ISIC_0029140,images/ISIC_0029140.jpg,masks/ISIC_0029140_segmentation.png
3015,train,ISIC_0033581,images/ISIC_0033581.jpg,masks/ISIC_0033581_segmentation.png
3016,train,ISIC_0024636,images/ISIC_0024636.jpg,masks/ISIC_0024636_segmentation.png
3017,train,ISIC_0028389,images/ISIC_0028389.jpg,masks/ISIC_0028389_segmentation.png
3018,train,ISIC_0029125,images/ISIC_0029125.jpg,masks/ISIC_0029125_segmentation.png
3019,train,ISIC_0026947,images/ISIC_0026947.jpg,masks/ISIC_0026947_segmentation.png
3020,train,ISIC_0026171,images/ISIC_0026171.jpg,masks/ISIC_0026171_segmentation.png
3021,train,ISIC_0033261,images/ISIC_0033261.jpg,masks/ISIC_0033261_segmentation.png
3022,train,ISIC_0027648,images/ISIC_0027648.jpg,masks/ISIC_0027648_segmentation.png
3023,train,ISIC_0032391,images/ISIC_0032391.jpg,masks/ISIC_0032391_segmentation.png
3024,train,ISIC_0026857,images/ISIC_0026857.jpg,masks/ISIC_0026857_segmentation.png
3025,train,ISIC_0024949,images/ISIC_0024949.jpg,masks/ISIC_0024949_segmentation.png
3026,train,ISIC_0031973,images/ISIC_0031973.jpg,masks/ISIC_0031973_segmentation.png
3027,train,ISIC_0031706,images/ISIC_0031706.jpg,masks/ISIC_0031706_segmentation.png
3028,train,ISIC_0026133,images/ISIC_0026133.jpg,masks/ISIC_0026133_segmentation.png
3029,train,ISIC_0028377,images/ISIC_0028377.jpg,masks/ISIC_0028377_segmentation.png
3030,train,ISIC_0030540,images/ISIC_0030540.jpg,masks/ISIC_0030540_segmentation.png
3031,train,ISIC_0029631,images/ISIC_0029631.jpg,masks/ISIC_0029631_segmentation.png
3032,train,ISIC_0025841,images/ISIC_0025841.jpg,masks/ISIC_0025841_segmentation.png
3033,train,ISIC_0031610,images/ISIC_0031610.jpg,masks/ISIC_0031610_segmentation.png
3034,train,ISIC_0034128,images/ISIC_0034128.jpg,masks/ISIC_0034128_segmentation.png
3035,train,ISIC_0028954,images/ISIC_0028954.jpg,masks/ISIC_0028954_segmentation.png
3036,train,ISIC_0024816,images/ISIC_0024816.jpg,masks/ISIC_0024816_segmentation.png
3037,train,ISIC_0032567,images/ISIC_0032567.jpg,masks/ISIC_0032567_segmentation.png
3038,train,ISIC_0024735,images/ISIC_0024735.jpg,masks/ISIC_0024735_segmentation.png
3039,train,ISIC_0032879,images/ISIC_0032879.jpg,masks/ISIC_0032879_segmentation.png
3040,train,ISIC_0028366,images/ISIC_0028366.jpg,masks/ISIC_0028366_segmentation.png
3041,train,ISIC_0033591,images/ISIC_0033591.jpg,masks/ISIC_0033591_segmentation.png
3042,train,ISIC_0027175,images/ISIC_0027175.jpg,masks/ISIC_0027175_segmentation.png
3043,train,ISIC_0026072,images/ISIC_0026072.jpg,masks/ISIC_0026072_segmentation.png
3044,train,ISIC_0026058,images/ISIC_0026058.jpg,masks/ISIC_0026058_segmentation.png
3045,train,ISIC_0030095,images/ISIC_0030095.jpg,masks/ISIC_0030095_segmentation.png
3046,train,ISIC_0024615,images/ISIC_0024615.jpg,masks/ISIC_0024615_segmentation.png
3047,train,ISIC_0025508,images/ISIC_0025508.jpg,masks/ISIC_0025508_segmentation.png
3048,train,ISIC_0028190,images/ISIC_0028190.jpg,masks/ISIC_0028190_segmentation.png
3049,train,ISIC_0028335,images/ISIC_0028335.jpg,masks/ISIC_0028335_segmentation.png
3050,train,ISIC_0026390,images/ISIC_0026390.jpg,masks/ISIC_0026390_segmentation.png
3051,train,ISIC_0027527,images/ISIC_0027527.jpg,masks/ISIC_0027527_segmentation.png
3052,train,ISIC_0025234,images/ISIC_0025234.jpg,masks/ISIC_0025234_segmentation.png
3053,train,ISIC_0033484,images/ISIC_0033484.jpg,masks/ISIC_0033484_segmentation.png
3054,train,ISIC_0031490,images/ISIC_0031490.jpg,masks/ISIC_0031490_segmentation.png
3055,train,ISIC_0026776,images/ISIC_0026776.jpg,masks/ISIC_0026776_segmentation.png
3056,train,ISIC_0032642,images/ISIC_0032642.jpg,masks/ISIC_0032642_segmentation.png
3057,train,ISIC_0029270,images/ISIC_0029270.jpg,masks/ISIC_0029270_segmentation.png
3058,train,ISIC_0024475,images/ISIC_0024475.jpg,masks/ISIC_0024475_segmentation.png
3059,train,ISIC_0024334,images/ISIC_0024334.jpg,masks/ISIC_0024334_segmentation.png
3060,train,ISIC_0025648,images/ISIC_0025648.jpg,masks/ISIC_0025648_segmentation.png
3061,train,ISIC_0027342,images/ISIC_0027342.jpg,masks/ISIC_0027342_segmentation.png
3062,train,ISIC_0031014,images/ISIC_0031014.jpg,masks/ISIC_0031014_segmentation.png
3063,train,ISIC_0032363,images/ISIC_0032363.jpg,masks/ISIC_0032363_segmentation.png
3064,train,ISIC_0026676,images/ISIC_0026676.jpg,masks/ISIC_0026676_segmentation.png
3065,train,ISIC_0032074,images/ISIC_0032074.jpg,masks/ISIC_0032074_segmentation.png
3066,train,ISIC_0029428,images/ISIC_0029428.jpg,masks/ISIC_0029428_segmentation.png
3067,train,ISIC_0025846,images/ISIC_0025846.jpg,masks/ISIC_0025846_segmentation.png
3068,train,ISIC_0032187,images/ISIC_0032187.jpg,masks/ISIC_0032187_segmentation.png
3069,train,ISIC_0033814,images/ISIC_0033814.jpg,masks/ISIC_0033814_segmentation.png
3070,train,ISIC_0026648,images/ISIC_0026648.jpg,masks/ISIC_0026648_segmentation.png
3071,train,ISIC_0031419,images/ISIC_0031419.jpg,masks/ISIC_0031419_segmentation.png
3072,train,ISIC_0024877,images/ISIC_0024877.jpg,masks/ISIC_0024877_segmentation.png
3073,train,ISIC_0029241,images/ISIC_0029241.jpg,masks/ISIC_0029241_segmentation.png
3074,train,ISIC_0032376,images/ISIC_0032376.jpg,masks/ISIC_0032376_segmentation.png
3075,train,ISIC_0032780,images/ISIC_0032780.jpg,masks/ISIC_0032780_segmentation.png
3076,train,ISIC_0024323,images/ISIC_0024323.jpg,masks/ISIC_0024323_segmentation.png
3077,train,ISIC_0031713,images/ISIC_0031713.jpg,masks/ISIC_0031713_segmentation.png
3078,train,ISIC_0031646,images/ISIC_0031646.jpg,masks/ISIC_0031646_segmentation.png
3079,train,ISIC_0032543,images/ISIC_0032543.jpg,masks/ISIC_0032543_segmentation.png
3080,train,ISIC_0028028,images/ISIC_0028028.jpg,masks/ISIC_0028028_segmentation.png
3081,train,ISIC_0025465,images/ISIC_0025465.jpg,masks/ISIC_0025465_segmentation.png
3082,train,ISIC_0033398,images/ISIC_0033398.jpg,masks/ISIC_0033398_segmentation.png
3083,train,ISIC_0033097,images/ISIC_0033097.jpg,masks/ISIC_0033097_segmentation.png
3084,train,ISIC_0026200,images/ISIC_0026200.jpg,masks/ISIC_0026200_segmentation.png
3085,train,ISIC_0032460,images/ISIC_0032460.jpg,masks/ISIC_0032460_segmentation.png
3086,train,ISIC_0030482,images/ISIC_0030482.jpg,masks/ISIC_0030482_segmentation.png
3087,train,ISIC_0030592,images/ISIC_0030592.jpg,masks/ISIC_0030592_segmentation.png
3088,train,ISIC_0027023,images/ISIC_0027023.jpg,masks/ISIC_0027023_segmentation.png
3089,train,ISIC_0032848,images/ISIC_0032848.jpg,masks/ISIC_0032848_segmentation.png
3090,train,ISIC_0026452,images/ISIC_0026452.jpg,masks/ISIC_0026452_segmentation.png
3091,train,ISIC_0024688,images/ISIC_0024688.jpg,masks/ISIC_0024688_segmentation.png
3092,train,ISIC_0033899,images/ISIC_0033899.jpg,masks/ISIC_0033899_segmentation.png
3093,train,ISIC_0030461,images/ISIC_0030461.jpg,masks/ISIC_0030461_segmentation.png
3094,train,ISIC_0024875,images/ISIC_0024875.jpg,masks/ISIC_0024875_segmentation.png
3095,train,ISIC_0033953,images/ISIC_0033953.jpg,masks/ISIC_0033953_segmentation.png
3096,train,ISIC_0032715,images/ISIC_0032715.jpg,masks/ISIC_0032715_segmentation.png
3097,train,ISIC_0026646,images/ISIC_0026646.jpg,masks/ISIC_0026646_segmentation.png
3098,train,ISIC_0030290,images/ISIC_0030290.jpg,masks/ISIC_0030290_segmentation.png
3099,train,ISIC_0032109,images/ISIC_0032109.jpg,masks/ISIC_0032109_segmentation.png
3100,train,ISIC_0031425,images/ISIC_0031425.jpg,masks/ISIC_0031425_segmentation.png
3101,train,ISIC_0033939,images/ISIC_0033939.jpg,masks/ISIC_0033939_segmentation.png
3102,train,ISIC_0034242,images/ISIC_0034242.jpg,masks/ISIC_0034242_segmentation.png
3103,train,ISIC_0028030,images/ISIC_0028030.jpg,masks/ISIC_0028030_segmentation.png
3104,train,ISIC_0032884,images/ISIC_0032884.jpg,masks/ISIC_0032884_segmentation.png
3105,train,ISIC_0025526,images/ISIC_0025526.jpg,masks/ISIC_0025526_segmentation.png
3106,train,ISIC_0025251,images/ISIC_0025251.jpg,masks/ISIC_0025251_segmentation.png
3107,train,ISIC_0029986,images/ISIC_0029986.jpg,masks/ISIC_0029986_segmentation.png
3108,train,ISIC_0030223,images/ISIC_0030223.jpg,masks/ISIC_0030223_segmentation.png
3109,train,ISIC_0029558,images/ISIC_0029558.jpg,masks/ISIC_0029558_segmentation.png
3110,train,ISIC_0025726,images/ISIC_0025726.jpg,masks/ISIC_0025726_segmentation.png
3111,train,ISIC_0025695,images/ISIC_0025695.jpg,masks/ISIC_0025695_segmentation.png
3112,train,ISIC_0028074,images/ISIC_0028074.jpg,masks/ISIC_0028074_segmentation.png
3113,train,ISIC_0028266,images/ISIC_0028266.jpg,masks/ISIC_0028266_segmentation.png
3114,train,ISIC_0025469,images/ISIC_0025469.jpg,masks/ISIC_0025469_segmentation.png
3115,train,ISIC_0027279,images/ISIC_0027279.jpg,masks/ISIC_0027279_segmentation.png
3116,train,ISIC_0032915,images/ISIC_0032915.jpg,masks/ISIC_0032915_segmentation.png
3117,train,ISIC_0029800,images/ISIC_0029800.jpg,masks/ISIC_0029800_segmentation.png
3118,train,ISIC_0031620,images/ISIC_0031620.jpg,masks/ISIC_0031620_segmentation.png
3119,train,ISIC_0025922,images/ISIC_0025922.jpg,masks/ISIC_0025922_segmentation.png
3120,train,ISIC_0025158,images/ISIC_0025158.jpg,masks/ISIC_0025158_segmentation.png
3121,train,ISIC_0029611,images/ISIC_0029611.jpg,masks/ISIC_0029611_segmentation.png
3122,train,ISIC_0032516,images/ISIC_0032516.jpg,masks/ISIC_0032516_segmentation.png
3123,train,ISIC_0024495,images/ISIC_0024495.jpg,masks/ISIC_0024495_segmentation.png
3124,train,ISIC_0027703,images/ISIC_0027703.jpg,masks/ISIC_0027703_segmentation.png
3125,train,ISIC_0029716,images/ISIC_0029716.jpg,masks/ISIC_0029716_segmentation.png
3126,train,ISIC_0025443,images/ISIC_0025443.jpg,masks/ISIC_0025443_segmentation.png
3127,train,ISIC_0027105,images/ISIC_0027105.jpg,masks/ISIC_0027105_segmentation.png
3128,train,ISIC_0030406,images/ISIC_0030406.jpg,masks/ISIC_0030406_segmentation.png
3129,train,ISIC_0028747,images/ISIC_0028747.jpg,masks/ISIC_0028747_segmentation.png
3130,train,ISIC_0034048,images/ISIC_0034048.jpg,masks/ISIC_0034048_segmentation.png
3131,train,ISIC_0025265,images/ISIC_0025265.jpg,masks/ISIC_0025265_segmentation.png
3132,train,ISIC_0029224,images/ISIC_0029224.jpg,masks/ISIC_0029224_segmentation.png
3133,train,ISIC_0028045,images/ISIC_0028045.jpg,masks/ISIC_0028045_segmentation.png
3134,train,ISIC_0027953,images/ISIC_0027953.jpg,masks/ISIC_0027953_segmentation.png
3135,train,ISIC_0029934,images/ISIC_0029934.jpg,masks/ISIC_0029934_segmentation.png
3136,train,ISIC_0025202,images/ISIC_0025202.jpg,masks/ISIC_0025202_segmentation.png
3137,train,ISIC_0025074,images/ISIC_0025074.jpg,masks/ISIC_0025074_segmentation.png
3138,train,ISIC_0032789,images/ISIC_0032789.jpg,masks/ISIC_0032789_segmentation.png
3139,train,ISIC_0028670,images/ISIC_0028670.jpg,masks/ISIC_0028670_segmentation.png
3140,train,ISIC_0031959,images/ISIC_0031959.jpg,masks/ISIC_0031959_segmentation.png
3141,train,ISIC_0024714,images/ISIC_0024714.jpg,masks/ISIC_0024714_segmentation.png
3142,train,ISIC_0029923,images/ISIC_0029923.jpg,masks/ISIC_0029923_segmentation.png
3143,train,ISIC_0025721,images/ISIC_0025721.jpg,masks/ISIC_0025721_segmentation.png
3144,train,ISIC_0027006,images/ISIC_0027006.jpg,masks/ISIC_0027006_segmentation.png
3145,train,ISIC_0033382,images/ISIC_0033382.jpg,masks/ISIC_0033382_segmentation.png
3146,train,ISIC_0026521,images/ISIC_0026521.jpg,masks/ISIC_0026521_segmentation.png
3147,train,ISIC_0033168,images/ISIC_0033168.jpg,masks/ISIC_0033168_segmentation.png
3148,train,ISIC_0026627,images/ISIC_0026627.jpg,masks/ISIC_0026627_segmentation.png
3149,train,ISIC_0025267,images/ISIC_0025267.jpg,masks/ISIC_0025267_segmentation.png
3150,train,ISIC_0033593,images/ISIC_0033593.jpg,masks/ISIC_0033593_segmentation.png
3151,train,ISIC_0031199,images/ISIC_0031199.jpg,masks/ISIC_0031199_segmentation.png
3152,train,ISIC_0033981,images/ISIC_0033981.jpg,masks/ISIC_0033981_segmentation.png
3153,train,ISIC_0026884,images/ISIC_0026884.jpg,masks/ISIC_0026884_segmentation.png
3154,train,ISIC_0032992,images/ISIC_0032992.jpg,masks/ISIC_0032992_segmentation.png
3155,train,ISIC_0026942,images/ISIC_0026942.jpg,masks/ISIC_0026942_segmentation.png
3156,train,ISIC_0030989,images/ISIC_0030989.jpg,masks/ISIC_0030989_segmentation.png
3157,train,ISIC_0028566,images/ISIC_0028566.jpg,masks/ISIC_0028566_segmentation.png
3158,train,ISIC_0028762,images/ISIC_0028762.jpg,masks/ISIC_0028762_segmentation.png
3159,train,ISIC_0028509,images/ISIC_0028509.jpg,masks/ISIC_0028509_segmentation.png
3160,train,ISIC_0032319,images/ISIC_0032319.jpg,masks/ISIC_0032319_segmentation.png
3161,train,ISIC_0029353,images/ISIC_0029353.jpg,masks/ISIC_0029353_segmentation.png
3162,train,ISIC_0033073,images/ISIC_0033073.jpg,masks/ISIC_0033073_segmentation.png
3163,train,ISIC_0024876,images/ISIC_0024876.jpg,masks/ISIC_0024876_segmentation.png
3164,train,ISIC_0025705,images/ISIC_0025705.jpg,masks/ISIC_0025705_segmentation.png
3165,train,ISIC_0029904,images/ISIC_0029904.jpg,masks/ISIC_0029904_segmentation.png
3166,train,ISIC_0032653,images/ISIC_0032653.jpg,masks/ISIC_0032653_segmentation.png
3167,train,ISIC_0029482,images/ISIC_0029482.jpg,masks/ISIC_0029482_segmentation.png
3168,train,ISIC_0033655,images/ISIC_0033655.jpg,masks/ISIC_0033655_segmentation.png
3169,train,ISIC_0032950,images/ISIC_0032950.jpg,masks/ISIC_0032950_segmentation.png
3170,train,ISIC_0030959,images/ISIC_0030959.jpg,masks/ISIC_0030959_segmentation.png
3171,train,ISIC_0033506,images/ISIC_0033506.jpg,masks/ISIC_0033506_segmentation.png
3172,train,ISIC_0030105,images/ISIC_0030105.jpg,masks/ISIC_0030105_segmentation.png
3173,train,ISIC_0024346,images/ISIC_0024346.jpg,masks/ISIC_0024346_segmentation.png
3174,train,ISIC_0028320,images/ISIC_0028320.jpg,masks/ISIC_0028320_segmentation.png
3175,train,ISIC_0028785,images/ISIC_0028785.jpg,masks/ISIC_0028785_segmentation.png
3176,train,ISIC_0030241,images/ISIC_0030241.jpg,masks/ISIC_0030241_segmentation.png
3177,train,ISIC_0027100,images/ISIC_0027100.jpg,masks/ISIC_0027100_segmentation.png
3178,train,ISIC_0032307,images/ISIC_0032307.jpg,masks/ISIC_0032307_segmentation.png
3179,train,ISIC_0033886,images/ISIC_0033886.jpg,masks/ISIC_0033886_segmentation.png
3180,train,ISIC_0024507,images/ISIC_0024507.jpg,masks/ISIC_0024507_segmentation.png
3181,train,ISIC_0029432,images/ISIC_0029432.jpg,masks/ISIC_0029432_segmentation.png
3182,train,ISIC_0025980,images/ISIC_0025980.jpg,masks/ISIC_0025980_segmentation.png
3183,train,ISIC_0029694,images/ISIC_0029694.jpg,masks/ISIC_0029694_segmentation.png
3184,train,ISIC_0028355,images/ISIC_0028355.jpg,masks/ISIC_0028355_segmentation.png
3185,train,ISIC_0032023,images/ISIC_0032023.jpg,masks/ISIC_0032023_segmentation.png
3186,train,ISIC_0033086,images/ISIC_0033086.jpg,masks/ISIC_0033086_segmentation.png
3187,train,ISIC_0029252,images/ISIC_0029252.jpg,masks/ISIC_0029252_segmentation.png
3188,train,ISIC_0032909,images/ISIC_0032909.jpg,masks/ISIC_0032909_segmentation.png
3189,train,ISIC_0029099,images/ISIC_0029099.jpg,masks/ISIC_0029099_segmentation.png
3190,train,ISIC_0024896,images/ISIC_0024896.jpg,masks/ISIC_0024896_segmentation.png
3191,train,ISIC_0025415,images/ISIC_0025415.jpg,masks/ISIC_0025415_segmentation.png
3192,train,ISIC_0032118,images/ISIC_0032118.jpg,masks/ISIC_0032118_segmentation.png
3193,train,ISIC_0033365,images/ISIC_0033365.jpg,masks/ISIC_0033365_segmentation.png
3194,train,ISIC_0033122,images/ISIC_0033122.jpg,masks/ISIC_0033122_segmentation.png
3195,train,ISIC_0029655,images/ISIC_0029655.jpg,masks/ISIC_0029655_segmentation.png
3196,train,ISIC_0029192,images/ISIC_0029192.jpg,masks/ISIC_0029192_segmentation.png
3197,train,ISIC_0027995,images/ISIC_0027995.jpg,masks/ISIC_0027995_segmentation.png
3198,train,ISIC_0032064,images/ISIC_0032064.jpg,masks/ISIC_0032064_segmentation.png
3199,train,ISIC_0027273,images/ISIC_0027273.jpg,masks/ISIC_0027273_segmentation.png
3200,train,ISIC_0032260,images/ISIC_0032260.jpg,masks/ISIC_0032260_segmentation.png
3201,train,ISIC_0034212,images/ISIC_0034212.jpg,masks/ISIC_0034212_segmentation.png
3202,train,ISIC_0025718,images/ISIC_0025718.jpg,masks/ISIC_0025718_segmentation.png
3203,train,ISIC_0024403,images/ISIC_0024403.jpg,masks/ISIC_0024403_segmentation.png
3204,train,ISIC_0028807,images/ISIC_0028807.jpg,masks/ISIC_0028807_segmentation.png
3205,train,ISIC_0025206,images/ISIC_0025206.jpg,masks/ISIC_0025206_segmentation.png
3206,train,ISIC_0033378,images/ISIC_0033378.jpg,masks/ISIC_0033378_segmentation.png
3207,train,ISIC_0033531,images/ISIC_0033531.jpg,masks/ISIC_0033531_segmentation.png
3208,train,ISIC_0026006,images/ISIC_0026006.jpg,masks/ISIC_0026006_segmentation.png
3209,train,ISIC_0028297,images/ISIC_0028297.jpg,masks/ISIC_0028297_segmentation.png
3210,train,ISIC_0032609,images/ISIC_0032609.jpg,masks/ISIC_0032609_segmentation.png
3211,train,ISIC_0027731,images/ISIC_0027731.jpg,masks/ISIC_0027731_segmentation.png
3212,train,ISIC_0032598,images/ISIC_0032598.jpg,masks/ISIC_0032598_segmentation.png
3213,train,ISIC_0026149,images/ISIC_0026149.jpg,masks/ISIC_0026149_segmentation.png
3214,train,ISIC_0028325,images/ISIC_0028325.jpg,masks/ISIC_0028325_segmentation.png
3215,train,ISIC_0025275,images/ISIC_0025275.jpg,masks/ISIC_0025275_segmentation.png
3216,train,ISIC_0033743,images/ISIC_0033743.jpg,masks/ISIC_0033743_segmentation.png
3217,train,ISIC_0030463,images/ISIC_0030463.jpg,masks/ISIC_0030463_segmentation.png
3218,train,ISIC_0029946,images/ISIC_0029946.jpg,masks/ISIC_0029946_segmentation.png
3219,train,ISIC_0025343,images/ISIC_0025343.jpg,masks/ISIC_0025343_segmentation.png
3220,train,ISIC_0026623,images/ISIC_0026623.jpg,masks/ISIC_0026623_segmentation.png
3221,train,ISIC_0026425,images/ISIC_0026425.jpg,masks/ISIC_0026425_segmentation.png
3222,train,ISIC_0033049,images/ISIC_0033049.jpg,masks/ISIC_0033049_segmentation.png
3223,train,ISIC_0033444,images/ISIC_0033444.jpg,masks/ISIC_0033444_segmentation.png
3224,train,ISIC_0025522,images/ISIC_0025522.jpg,masks/ISIC_0025522_segmentation.png
3225,train,ISIC_0026137,images/ISIC_0026137.jpg,masks/ISIC_0026137_segmentation.png
3226,train,ISIC_0028352,images/ISIC_0028352.jpg,masks/ISIC_0028352_segmentation.png
3227,train,ISIC_0033241,images/ISIC_0033241.jpg,masks/ISIC_0033241_segmentation.png
3228,train,ISIC_0026631,images/ISIC_0026631.jpg,masks/ISIC_0026631_segmentation.png
3229,train,ISIC_0033938,images/ISIC_0033938.jpg,masks/ISIC_0033938_segmentation.png
3230,train,ISIC_0026094,images/ISIC_0026094.jpg,masks/ISIC_0026094_segmentation.png
3231,train,ISIC_0030570,images/ISIC_0030570.jpg,masks/ISIC_0030570_segmentation.png
3232,train,ISIC_0026214,images/ISIC_0026214.jpg,masks/ISIC_0026214_segmentation.png
3233,train,ISIC_0027261,images/ISIC_0027261.jpg,masks/ISIC_0027261_segmentation.png
3234,train,ISIC_0029254,images/ISIC_0029254.jpg,masks/ISIC_0029254_segmentation.png
3235,train,ISIC_0025905,images/ISIC_0025905.jpg,masks/ISIC_0025905_segmentation.png
3236,train,ISIC_0026424,images/ISIC_0026424.jpg,masks/ISIC_0026424_segmentation.png
3237,train,ISIC_0031050,images/ISIC_0031050.jpg,masks/ISIC_0031050_segmentation.png
3238,train,ISIC_0032179,images/ISIC_0032179.jpg,masks/ISIC_0032179_segmentation.png
3239,train,ISIC_0025031,images/ISIC_0025031.jpg,masks/ISIC_0025031_segmentation.png
3240,train,ISIC_0030001,images/ISIC_0030001.jpg,masks/ISIC_0030001_segmentation.png
3241,train,ISIC_0024590,images/ISIC_0024590.jpg,masks/ISIC_0024590_segmentation.png
3242,train,ISIC_0031315,images/ISIC_0031315.jpg,masks/ISIC_0031315_segmentation.png
3243,train,ISIC_0030537,images/ISIC_0030537.jpg,masks/ISIC_0030537_segmentation.png
3244,train,ISIC_0029496,images/ISIC_0029496.jpg,masks/ISIC_0029496_segmentation.png
3245,train,ISIC_0029118,images/ISIC_0029118.jpg,masks/ISIC_0029118_segmentation.png
3246,train,ISIC_0028898,images/ISIC_0028898.jpg,masks/ISIC_0028898_segmentation.png
3247,train,ISIC_0025466,images/ISIC_0025466.jpg,masks/ISIC_0025466_segmentation.png
3248,train,ISIC_0024976,images/ISIC_0024976.jpg,masks/ISIC_0024976_segmentation.png
3249,train,ISIC_0028063,images/ISIC_0028063.jpg,masks/ISIC_0028063_segmentation.png
3250,train,ISIC_0027129,images/ISIC_0027129.jpg,masks/ISIC_0027129_segmentation.png
3251,train,ISIC_0031503,images/ISIC_0031503.jpg,masks/ISIC_0031503_segmentation.png
3252,train,ISIC_0029279,images/ISIC_0029279.jpg,masks/ISIC_0029279_segmentation.png
3253,train,ISIC_0031522,images/ISIC_0031522.jpg,masks/ISIC_0031522_segmentation.png
3254,train,ISIC_0029813,images/ISIC_0029813.jpg,masks/ISIC_0029813_segmentation.png
3255,train,ISIC_0027411,images/ISIC_0027411.jpg,masks/ISIC_0027411_segmentation.png
3256,train,ISIC_0027470,images/ISIC_0027470.jpg,masks/ISIC_0027470_segmentation.png
3257,train,ISIC_0025824,images/ISIC_0025824.jpg,masks/ISIC_0025824_segmentation.png
3258,train,ISIC_0030954,images/ISIC_0030954.jpg,masks/ISIC_0030954_segmentation.png
3259,train,ISIC_0025199,images/ISIC_0025199.jpg,masks/ISIC_0025199_segmentation.png
3260,train,ISIC_0031407,images/ISIC_0031407.jpg,masks/ISIC_0031407_segmentation.png
3261,train,ISIC_0029130,images/ISIC_0029130.jpg,masks/ISIC_0029130_segmentation.png
3262,train,ISIC_0031761,images/ISIC_0031761.jpg,masks/ISIC_0031761_segmentation.png
3263,train,ISIC_0033331,images/ISIC_0033331.jpg,masks/ISIC_0033331_segmentation.png
3264,train,ISIC_0030942,images/ISIC_0030942.jpg,masks/ISIC_0030942_segmentation.png
3265,train,ISIC_0026838,images/ISIC_0026838.jpg,masks/ISIC_0026838_segmentation.png
3266,train,ISIC_0024649,images/ISIC_0024649.jpg,masks/ISIC_0024649_segmentation.png
3267,train,ISIC_0033003,images/ISIC_0033003.jpg,masks/ISIC_0033003_segmentation.png
3268,train,ISIC_0028540,images/ISIC_0028540.jpg,masks/ISIC_0028540_segmentation.png
3269,train,ISIC_0027399,images/ISIC_0027399.jpg,masks/ISIC_0027399_segmentation.png
3270,train,ISIC_0028755,images/ISIC_0028755.jpg,masks/ISIC_0028755_segmentation.png
3271,train,ISIC_0026302,images/ISIC_0026302.jpg,masks/ISIC_0026302_segmentation.png
3272,train,ISIC_0025467,images/ISIC_0025467.jpg,masks/ISIC_0025467_segmentation.png
3273,train,ISIC_0033758,images/ISIC_0033758.jpg,masks/ISIC_0033758_segmentation.png
3274,train,ISIC_0028332,images/ISIC_0028332.jpg,masks/ISIC_0028332_segmentation.png
3275,train,ISIC_0026174,images/ISIC_0026174.jpg,masks/ISIC_0026174_segmentation.png
3276,train,ISIC_0027593,images/ISIC_0027593.jpg,masks/ISIC_0027593_segmentation.png
3277,train,ISIC_0030684,images/ISIC_0030684.jpg,masks/ISIC_0030684_segmentation.png
3278,train,ISIC_0030198,images/ISIC_0030198.jpg,masks/ISIC_0030198_segmentation.png
3279,train,ISIC_0033521,images/ISIC_0033521.jpg,masks/ISIC_0033521_segmentation.png
3280,train,ISIC_0028092,images/ISIC_0028092.jpg,masks/ISIC_0028092_segmentation.png
3281,train,ISIC_0030721,images/ISIC_0030721.jpg,masks/ISIC_0030721_segmentation.png
3282,train,ISIC_0028010,images/ISIC_0028010.jpg,masks/ISIC_0028010_segmentation.png
3283,train,ISIC_0026329,images/ISIC_0026329.jpg,masks/ISIC_0026329_segmentation.png
3284,train,ISIC_0033856,images/ISIC_0033856.jpg,masks/ISIC_0033856_segmentation.png
3285,train,ISIC_0032069,images/ISIC_0032069.jpg,masks/ISIC_0032069_segmentation.png
3286,train,ISIC_0027923,images/ISIC_0027923.jpg,masks/ISIC_0027923_segmentation.png
3287,train,ISIC_0025368,images/ISIC_0025368.jpg,masks/ISIC_0025368_segmentation.png
3288,train,ISIC_0029303,images/ISIC_0029303.jpg,masks/ISIC_0029303_segmentation.png
3289,train,ISIC_0024759,images/ISIC_0024759.jpg,masks/ISIC_0024759_segmentation.png
3290,train,ISIC_0032749,images/ISIC_0032749.jpg,masks/ISIC_0032749_segmentation.png
3291,train,ISIC_0024479,images/ISIC_0024479.jpg,masks/ISIC_0024479_segmentation.png
3292,train,ISIC_0032530,images/ISIC_0032530.jpg,masks/ISIC_0032530_segmentation.png
3293,train,ISIC_0025568,images/ISIC_0025568.jpg,masks/ISIC_0025568_segmentation.png
3294,train,ISIC_0026320,images/ISIC_0026320.jpg,masks/ISIC_0026320_segmentation.png
3295,train,ISIC_0029342,images/ISIC_0029342.jpg,masks/ISIC_0029342_segmentation.png
3296,train,ISIC_0032636,images/ISIC_0032636.jpg,masks/ISIC_0032636_segmentation.png
3297,train,ISIC_0025215,images/ISIC_0025215.jpg,masks/ISIC_0025215_segmentation.png
3298,train,ISIC_0028101,images/ISIC_0028101.jpg,masks/ISIC_0028101_segmentation.png
3299,train,ISIC_0028345,images/ISIC_0028345.jpg,masks/ISIC_0028345_segmentation.png
3300,train,ISIC_0026945,images/ISIC_0026945.jpg,masks/ISIC_0026945_segmentation.png
3301,train,ISIC_0030113,images/ISIC_0030113.jpg,masks/ISIC_0030113_segmentation.png
3302,train,ISIC_0024532,images/ISIC_0024532.jpg,masks/ISIC_0024532_segmentation.png
3303,train,ISIC_0026454,images/ISIC_0026454.jpg,masks/ISIC_0026454_segmentation.png
3304,train,ISIC_0032747,images/ISIC_0032747.jpg,masks/ISIC_0032747_segmentation.png
3305,train,ISIC_0025427,images/ISIC_0025427.jpg,masks/ISIC_0025427_segmentation.png
3306,train,ISIC_0025725,images/ISIC_0025725.jpg,masks/ISIC_0025725_segmentation.png
3307,train,ISIC_0033612,images/ISIC_0033612.jpg,masks/ISIC_0033612_segmentation.png
3308,train,ISIC_0029673,images/ISIC_0029673.jpg,masks/ISIC_0029673_segmentation.png
3309,train,ISIC_0027895,images/ISIC_0027895.jpg,masks/ISIC_0027895_segmentation.png
3310,train,ISIC_0028047,images/ISIC_0028047.jpg,masks/ISIC_0028047_segmentation.png
3311,train,ISIC_0024373,images/ISIC_0024373.jpg,masks/ISIC_0024373_segmentation.png
3312,train,ISIC_0031696,images/ISIC_0031696.jpg,masks/ISIC_0031696_segmentation.png
3313,train,ISIC_0028118,images/ISIC_0028118.jpg,masks/ISIC_0028118_segmentation.png
3314,train,ISIC_0031957,images/ISIC_0031957.jpg,masks/ISIC_0031957_segmentation.png
3315,train,ISIC_0033849,images/ISIC_0033849.jpg,masks/ISIC_0033849_segmentation.png
3316,train,ISIC_0028980,images/ISIC_0028980.jpg,masks/ISIC_0028980_segmentation.png
3317,train,ISIC_0025633,images/ISIC_0025633.jpg,masks/ISIC_0025633_segmentation.png
3318,train,ISIC_0027587,images/ISIC_0027587.jpg,masks/ISIC_0027587_segmentation.png
3319,train,ISIC_0026187,images/ISIC_0026187.jpg,masks/ISIC_0026187_segmentation.png
3320,train,ISIC_0025385,images/ISIC_0025385.jpg,masks/ISIC_0025385_segmentation.png
3321,train,ISIC_0025337,images/ISIC_0025337.jpg,masks/ISIC_0025337_segmentation.png
3322,train,ISIC_0024828,images/ISIC_0024828.jpg,masks/ISIC_0024828_segmentation.png
3323,train,ISIC_0026720,images/ISIC_0026720.jpg,masks/ISIC_0026720_segmentation.png
3324,train,ISIC_0026822,images/ISIC_0026822.jpg,masks/ISIC_0026822_segmentation.png
3325,train,ISIC_0031964,images/ISIC_0031964.jpg,masks/ISIC_0031964_segmentation.png
3326,train,ISIC_0026213,images/ISIC_0026213.jpg,masks/ISIC_0026213_segmentation.png
3327,train,ISIC_0024541,images/ISIC_0024541.jpg,masks/ISIC_0024541_segmentation.png
3328,train,ISIC_0026914,images/ISIC_0026914.jpg,masks/ISIC_0026914_segmentation.png
3329,train,ISIC_0033545,images/ISIC_0033545.jpg,masks/ISIC_0033545_segmentation.png
3330,train,ISIC_0032054,images/ISIC_0032054.jpg,masks/ISIC_0032054_segmentation.png
3331,train,ISIC_0031516,images/ISIC_0031516.jpg,masks/ISIC_0031516_segmentation.png
3332,train,ISIC_0033120,images/ISIC_0033120.jpg,masks/ISIC_0033120_segmentation.png
3333,train,ISIC_0031097,images/ISIC_0031097.jpg,masks/ISIC_0031097_segmentation.png
3334,train,ISIC_0024713,images/ISIC_0024713.jpg,masks/ISIC_0024713_segmentation.png
3335,train,ISIC_0033451,images/ISIC_0033451.jpg,masks/ISIC_0033451_segmentation.png
3336,train,ISIC_0031459,images/ISIC_0031459.jpg,masks/ISIC_0031459_segmentation.png
3337,train,ISIC_0025812,images/ISIC_0025812.jpg,masks/ISIC_0025812_segmentation.png
3338,train,ISIC_0030750,images/ISIC_0030750.jpg,masks/ISIC_0030750_segmentation.png
3339,train,ISIC_0027745,images/ISIC_0027745.jpg,masks/ISIC_0027745_segmentation.png
3340,train,ISIC_0033137,images/ISIC_0033137.jpg,masks/ISIC_0033137_segmentation.png
3341,train,ISIC_0028796,images/ISIC_0028796.jpg,masks/ISIC_0028796_segmentation.png
3342,train,ISIC_0031005,images/ISIC_0031005.jpg,masks/ISIC_0031005_segmentation.png
3343,train,ISIC_0031978,images/ISIC_0031978.jpg,masks/ISIC_0031978_segmentation.png
3344,train,ISIC_0031074,images/ISIC_0031074.jpg,masks/ISIC_0031074_segmentation.png
3345,train,ISIC_0030168,images/ISIC_0030168.jpg,masks/ISIC_0030168_segmentation.png
3346,train,ISIC_0030160,images/ISIC_0030160.jpg,masks/ISIC_0030160_segmentation.png
3347,train,ISIC_0031617,images/ISIC_0031617.jpg,masks/ISIC_0031617_segmentation.png
3348,train,ISIC_0034118,images/ISIC_0034118.jpg,masks/ISIC_0034118_segmentation.png
3349,train,ISIC_0029204,images/ISIC_0029204.jpg,masks/ISIC_0029204_segmentation.png
3350,train,ISIC_0025421,images/ISIC_0025421.jpg,masks/ISIC_0025421_segmentation.png
3351,train,ISIC_0033999,images/ISIC_0033999.jpg,masks/ISIC_0033999_segmentation.png
3352,train,ISIC_0026092,images/ISIC_0026092.jpg,masks/ISIC_0026092_segmentation.png
3353,train,ISIC_0030454,images/ISIC_0030454.jpg,masks/ISIC_0030454_segmentation.png
3354,train,ISIC_0031299,images/ISIC_0031299.jpg,masks/ISIC_0031299_segmentation.png
3355,train,ISIC_0033755,images/ISIC_0033755.jpg,masks/ISIC_0033755_segmentation.png
3356,train,ISIC_0029530,images/ISIC_0029530.jpg,masks/ISIC_0029530_segmentation.png
3357,train,ISIC_0025399,images/ISIC_0025399.jpg,masks/ISIC_0025399_segmentation.png
3358,train,ISIC_0026494,images/ISIC_0026494.jpg,masks/ISIC_0026494_segmentation.png
3359,train,ISIC_0025616,images/ISIC_0025616.jpg,masks/ISIC_0025616_segmentation.png
3360,train,ISIC_0028290,images/ISIC_0028290.jpg,masks/ISIC_0028290_segmentation.png
3361,train,ISIC_0029226,images/ISIC_0029226.jpg,masks/ISIC_0029226_segmentation.png
3362,train,ISIC_0028058,images/ISIC_0028058.jpg,masks/ISIC_0028058_segmentation.png
3363,train,ISIC_0030107,images/ISIC_0030107.jpg,masks/ISIC_0030107_segmentation.png
3364,train,ISIC_0030869,images/ISIC_0030869.jpg,masks/ISIC_0030869_segmentation.png
3365,train,ISIC_0024375,images/ISIC_0024375.jpg,masks/ISIC_0024375_segmentation.png
3366,train,ISIC_0026706,images/ISIC_0026706.jpg,masks/ISIC_0026706_segmentation.png
3367,train,ISIC_0025191,images/ISIC_0025191.jpg,masks/ISIC_0025191_segmentation.png
3368,train,ISIC_0033563,images/ISIC_0033563.jpg,masks/ISIC_0033563_segmentation.png
3369,train,ISIC_0030937,images/ISIC_0030937.jpg,masks/ISIC_0030937_segmentation.png
3370,train,ISIC_0028002,images/ISIC_0028002.jpg,masks/ISIC_0028002_segmentation.png
3371,train,ISIC_0026727,images/ISIC_0026727.jpg,masks/ISIC_0026727_segmentation.png
3372,train,ISIC_0025238,images/ISIC_0025238.jpg,masks/ISIC_0025238_segmentation.png
3373,train,ISIC_0029173,images/ISIC_0029173.jpg,masks/ISIC_0029173_segmentation.png
3374,train,ISIC_0032860,images/ISIC_0032860.jpg,masks/ISIC_0032860_segmentation.png
3375,train,ISIC_0031751,images/ISIC_0031751.jpg,masks/ISIC_0031751_segmentation.png
3376,train,ISIC_0024558,images/ISIC_0024558.jpg,masks/ISIC_0024558_segmentation.png
3377,train,ISIC_0027263,images/ISIC_0027263.jpg,masks/ISIC_0027263_segmentation.png
3378,train,ISIC_0027270,images/ISIC_0027270.jpg,masks/ISIC_0027270_segmentation.png
3379,train,ISIC_0031247,images/ISIC_0031247.jpg,masks/ISIC_0031247_segmentation.png
3380,train,ISIC_0028174,images/ISIC_0028174.jpg,masks/ISIC_0028174_segmentation.png
3381,train,ISIC_0026350,images/ISIC_0026350.jpg,masks/ISIC_0026350_segmentation.png
3382,train,ISIC_0027545,images/ISIC_0027545.jpg,masks/ISIC_0027545_segmentation.png
3383,train,ISIC_0024971,images/ISIC_0024971.jpg,masks/ISIC_0024971_segmentation.png
3384,train,ISIC_0034221,images/ISIC_0034221.jpg,masks/ISIC_0034221_segmentation.png
3385,train,ISIC_0031052,images/ISIC_0031052.jpg,masks/ISIC_0031052_segmentation.png
3386,train,ISIC_0025728,images/ISIC_0025728.jpg,masks/ISIC_0025728_segmentation.png
3387,train,ISIC_0025859,images/ISIC_0025859.jpg,masks/ISIC_0025859_segmentation.png
3388,train,ISIC_0033096,images/ISIC_0033096.jpg,masks/ISIC_0033096_segmentation.png
3389,train,ISIC_0026355,images/ISIC_0026355.jpg,masks/ISIC_0026355_segmentation.png
3390,train,ISIC_0024465,images/ISIC_0024465.jpg,masks/ISIC_0024465_segmentation.png
3391,train,ISIC_0029501,images/ISIC_0029501.jpg,masks/ISIC_0029501_segmentation.png
3392,train,ISIC_0031123,images/ISIC_0031123.jpg,masks/ISIC_0031123_segmentation.png
3393,train,ISIC_0025638,images/ISIC_0025638.jpg,masks/ISIC_0025638_segmentation.png
3394,train,ISIC_0027024,images/ISIC_0027024.jpg,masks/ISIC_0027024_segmentation.png
3395,train,ISIC_0026367,images/ISIC_0026367.jpg,masks/ISIC_0026367_segmentation.png
3396,train,ISIC_0025836,images/ISIC_0025836.jpg,masks/ISIC_0025836_segmentation.png
3397,train,ISIC_0024787,images/ISIC_0024787.jpg,masks/ISIC_0024787_segmentation.png
3398,train,ISIC_0033820,images/ISIC_0033820.jpg,masks/ISIC_0033820_segmentation.png
3399,train,ISIC_0029633,images/ISIC_0029633.jpg,masks/ISIC_0029633_segmentation.png
3400,train,ISIC_0028359,images/ISIC_0028359.jpg,masks/ISIC_0028359_segmentation.png
3401,train,ISIC_0032641,images/ISIC_0032641.jpg,masks/ISIC_0032641_segmentation.png
3402,train,ISIC_0031378,images/ISIC_0031378.jpg,masks/ISIC_0031378_segmentation.png
3403,train,ISIC_0026587,images/ISIC_0026587.jpg,masks/ISIC_0026587_segmentation.png
3404,train,ISIC_0026960,images/ISIC_0026960.jpg,masks/ISIC_0026960_segmentation.png
3405,train,ISIC_0027086,images/ISIC_0027086.jpg,masks/ISIC_0027086_segmentation.png
3406,train,ISIC_0031249,images/ISIC_0031249.jpg,masks/ISIC_0031249_segmentation.png
3407,train,ISIC_0033757,images/ISIC_0033757.jpg,masks/ISIC_0033757_segmentation.png
3408,train,ISIC_0025442,images/ISIC_0025442.jpg,masks/ISIC_0025442_segmentation.png
3409,train,ISIC_0033177,images/ISIC_0033177.jpg,masks/ISIC_0033177_segmentation.png
3410,train,ISIC_0025392,images/ISIC_0025392.jpg,masks/ISIC_0025392_segmentation.png
3411,train,ISIC_0026893,images/ISIC_0026893.jpg,masks/ISIC_0026893_segmentation.png
3412,train,ISIC_0032233,images/ISIC_0032233.jpg,masks/ISIC_0032233_segmentation.png
3413,train,ISIC_0027631,images/ISIC_0027631.jpg,masks/ISIC_0027631_segmentation.png
3414,train,ISIC_0029084,images/ISIC_0029084.jpg,masks/ISIC_0029084_segmentation.png
3415,train,ISIC_0031750,images/ISIC_0031750.jpg,masks/ISIC_0031750_segmentation.png
3416,train,ISIC_0026818,images/ISIC_0026818.jpg,masks/ISIC_0026818_segmentation.png
3417,train,ISIC_0027119,images/ISIC_0027119.jpg,masks/ISIC_0027119_segmentation.png
3418,train,ISIC_0031698,images/ISIC_0031698.jpg,masks/ISIC_0031698_segmentation.png
3419,train,ISIC_0029614,images/ISIC_0029614.jpg,masks/ISIC_0029614_segmentation.png
3420,train,ISIC_0031999,images/ISIC_0031999.jpg,masks/ISIC_0031999_segmentation.png
3421,train,ISIC_0026312,images/ISIC_0026312.jpg,masks/ISIC_0026312_segmentation.png
3422,train,ISIC_0029809,images/ISIC_0029809.jpg,masks/ISIC_0029809_segmentation.png
3423,train,ISIC_0029964,images/ISIC_0029964.jpg,masks/ISIC_0029964_segmentation.png
3424,train,ISIC_0032922,images/ISIC_0032922.jpg,masks/ISIC_0032922_segmentation.png
3425,train,ISIC_0025909,images/ISIC_0025909.jpg,masks/ISIC_0025909_segmentation.png
3426,train,ISIC_0032695,images/ISIC_0032695.jpg,masks/ISIC_0032695_segmentation.png
3427,train,ISIC_0030490,images/ISIC_0030490.jpg,masks/ISIC_0030490_segmentation.png
3428,train,ISIC_0024533,images/ISIC_0024533.jpg,masks/ISIC_0024533_segmentation.png
3429,train,ISIC_0027275,images/ISIC_0027275.jpg,masks/ISIC_0027275_segmentation.png
3430,train,ISIC_0026608,images/ISIC_0026608.jpg,masks/ISIC_0026608_segmentation.png
3431,train,ISIC_0031143,images/ISIC_0031143.jpg,masks/ISIC_0031143_segmentation.png
3432,train,ISIC_0033904,images/ISIC_0033904.jpg,masks/ISIC_0033904_segmentation.png
3433,train,ISIC_0025376,images/ISIC_0025376.jpg,masks/ISIC_0025376_segmentation.png
3434,train,ISIC_0024362,images/ISIC_0024362.jpg,masks/ISIC_0024362_segmentation.png
3435,train,ISIC_0029410,images/ISIC_0029410.jpg,masks/ISIC_0029410_segmentation.png
3436,train,ISIC_0024408,images/ISIC_0024408.jpg,masks/ISIC_0024408_segmentation.png
3437,train,ISIC_0033567,images/ISIC_0033567.jpg,masks/ISIC_0033567_segmentation.png
3438,train,ISIC_0028221,images/ISIC_0028221.jpg,masks/ISIC_0028221_segmentation.png
3439,train,ISIC_0028451,images/ISIC_0028451.jpg,masks/ISIC_0028451_segmentation.png
3440,train,ISIC_0028549,images/ISIC_0028549.jpg,masks/ISIC_0028549_segmentation.png
3441,train,ISIC_0028422,images/ISIC_0028422.jpg,masks/ISIC_0028422_segmentation.png
3442,train,ISIC_0026010,images/ISIC_0026010.jpg,masks/ISIC_0026010_segmentation.png
3443,train,ISIC_0028559,images/ISIC_0028559.jpg,masks/ISIC_0028559_segmentation.png
3444,train,ISIC_0024781,images/ISIC_0024781.jpg,masks/ISIC_0024781_segmentation.png
3445,train,ISIC_0027688,images/ISIC_0027688.jpg,masks/ISIC_0027688_segmentation.png
3446,train,ISIC_0030271,images/ISIC_0030271.jpg,masks/ISIC_0030271_segmentation.png
3447,train,ISIC_0028944,images/ISIC_0028944.jpg,masks/ISIC_0028944_segmentation.png
3448,train,ISIC_0032436,images/ISIC_0032436.jpg,masks/ISIC_0032436_segmentation.png
3449,train,ISIC_0032978,images/ISIC_0032978.jpg,masks/ISIC_0032978_segmentation.png
3450,train,ISIC_0031695,images/ISIC_0031695.jpg,masks/ISIC_0031695_segmentation.png
3451,train,ISIC_0029821,images/ISIC_0029821.jpg,masks/ISIC_0029821_segmentation.png
3452,train,ISIC_0031942,images/ISIC_0031942.jpg,masks/ISIC_0031942_segmentation.png
3453,train,ISIC_0024451,images/ISIC_0024451.jpg,masks/ISIC_0024451_segmentation.png
3454,train,ISIC_0027073,images/ISIC_0027073.jpg,masks/ISIC_0027073_segmentation.png
3455,train,ISIC_0031207,images/ISIC_0031207.jpg,masks/ISIC_0031207_segmentation.png
3456,train,ISIC_0024467,images/ISIC_0024467.jpg,masks/ISIC_0024467_segmentation.png
3457,train,ISIC_0032600,images/ISIC_0032600.jpg,masks/ISIC_0032600_segmentation.png
3458,train,ISIC_0028069,images/ISIC_0028069.jpg,masks/ISIC_0028069_segmentation.png
3459,train,ISIC_0028044,images/ISIC_0028044.jpg,masks/ISIC_0028044_segmentation.png
3460,train,ISIC_0030911,images/ISIC_0030911.jpg,masks/ISIC_0030911_segmentation.png
3461,train,ISIC_0030914,images/ISIC_0030914.jpg,masks/ISIC_0030914_segmentation.png
3462,train,ISIC_0025318,images/ISIC_0025318.jpg,masks/ISIC_0025318_segmentation.png
3463,train,ISIC_0034311,images/ISIC_0034311.jpg,masks/ISIC_0034311_segmentation.png
3464,train,ISIC_0024671,images/ISIC_0024671.jpg,masks/ISIC_0024671_segmentation.png
3465,train,ISIC_0027038,images/ISIC_0027038.jpg,masks/ISIC_0027038_segmentation.png
3466,train,ISIC_0029293,images/ISIC_0029293.jpg,masks/ISIC_0029293_segmentation.png
3467,train,ISIC_0025331,images/ISIC_0025331.jpg,masks/ISIC_0025331_segmentation.png
3468,train,ISIC_0028254,images/ISIC_0028254.jpg,masks/ISIC_0028254_segmentation.png
3469,train,ISIC_0027771,images/ISIC_0027771.jpg,masks/ISIC_0027771_segmentation.png
3470,train,ISIC_0025914,images/ISIC_0025914.jpg,masks/ISIC_0025914_segmentation.png
3471,train,ISIC_0032995,images/ISIC_0032995.jpg,masks/ISIC_0032995_segmentation.png
3472,train,ISIC_0029523,images/ISIC_0029523.jpg,masks/ISIC_0029523_segmentation.png
3473,train,ISIC_0028837,images/ISIC_0028837.jpg,masks/ISIC_0028837_segmentation.png
3474,train,ISIC_0024354,images/ISIC_0024354.jpg,masks/ISIC_0024354_segmentation.png
3475,train,ISIC_0029979,images/ISIC_0029979.jpg,masks/ISIC_0029979_segmentation.png
3476,train,ISIC_0026735,images/ISIC_0026735.jpg,masks/ISIC_0026735_segmentation.png
3477,train,ISIC_0028731,images/ISIC_0028731.jpg,masks/ISIC_0028731_segmentation.png
3478,train,ISIC_0031365,images/ISIC_0031365.jpg,masks/ISIC_0031365_segmentation.png
3479,train,ISIC_0029668,images/ISIC_0029668.jpg,masks/ISIC_0029668_segmentation.png
3480,train,ISIC_0028889,images/ISIC_0028889.jpg,masks/ISIC_0028889_segmentation.png
3481,train,ISIC_0027898,images/ISIC_0027898.jpg,masks/ISIC_0027898_segmentation.png
3482,train,ISIC_0032905,images/ISIC_0032905.jpg,masks/ISIC_0032905_segmentation.png
3483,train,ISIC_0027789,images/ISIC_0027789.jpg,masks/ISIC_0027789_segmentation.png
3484,train,ISIC_0029036,images/ISIC_0029036.jpg,masks/ISIC_0029036_segmentation.png
3485,train,ISIC_0032587,images/ISIC_0032587.jpg,masks/ISIC_0032587_segmentation.png
3486,train,ISIC_0028530,images/ISIC_0028530.jpg,masks/ISIC_0028530_segmentation.png
3487,train,ISIC_0032271,images/ISIC_0032271.jpg,masks/ISIC_0032271_segmentation.png
3488,train,ISIC_0026741,images/ISIC_0026741.jpg,masks/ISIC_0026741_segmentation.png
3489,train,ISIC_0029591,images/ISIC_0029591.jpg,masks/ISIC_0029591_segmentation.png
3490,train,ISIC_0028532,images/ISIC_0028532.jpg,masks/ISIC_0028532_segmentation.png
3491,train,ISIC_0027479,images/ISIC_0027479.jpg,masks/ISIC_0027479_segmentation.png
3492,train,ISIC_0025793,images/ISIC_0025793.jpg,masks/ISIC_0025793_segmentation.png
3493,train,ISIC_0031172,images/ISIC_0031172.jpg,masks/ISIC_0031172_segmentation.png
3494,train,ISIC_0028346,images/ISIC_0028346.jpg,masks/ISIC_0028346_segmentation.png
3495,train,ISIC_0033508,images/ISIC_0033508.jpg,masks/ISIC_0033508_segmentation.png
3496,train,ISIC_0030296,images/ISIC_0030296.jpg,masks/ISIC_0030296_segmentation.png
3497,train,ISIC_0026586,images/ISIC_0026586.jpg,masks/ISIC_0026586_segmentation.png
3498,train,ISIC_0031986,images/ISIC_0031986.jpg,masks/ISIC_0031986_segmentation.png
3499,train,ISIC_0029387,images/ISIC_0029387.jpg,masks/ISIC_0029387_segmentation.png
3500,train,ISIC_0033748,images/ISIC_0033748.jpg,masks/ISIC_0033748_segmentation.png
3501,train,ISIC_0030324,images/ISIC_0030324.jpg,masks/ISIC_0030324_segmentation.png
3502,train,ISIC_0025761,images/ISIC_0025761.jpg,masks/ISIC_0025761_segmentation.png
3503,train,ISIC_0025255,images/ISIC_0025255.jpg,masks/ISIC_0025255_segmentation.png
3504,train,ISIC_0032147,images/ISIC_0032147.jpg,masks/ISIC_0032147_segmentation.png
3505,train,ISIC_0032496,images/ISIC_0032496.jpg,masks/ISIC_0032496_segmentation.png
3506,train,ISIC_0026970,images/ISIC_0026970.jpg,masks/ISIC_0026970_segmentation.png
3507,train,ISIC_0026064,images/ISIC_0026064.jpg,masks/ISIC_0026064_segmentation.png
3508,train,ISIC_0033242,images/ISIC_0033242.jpg,masks/ISIC_0033242_segmentation.png
3509,train,ISIC_0030502,images/ISIC_0030502.jpg,masks/ISIC_0030502_segmentation.png
3510,train,ISIC_0026836,images/ISIC_0026836.jpg,masks/ISIC_0026836_segmentation.png
3511,train,ISIC_0029054,images/ISIC_0029054.jpg,masks/ISIC_0029054_segmentation.png
3512,train,ISIC_0029603,images/ISIC_0029603.jpg,masks/ISIC_0029603_segmentation.png
3513,train,ISIC_0028167,images/ISIC_0028167.jpg,masks/ISIC_0028167_segmentation.png
3514,train,ISIC_0031667,images/ISIC_0031667.jpg,masks/ISIC_0031667_segmentation.png
3515,train,ISIC_0030900,images/ISIC_0030900.jpg,masks/ISIC_0030900_segmentation.png
3516,train,ISIC_0031827,images/ISIC_0031827.jpg,masks/ISIC_0031827_segmentation.png
3517,train,ISIC_0032135,images/ISIC_0032135.jpg,masks/ISIC_0032135_segmentation.png
3518,train,ISIC_0028189,images/ISIC_0028189.jpg,masks/ISIC_0028189_segmentation.png
3519,train,ISIC_0029000,images/ISIC_0029000.jpg,masks/ISIC_0029000_segmentation.png
3520,train,ISIC_0025507,images/ISIC_0025507.jpg,masks/ISIC_0025507_segmentation.png
3521,train,ISIC_0028984,images/ISIC_0028984.jpg,masks/ISIC_0028984_segmentation.png
3522,train,ISIC_0029709,images/ISIC_0029709.jpg,masks/ISIC_0029709_segmentation.png
3523,train,ISIC_0032434,images/ISIC_0032434.jpg,masks/ISIC_0032434_segmentation.png
3524,train,ISIC_0028448,images/ISIC_0028448.jpg,masks/ISIC_0028448_segmentation.png
3525,train,ISIC_0030904,images/ISIC_0030904.jpg,masks/ISIC_0030904_segmentation.png
3526,train,ISIC_0024384,images/ISIC_0024384.jpg,masks/ISIC_0024384_segmentation.png
3527,train,ISIC_0031527,images/ISIC_0031527.jpg,masks/ISIC_0031527_segmentation.png
3528,train,ISIC_0027039,images/ISIC_0027039.jpg,masks/ISIC_0027039_segmentation.png
3529,train,ISIC_0024621,images/ISIC_0024621.jpg,masks/ISIC_0024621_segmentation.png
3530,train,ISIC_0028793,images/ISIC_0028793.jpg,masks/ISIC_0028793_segmentation.png
3531,train,ISIC_0030731,images/ISIC_0030731.jpg,masks/ISIC_0030731_segmentation.png
3532,train,ISIC_0032874,images/ISIC_0032874.jpg,masks/ISIC_0032874_segmentation.png
3533,train,ISIC_0031625,images/ISIC_0031625.jpg,masks/ISIC_0031625_segmentation.png
3534,train,ISIC_0032173,images/ISIC_0032173.jpg,masks/ISIC_0032173_segmentation.png
3535,train,ISIC_0033749,images/ISIC_0033749.jpg,masks/ISIC_0033749_segmentation.png
3536,train,ISIC_0026532,images/ISIC_0026532.jpg,masks/ISIC_0026532_segmentation.png
3537,train,ISIC_0032334,images/ISIC_0032334.jpg,masks/ISIC_0032334_segmentation.png
3538,train,ISIC_0027116,images/ISIC_0027116.jpg,masks/ISIC_0027116_segmentation.png
3539,train,ISIC_0031732,images/ISIC_0031732.jpg,masks/ISIC_0031732_segmentation.png
3540,train,ISIC_0034129,images/ISIC_0034129.jpg,masks/ISIC_0034129_segmentation.png
3541,train,ISIC_0024745,images/ISIC_0024745.jpg,masks/ISIC_0024745_segmentation.png
3542,train,ISIC_0027259,images/ISIC_0027259.jpg,masks/ISIC_0027259_segmentation.png
3543,train,ISIC_0027689,images/ISIC_0027689.jpg,masks/ISIC_0027689_segmentation.png
3544,train,ISIC_0029886,images/ISIC_0029886.jpg,masks/ISIC_0029886_segmentation.png
3545,train,ISIC_0028781,images/ISIC_0028781.jpg,masks/ISIC_0028781_segmentation.png
3546,train,ISIC_0032431,images/ISIC_0032431.jpg,masks/ISIC_0032431_segmentation.png
3547,train,ISIC_0025703,images/ISIC_0025703.jpg,masks/ISIC_0025703_segmentation.png
3548,train,ISIC_0027118,images/ISIC_0027118.jpg,masks/ISIC_0027118_segmentation.png
3549,train,ISIC_0034028,images/ISIC_0034028.jpg,masks/ISIC_0034028_segmentation.png
3550,train,ISIC_0031638,images/ISIC_0031638.jpg,masks/ISIC_0031638_segmentation.png
3551,train,ISIC_0031118,images/ISIC_0031118.jpg,masks/ISIC_0031118_segmentation.png
3552,train,ISIC_0029162,images/ISIC_0029162.jpg,masks/ISIC_0029162_segmentation.png
3553,train,ISIC_0029525,images/ISIC_0029525.jpg,masks/ISIC_0029525_segmentation.png
3554,train,ISIC_0033054,images/ISIC_0033054.jpg,masks/ISIC_0033054_segmentation.png
3555,train,ISIC_0025434,images/ISIC_0025434.jpg,masks/ISIC_0025434_segmentation.png
3556,train,ISIC_0026104,images/ISIC_0026104.jpg,masks/ISIC_0026104_segmentation.png
3557,train,ISIC_0029411,images/ISIC_0029411.jpg,masks/ISIC_0029411_segmentation.png
3558,train,ISIC_0032537,images/ISIC_0032537.jpg,masks/ISIC_0032537_segmentation.png
3559,train,ISIC_0034045,images/ISIC_0034045.jpg,masks/ISIC_0034045_segmentation.png
3560,train,ISIC_0031324,images/ISIC_0031324.jpg,masks/ISIC_0031324_segmentation.png
3561,train,ISIC_0031616,images/ISIC_0031616.jpg,masks/ISIC_0031616_segmentation.png
3562,train,ISIC_0028015,images/ISIC_0028015.jpg,masks/ISIC_0028015_segmentation.png
3563,train,ISIC_0025852,images/ISIC_0025852.jpg,masks/ISIC_0025852_segmentation.png
3564,train,ISIC_0026051,images/ISIC_0026051.jpg,masks/ISIC_0026051_segmentation.png
3565,train,ISIC_0031526,images/ISIC_0031526.jpg,masks/ISIC_0031526_segmentation.png
3566,train,ISIC_0025936,images/ISIC_0025936.jpg,masks/ISIC_0025936_segmentation.png
3567,train,ISIC_0029677,images/ISIC_0029677.jpg,masks/ISIC_0029677_segmentation.png
3568,train,ISIC_0033309,images/ISIC_0033309.jpg,masks/ISIC_0033309_segmentation.png
3569,train,ISIC_0034239,images/ISIC_0034239.jpg,masks/ISIC_0034239_segmentation.png
3570,train,ISIC_0027594,images/ISIC_0027594.jpg,masks/ISIC_0027594_segmentation.png
3571,train,ISIC_0030185,images/ISIC_0030185.jpg,masks/ISIC_0030185_segmentation.png
3572,train,ISIC_0028806,images/ISIC_0028806.jpg,masks/ISIC_0028806_segmentation.png
3573,train,ISIC_0030118,images/ISIC_0030118.jpg,masks/ISIC_0030118_segmentation.png
3574,train,ISIC_0031474,images/ISIC_0031474.jpg,masks/ISIC_0031474_segmentation.png
3575,train,ISIC_0025737,images/ISIC_0025737.jpg,masks/ISIC_0025737_segmentation.png
3576,train,ISIC_0026551,images/ISIC_0026551.jpg,masks/ISIC_0026551_segmentation.png
3577,train,ISIC_0033255,images/ISIC_0033255.jpg,masks/ISIC_0033255_segmentation.png
3578,train,ISIC_0033917,images/ISIC_0033917.jpg,masks/ISIC_0033917_segmentation.png
3579,train,ISIC_0027865,images/ISIC_0027865.jpg,masks/ISIC_0027865_segmentation.png
3580,train,ISIC_0031296,images/ISIC_0031296.jpg,masks/ISIC_0031296_segmentation.png
3581,train,ISIC_0028364,images/ISIC_0028364.jpg,masks/ISIC_0028364_segmentation.png
3582,train,ISIC_0024962,images/ISIC_0024962.jpg,masks/ISIC_0024962_segmentation.png
3583,train,ISIC_0029499,images/ISIC_0029499.jpg,masks/ISIC_0029499_segmentation.png
3584,train,ISIC_0030173,images/ISIC_0030173.jpg,masks/ISIC_0030173_segmentation.png
3585,train,ISIC_0032511,images/ISIC_0032511.jpg,masks/ISIC_0032511_segmentation.png
3586,train,ISIC_0032912,images/ISIC_0032912.jpg,masks/ISIC_0032912_segmentation.png
3587,train,ISIC_0027382,images/ISIC_0027382.jpg,masks/ISIC_0027382_segmentation.png
3588,train,ISIC_0033308,images/ISIC_0033308.jpg,masks/ISIC_0033308_segmentation.png
3589,train,ISIC_0029452,images/ISIC_0029452.jpg,masks/ISIC_0029452_segmentation.png
3590,train,ISIC_0030961,images/ISIC_0030961.jpg,masks/ISIC_0030961_segmentation.png
3591,train,ISIC_0027662,images/ISIC_0027662.jpg,masks/ISIC_0027662_segmentation.png
3592,train,ISIC_0029184,images/ISIC_0029184.jpg,masks/ISIC_0029184_segmentation.png
3593,train,ISIC_0031269,images/ISIC_0031269.jpg,masks/ISIC_0031269_segmentation.png
3594,train,ISIC_0025901,images/ISIC_0025901.jpg,masks/ISIC_0025901_segmentation.png
3595,train,ISIC_0030305,images/ISIC_0030305.jpg,masks/ISIC_0030305_segmentation.png
3596,train,ISIC_0032483,images/ISIC_0032483.jpg,masks/ISIC_0032483_segmentation.png
3597,train,ISIC_0026131,images/ISIC_0026131.jpg,masks/ISIC_0026131_segmentation.png
3598,train,ISIC_0025194,images/ISIC_0025194.jpg,masks/ISIC_0025194_segmentation.png
3599,train,ISIC_0025307,images/ISIC_0025307.jpg,masks/ISIC_0025307_segmentation.png
3600,train,ISIC_0025440,images/ISIC_0025440.jpg,masks/ISIC_0025440_segmentation.png
3601,train,ISIC_0034051,images/ISIC_0034051.jpg,masks/ISIC_0034051_segmentation.png
3602,train,ISIC_0030644,images/ISIC_0030644.jpg,masks/ISIC_0030644_segmentation.png
3603,train,ISIC_0025435,images/ISIC_0025435.jpg,masks/ISIC_0025435_segmentation.png
3604,train,ISIC_0027121,images/ISIC_0027121.jpg,masks/ISIC_0027121_segmentation.png
3605,train,ISIC_0034139,images/ISIC_0034139.jpg,masks/ISIC_0034139_segmentation.png
3606,train,ISIC_0030611,images/ISIC_0030611.jpg,masks/ISIC_0030611_segmentation.png
3607,train,ISIC_0027736,images/ISIC_0027736.jpg,masks/ISIC_0027736_segmentation.png
3608,train,ISIC_0031783,images/ISIC_0031783.jpg,masks/ISIC_0031783_segmentation.png
3609,train,ISIC_0032831,images/ISIC_0032831.jpg,masks/ISIC_0032831_segmentation.png
3610,train,ISIC_0025711,images/ISIC_0025711.jpg,masks/ISIC_0025711_segmentation.png
3611,train,ISIC_0028430,images/ISIC_0028430.jpg,masks/ISIC_0028430_segmentation.png
3612,train,ISIC_0031390,images/ISIC_0031390.jpg,masks/ISIC_0031390_segmentation.png
3613,train,ISIC_0026667,images/ISIC_0026667.jpg,masks/ISIC_0026667_segmentation.png
3614,train,ISIC_0032727,images/ISIC_0032727.jpg,masks/ISIC_0032727_segmentation.png
3615,train,ISIC_0026196,images/ISIC_0026196.jpg,masks/ISIC_0026196_segmentation.png
3616,train,ISIC_0033014,images/ISIC_0033014.jpg,masks/ISIC_0033014_segmentation.png
3617,train,ISIC_0028878,images/ISIC_0028878.jpg,masks/ISIC_0028878_segmentation.png
3618,train,ISIC_0031712,images/ISIC_0031712.jpg,masks/ISIC_0031712_segmentation.png
3619,train,ISIC_0027891,images/ISIC_0027891.jpg,masks/ISIC_0027891_segmentation.png
3620,train,ISIC_0032571,images/ISIC_0032571.jpg,masks/ISIC_0032571_segmentation.png
3621,train,ISIC_0031018,images/ISIC_0031018.jpg,masks/ISIC_0031018_segmentation.png
3622,train,ISIC_0028569,images/ISIC_0028569.jpg,masks/ISIC_0028569_segmentation.png
3623,train,ISIC_0034131,images/ISIC_0034131.jpg,masks/ISIC_0034131_segmentation.png
3624,train,ISIC_0033415,images/ISIC_0033415.jpg,masks/ISIC_0033415_segmentation.png
3625,train,ISIC_0033875,images/ISIC_0033875.jpg,masks/ISIC_0033875_segmentation.png
3626,train,ISIC_0031835,images/ISIC_0031835.jpg,masks/ISIC_0031835_segmentation.png
3627,train,ISIC_0030009,images/ISIC_0030009.jpg,masks/ISIC_0030009_segmentation.png
3628,train,ISIC_0030727,images/ISIC_0030727.jpg,masks/ISIC_0030727_segmentation.png
3629,train,ISIC_0031976,images/ISIC_0031976.jpg,masks/ISIC_0031976_segmentation.png
3630,train,ISIC_0027281,images/ISIC_0027281.jpg,masks/ISIC_0027281_segmentation.png
3631,train,ISIC_0026733,images/ISIC_0026733.jpg,masks/ISIC_0026733_segmentation.png
3632,train,ISIC_0028485,images/ISIC_0028485.jpg,masks/ISIC_0028485_segmentation.png
3633,train,ISIC_0026045,images/ISIC_0026045.jpg,masks/ISIC_0026045_segmentation.png
3634,train,ISIC_0026287,images/ISIC_0026287.jpg,masks/ISIC_0026287_segmentation.png
3635,train,ISIC_0026709,images/ISIC_0026709.jpg,masks/ISIC_0026709_segmentation.png
3636,train,ISIC_0026303,images/ISIC_0026303.jpg,masks/ISIC_0026303_segmentation.png
3637,train,ISIC_0027702,images/ISIC_0027702.jpg,masks/ISIC_0027702_segmentation.png
3638,train,ISIC_0026599,images/ISIC_0026599.jpg,masks/ISIC_0026599_segmentation.png
3639,train,ISIC_0029152,images/ISIC_0029152.jpg,masks/ISIC_0029152_segmentation.png
3640,train,ISIC_0029901,images/ISIC_0029901.jpg,masks/ISIC_0029901_segmentation.png
3641,train,ISIC_0031230,images/ISIC_0031230.jpg,masks/ISIC_0031230_segmentation.png
3642,train,ISIC_0033846,images/ISIC_0033846.jpg,masks/ISIC_0033846_segmentation.png
3643,train,ISIC_0028330,images/ISIC_0028330.jpg,masks/ISIC_0028330_segmentation.png
3644,train,ISIC_0025937,images/ISIC_0025937.jpg,masks/ISIC_0025937_segmentation.png
3645,train,ISIC_0028412,images/ISIC_0028412.jpg,masks/ISIC_0028412_segmentation.png
3646,train,ISIC_0033690,images/ISIC_0033690.jpg,masks/ISIC_0033690_segmentation.png
3647,train,ISIC_0027496,images/ISIC_0027496.jpg,masks/ISIC_0027496_segmentation.png
3648,train,ISIC_0030679,images/ISIC_0030679.jpg,masks/ISIC_0030679_segmentation.png
3649,train,ISIC_0034104,images/ISIC_0034104.jpg,masks/ISIC_0034104_segmentation.png
3650,train,ISIC_0032288,images/ISIC_0032288.jpg,masks/ISIC_0032288_segmentation.png
3651,train,ISIC_0029278,images/ISIC_0029278.jpg,masks/ISIC_0029278_segmentation.png
3652,train,ISIC_0027588,images/ISIC_0027588.jpg,masks/ISIC_0027588_segmentation.png
3653,train,ISIC_0028072,images/ISIC_0028072.jpg,masks/ISIC_0028072_segmentation.png
3654,train,ISIC_0032878,images/ISIC_0032878.jpg,masks/ISIC_0032878_segmentation.png
3655,train,ISIC_0025147,images/ISIC_0025147.jpg,masks/ISIC_0025147_segmentation.png
3656,train,ISIC_0032043,images/ISIC_0032043.jpg,masks/ISIC_0032043_segmentation.png
3657,train,ISIC_0025760,images/ISIC_0025760.jpg,masks/ISIC_0025760_segmentation.png
3658,train,ISIC_0029051,images/ISIC_0029051.jpg,masks/ISIC_0029051_segmentation.png
3659,train,ISIC_0027607,images/ISIC_0027607.jpg,masks/ISIC_0027607_segmentation.png
3660,train,ISIC_0032066,images/ISIC_0032066.jpg,masks/ISIC_0032066_segmentation.png
3661,train,ISIC_0032539,images/ISIC_0032539.jpg,masks/ISIC_0032539_segmentation.png
3662,train,ISIC_0032551,images/ISIC_0032551.jpg,masks/ISIC_0032551_segmentation.png
3663,train,ISIC_0025281,images/ISIC_0025281.jpg,masks/ISIC_0025281_segmentation.png
3664,train,ISIC_0029365,images/ISIC_0029365.jpg,masks/ISIC_0029365_segmentation.png
3665,train,ISIC_0030568,images/ISIC_0030568.jpg,masks/ISIC_0030568_segmentation.png
3666,train,ISIC_0025512,images/ISIC_0025512.jpg,masks/ISIC_0025512_segmentation.png
3667,train,ISIC_0032296,images/ISIC_0032296.jpg,masks/ISIC_0032296_segmentation.png
3668,train,ISIC_0026504,images/ISIC_0026504.jpg,masks/ISIC_0026504_segmentation.png
3669,train,ISIC_0024606,images/ISIC_0024606.jpg,masks/ISIC_0024606_segmentation.png
3670,train,ISIC_0032439,images/ISIC_0032439.jpg,masks/ISIC_0032439_segmentation.png
3671,train,ISIC_0028286,images/ISIC_0028286.jpg,masks/ISIC_0028286_segmentation.png
3672,train,ISIC_0027451,images/ISIC_0027451.jpg,masks/ISIC_0027451_segmentation.png
3673,train,ISIC_0032466,images/ISIC_0032466.jpg,masks/ISIC_0032466_segmentation.png
3674,train,ISIC_0033516,images/ISIC_0033516.jpg,masks/ISIC_0033516_segmentation.png
3675,train,ISIC_0033498,images/ISIC_0033498.jpg,masks/ISIC_0033498_segmentation.png
3676,train,ISIC_0033100,images/ISIC_0033100.jpg,masks/ISIC_0033100_segmentation.png
3677,train,ISIC_0028439,images/ISIC_0028439.jpg,masks/ISIC_0028439_segmentation.png
3678,train,ISIC_0026486,images/ISIC_0026486.jpg,masks/ISIC_0026486_segmentation.png
3679,train,ISIC_0034161,images/ISIC_0034161.jpg,masks/ISIC_0034161_segmentation.png
3680,train,ISIC_0028658,images/ISIC_0028658.jpg,masks/ISIC_0028658_segmentation.png
3681,train,ISIC_0033041,images/ISIC_0033041.jpg,masks/ISIC_0033041_segmentation.png
3682,train,ISIC_0029446,images/ISIC_0029446.jpg,masks/ISIC_0029446_segmentation.png
3683,train,ISIC_0026533,images/ISIC_0026533.jpg,masks/ISIC_0026533_segmentation.png
3684,train,ISIC_0030466,images/ISIC_0030466.jpg,masks/ISIC_0030466_segmentation.png
3685,train,ISIC_0027112,images/ISIC_0027112.jpg,masks/ISIC_0027112_segmentation.png
3686,train,ISIC_0026263,images/ISIC_0026263.jpg,masks/ISIC_0026263_segmentation.png
3687,train,ISIC_0026135,images/ISIC_0026135.jpg,masks/ISIC_0026135_segmentation.png
3688,train,ISIC_0027837,images/ISIC_0027837.jpg,masks/ISIC_0027837_segmentation.png
3689,train,ISIC_0027172,images/ISIC_0027172.jpg,masks/ISIC_0027172_segmentation.png
3690,train,ISIC_0030928,images/ISIC_0030928.jpg,masks/ISIC_0030928_segmentation.png
3691,train,ISIC_0029568,images/ISIC_0029568.jpg,masks/ISIC_0029568_segmentation.png
3692,train,ISIC_0029442,images/ISIC_0029442.jpg,masks/ISIC_0029442_segmentation.png
3693,train,ISIC_0034157,images/ISIC_0034157.jpg,masks/ISIC_0034157_segmentation.png
3694,train,ISIC_0030248,images/ISIC_0030248.jpg,masks/ISIC_0030248_segmentation.png
3695,train,ISIC_0031398,images/ISIC_0031398.jpg,masks/ISIC_0031398_segmentation.png
3696,train,ISIC_0028151,images/ISIC_0028151.jpg,masks/ISIC_0028151_segmentation.png
3697,train,ISIC_0025851,images/ISIC_0025851.jpg,masks/ISIC_0025851_segmentation.png
3698,train,ISIC_0031711,images/ISIC_0031711.jpg,masks/ISIC_0031711_segmentation.png
3699,train,ISIC_0025285,images/ISIC_0025285.jpg,masks/ISIC_0025285_segmentation.png
3700,train,ISIC_0029398,images/ISIC_0029398.jpg,masks/ISIC_0029398_segmentation.png
3701,train,ISIC_0028722,images/ISIC_0028722.jpg,masks/ISIC_0028722_segmentation.png
3702,train,ISIC_0029489,images/ISIC_0029489.jpg,masks/ISIC_0029489_segmentation.png
3703,train,ISIC_0031524,images/ISIC_0031524.jpg,masks/ISIC_0031524_segmentation.png
3704,train,ISIC_0032018,images/ISIC_0032018.jpg,masks/ISIC_0032018_segmentation.png
3705,train,ISIC_0026336,images/ISIC_0026336.jpg,masks/ISIC_0026336_segmentation.png
3706,train,ISIC_0025972,images/ISIC_0025972.jpg,masks/ISIC_0025972_segmentation.png
3707,train,ISIC_0030707,images/ISIC_0030707.jpg,masks/ISIC_0030707_segmentation.png
3708,train,ISIC_0025591,images/ISIC_0025591.jpg,masks/ISIC_0025591_segmentation.png
3709,train,ISIC_0026385,images/ISIC_0026385.jpg,masks/ISIC_0026385_segmentation.png
3710,train,ISIC_0030059,images/ISIC_0030059.jpg,masks/ISIC_0030059_segmentation.png
3711,train,ISIC_0029559,images/ISIC_0029559.jpg,masks/ISIC_0029559_segmentation.png
3712,train,ISIC_0024843,images/ISIC_0024843.jpg,masks/ISIC_0024843_segmentation.png
3713,train,ISIC_0025876,images/ISIC_0025876.jpg,masks/ISIC_0025876_segmentation.png
3714,train,ISIC_0025845,images/ISIC_0025845.jpg,masks/ISIC_0025845_segmentation.png
3715,train,ISIC_0026076,images/ISIC_0026076.jpg,masks/ISIC_0026076_segmentation.png
3716,train,ISIC_0034023,images/ISIC_0034023.jpg,masks/ISIC_0034023_segmentation.png
3717,train,ISIC_0033146,images/ISIC_0033146.jpg,masks/ISIC_0033146_segmentation.png
3718,train,ISIC_0032742,images/ISIC_0032742.jpg,masks/ISIC_0032742_segmentation.png
3719,train,ISIC_0031547,images/ISIC_0031547.jpg,masks/ISIC_0031547_segmentation.png
3720,train,ISIC_0026662,images/ISIC_0026662.jpg,masks/ISIC_0026662_segmentation.png
3721,train,ISIC_0028706,images/ISIC_0028706.jpg,masks/ISIC_0028706_segmentation.png
3722,train,ISIC_0024415,images/ISIC_0024415.jpg,masks/ISIC_0024415_segmentation.png
3723,train,ISIC_0030439,images/ISIC_0030439.jpg,masks/ISIC_0030439_segmentation.png
3724,train,ISIC_0029116,images/ISIC_0029116.jpg,masks/ISIC_0029116_segmentation.png
3725,train,ISIC_0033084,images/ISIC_0033084.jpg,masks/ISIC_0033084_segmentation.png
3726,train,ISIC_0032584,images/ISIC_0032584.jpg,masks/ISIC_0032584_segmentation.png
3727,train,ISIC_0032582,images/ISIC_0032582.jpg,masks/ISIC_0032582_segmentation.png
3728,train,ISIC_0026791,images/ISIC_0026791.jpg,masks/ISIC_0026791_segmentation.png
3729,train,ISIC_0027237,images/ISIC_0027237.jpg,masks/ISIC_0027237_segmentation.png
3730,train,ISIC_0030539,images/ISIC_0030539.jpg,masks/ISIC_0030539_segmentation.png
3731,train,ISIC_0029337,images/ISIC_0029337.jpg,masks/ISIC_0029337_segmentation.png
3732,train,ISIC_0030879,images/ISIC_0030879.jpg,masks/ISIC_0030879_segmentation.png
3733,train,ISIC_0024336,images/ISIC_0024336.jpg,masks/ISIC_0024336_segmentation.png
3734,train,ISIC_0025785,images/ISIC_0025785.jpg,masks/ISIC_0025785_segmentation.png
3735,train,ISIC_0033663,images/ISIC_0033663.jpg,masks/ISIC_0033663_segmentation.png
3736,train,ISIC_0027737,images/ISIC_0027737.jpg,masks/ISIC_0027737_segmentation.png
3737,train,ISIC_0033648,images/ISIC_0033648.jpg,masks/ISIC_0033648_segmentation.png
3738,train,ISIC_0031130,images/ISIC_0031130.jpg,masks/ISIC_0031130_segmentation.png
3739,train,ISIC_0025777,images/ISIC_0025777.jpg,masks/ISIC_0025777_segmentation.png
3740,train,ISIC_0029085,images/ISIC_0029085.jpg,masks/ISIC_0029085_segmentation.png
3741,train,ISIC_0028027,images/ISIC_0028027.jpg,masks/ISIC_0028027_segmentation.png
3742,train,ISIC_0030932,images/ISIC_0030932.jpg,masks/ISIC_0030932_segmentation.png
3743,train,ISIC_0027370,images/ISIC_0027370.jpg,masks/ISIC_0027370_segmentation.png
3744,train,ISIC_0033795,images/ISIC_0033795.jpg,masks/ISIC_0033795_segmentation.png
3745,train,ISIC_0029652,images/ISIC_0029652.jpg,masks/ISIC_0029652_segmentation.png
3746,train,ISIC_0030661,images/ISIC_0030661.jpg,masks/ISIC_0030661_segmentation.png
3747,train,ISIC_0024729,images/ISIC_0024729.jpg,masks/ISIC_0024729_segmentation.png
3748,train,ISIC_0032839,images/ISIC_0032839.jpg,masks/ISIC_0032839_segmentation.png
3749,train,ISIC_0027514,images/ISIC_0027514.jpg,masks/ISIC_0027514_segmentation.png
3750,train,ISIC_0033954,images/ISIC_0033954.jpg,masks/ISIC_0033954_segmentation.png
3751,train,ISIC_0026976,images/ISIC_0026976.jpg,masks/ISIC_0026976_segmentation.png
3752,train,ISIC_0033396,images/ISIC_0033396.jpg,masks/ISIC_0033396_segmentation.png
3753,train,ISIC_0031544,images/ISIC_0031544.jpg,masks/ISIC_0031544_segmentation.png
3754,train,ISIC_0027700,images/ISIC_0027700.jpg,masks/ISIC_0027700_segmentation.png
3755,train,ISIC_0032298,images/ISIC_0032298.jpg,masks/ISIC_0032298_segmentation.png
3756,train,ISIC_0026975,images/ISIC_0026975.jpg,masks/ISIC_0026975_segmentation.png
3757,train,ISIC_0027967,images/ISIC_0027967.jpg,masks/ISIC_0027967_segmentation.png
3758,train,ISIC_0027937,images/ISIC_0027937.jpg,masks/ISIC_0027937_segmentation.png
3759,train,ISIC_0029415,images/ISIC_0029415.jpg,masks/ISIC_0029415_segmentation.png
3760,train,ISIC_0030804,images/ISIC_0030804.jpg,masks/ISIC_0030804_segmentation.png
3761,train,ISIC_0030037,images/ISIC_0030037.jpg,masks/ISIC_0030037_segmentation.png
3762,train,ISIC_0031328,images/ISIC_0031328.jpg,masks/ISIC_0031328_segmentation.png
3763,train,ISIC_0029872,images/ISIC_0029872.jpg,masks/ISIC_0029872_segmentation.png
3764,train,ISIC_0030836,images/ISIC_0030836.jpg,masks/ISIC_0030836_segmentation.png
3765,train,ISIC_0025046,images/ISIC_0025046.jpg,masks/ISIC_0025046_segmentation.png
3766,train,ISIC_0033052,images/ISIC_0033052.jpg,masks/ISIC_0033052_segmentation.png
3767,train,ISIC_0028516,images/ISIC_0028516.jpg,masks/ISIC_0028516_segmentation.png
3768,train,ISIC_0025386,images/ISIC_0025386.jpg,masks/ISIC_0025386_segmentation.png
3769,train,ISIC_0028292,images/ISIC_0028292.jpg,masks/ISIC_0028292_segmentation.png
3770,train,ISIC_0029266,images/ISIC_0029266.jpg,masks/ISIC_0029266_segmentation.png
3771,train,ISIC_0033721,images/ISIC_0033721.jpg,masks/ISIC_0033721_segmentation.png
3772,train,ISIC_0028119,images/ISIC_0028119.jpg,masks/ISIC_0028119_segmentation.png
3773,train,ISIC_0028021,images/ISIC_0028021.jpg,masks/ISIC_0028021_segmentation.png
3774,train,ISIC_0028419,images/ISIC_0028419.jpg,masks/ISIC_0028419_segmentation.png
3775,train,ISIC_0032973,images/ISIC_0032973.jpg,masks/ISIC_0032973_segmentation.png
3776,train,ISIC_0032723,images/ISIC_0032723.jpg,masks/ISIC_0032723_segmentation.png
3777,train,ISIC_0033458,images/ISIC_0033458.jpg,masks/ISIC_0033458_segmentation.png
3778,train,ISIC_0033813,images/ISIC_0033813.jpg,masks/ISIC_0033813_segmentation.png
3779,train,ISIC_0026833,images/ISIC_0026833.jpg,masks/ISIC_0026833_segmentation.png
3780,train,ISIC_0031510,images/ISIC_0031510.jpg,masks/ISIC_0031510_segmentation.png
3781,train,ISIC_0027886,images/ISIC_0027886.jpg,masks/ISIC_0027886_segmentation.png
3782,train,ISIC_0033293,images/ISIC_0033293.jpg,masks/ISIC_0033293_segmentation.png
3783,train,ISIC_0032211,images/ISIC_0032211.jpg,masks/ISIC_0032211_segmentation.png
3784,train,ISIC_0033233,images/ISIC_0033233.jpg,masks/ISIC_0033233_segmentation.png
3785,train,ISIC_0029520,images/ISIC_0029520.jpg,masks/ISIC_0029520_segmentation.png
3786,train,ISIC_0033018,images/ISIC_0033018.jpg,masks/ISIC_0033018_segmentation.png
3787,train,ISIC_0030205,images/ISIC_0030205.jpg,masks/ISIC_0030205_segmentation.png
3788,train,ISIC_0028614,images/ISIC_0028614.jpg,masks/ISIC_0028614_segmentation.png
3789,train,ISIC_0033132,images/ISIC_0033132.jpg,masks/ISIC_0033132_segmentation.png
3790,train,ISIC_0030007,images/ISIC_0030007.jpg,masks/ISIC_0030007_segmentation.png
3791,train,ISIC_0025118,images/ISIC_0025118.jpg,masks/ISIC_0025118_segmentation.png
3792,train,ISIC_0026606,images/ISIC_0026606.jpg,masks/ISIC_0026606_segmentation.png
3793,train,ISIC_0033950,images/ISIC_0033950.jpg,masks/ISIC_0033950_segmentation.png
3794,train,ISIC_0024782,images/ISIC_0024782.jpg,masks/ISIC_0024782_segmentation.png
3795,train,ISIC_0032738,images/ISIC_0032738.jpg,masks/ISIC_0032738_segmentation.png
3796,train,ISIC_0026539,images/ISIC_0026539.jpg,masks/ISIC_0026539_segmentation.png
3797,train,ISIC_0033909,images/ISIC_0033909.jpg,masks/ISIC_0033909_segmentation.png
3798,train,ISIC_0031727,images/ISIC_0031727.jpg,masks/ISIC_0031727_segmentation.png
3799,train,ISIC_0028636,images/ISIC_0028636.jpg,masks/ISIC_0028636_segmentation.png
3800,train,ISIC_0030297,images/ISIC_0030297.jpg,masks/ISIC_0030297_segmentation.png
3801,train,ISIC_0033782,images/ISIC_0033782.jpg,masks/ISIC_0033782_segmentation.png
3802,train,ISIC_0027186,images/ISIC_0027186.jpg,masks/ISIC_0027186_segmentation.png
3803,train,ISIC_0032873,images/ISIC_0032873.jpg,masks/ISIC_0032873_segmentation.png
3804,train,ISIC_0029160,images/ISIC_0029160.jpg,masks/ISIC_0029160_segmentation.png
3805,train,ISIC_0033180,images/ISIC_0033180.jpg,masks/ISIC_0033180_segmentation.png
3806,train,ISIC_0025528,images/ISIC_0025528.jpg,masks/ISIC_0025528_segmentation.png
3807,train,ISIC_0028347,images/ISIC_0028347.jpg,masks/ISIC_0028347_segmentation.png
3808,train,ISIC_0028899,images/ISIC_0028899.jpg,masks/ISIC_0028899_segmentation.png
3809,train,ISIC_0029097,images/ISIC_0029097.jpg,masks/ISIC_0029097_segmentation.png
3810,train,ISIC_0031487,images/ISIC_0031487.jpg,masks/ISIC_0031487_segmentation.png
3811,train,ISIC_0025588,images/ISIC_0025588.jpg,masks/ISIC_0025588_segmentation.png
3812,train,ISIC_0028810,images/ISIC_0028810.jpg,masks/ISIC_0028810_segmentation.png
3813,train,ISIC_0025184,images/ISIC_0025184.jpg,masks/ISIC_0025184_segmentation.png
3814,train,ISIC_0025510,images/ISIC_0025510.jpg,masks/ISIC_0025510_segmentation.png
3815,train,ISIC_0032463,images/ISIC_0032463.jpg,masks/ISIC_0032463_segmentation.png
3816,train,ISIC_0031703,images/ISIC_0031703.jpg,masks/ISIC_0031703_segmentation.png
3817,train,ISIC_0030659,images/ISIC_0030659.jpg,masks/ISIC_0030659_segmentation.png
3818,train,ISIC_0026445,images/ISIC_0026445.jpg,masks/ISIC_0026445_segmentation.png
3819,train,ISIC_0033246,images/ISIC_0033246.jpg,masks/ISIC_0033246_segmentation.png
3820,train,ISIC_0033353,images/ISIC_0033353.jpg,masks/ISIC_0033353_segmentation.png
3821,train,ISIC_0026993,images/ISIC_0026993.jpg,masks/ISIC_0026993_segmentation.png
3822,train,ISIC_0034291,images/ISIC_0034291.jpg,masks/ISIC_0034291_segmentation.png
3823,train,ISIC_0027618,images/ISIC_0027618.jpg,masks/ISIC_0027618_segmentation.png
3824,train,ISIC_0031137,images/ISIC_0031137.jpg,masks/ISIC_0031137_segmentation.png
3825,train,ISIC_0027855,images/ISIC_0027855.jpg,masks/ISIC_0027855_segmentation.png
3826,train,ISIC_0025630,images/ISIC_0025630.jpg,masks/ISIC_0025630_segmentation.png
3827,train,ISIC_0029201,images/ISIC_0029201.jpg,masks/ISIC_0029201_segmentation.png
3828,train,ISIC_0029439,images/ISIC_0029439.jpg,masks/ISIC_0029439_segmentation.png
3829,train,ISIC_0026604,images/ISIC_0026604.jpg,masks/ISIC_0026604_segmentation.png
3830,train,ISIC_0026407,images/ISIC_0026407.jpg,masks/ISIC_0026407_segmentation.png
3831,train,ISIC_0028222,images/ISIC_0028222.jpg,masks/ISIC_0028222_segmentation.png
3832,train,ISIC_0034247,images/ISIC_0034247.jpg,masks/ISIC_0034247_segmentation.png
3833,train,ISIC_0029549,images/ISIC_0029549.jpg,masks/ISIC_0029549_segmentation.png
3834,train,ISIC_0029200,images/ISIC_0029200.jpg,masks/ISIC_0029200_segmentation.png
3835,train,ISIC_0026431,images/ISIC_0026431.jpg,masks/ISIC_0026431_segmentation.png
3836,train,ISIC_0033937,images/ISIC_0033937.jpg,masks/ISIC_0033937_segmentation.png
3837,train,ISIC_0029151,images/ISIC_0029151.jpg,masks/ISIC_0029151_segmentation.png
3838,train,ISIC_0032954,images/ISIC_0032954.jpg,masks/ISIC_0032954_segmentation.png
3839,train,ISIC_0029095,images/ISIC_0029095.jpg,masks/ISIC_0029095_segmentation.png
3840,train,ISIC_0027671,images/ISIC_0027671.jpg,masks/ISIC_0027671_segmentation.png
3841,train,ISIC_0027110,images/ISIC_0027110.jpg,masks/ISIC_0027110_segmentation.png
3842,train,ISIC_0032116,images/ISIC_0032116.jpg,masks/ISIC_0032116_segmentation.png
3843,train,ISIC_0033667,images/ISIC_0033667.jpg,masks/ISIC_0033667_segmentation.png
3844,train,ISIC_0033370,images/ISIC_0033370.jpg,masks/ISIC_0033370_segmentation.png
3845,train,ISIC_0033125,images/ISIC_0033125.jpg,masks/ISIC_0033125_segmentation.png
3846,train,ISIC_0030167,images/ISIC_0030167.jpg,masks/ISIC_0030167_segmentation.png
3847,train,ISIC_0024426,images/ISIC_0024426.jpg,masks/ISIC_0024426_segmentation.png
3848,train,ISIC_0028204,images/ISIC_0028204.jpg,masks/ISIC_0028204_segmentation.png
3849,train,ISIC_0025336,images/ISIC_0025336.jpg,masks/ISIC_0025336_segmentation.png
3850,train,ISIC_0032327,images/ISIC_0032327.jpg,masks/ISIC_0032327_segmentation.png
3851,train,ISIC_0026797,images/ISIC_0026797.jpg,masks/ISIC_0026797_segmentation.png
3852,train,ISIC_0027882,images/ISIC_0027882.jpg,masks/ISIC_0027882_segmentation.png
3853,train,ISIC_0024653,images/ISIC_0024653.jpg,masks/ISIC_0024653_segmentation.png
3854,train,ISIC_0028849,images/ISIC_0028849.jpg,masks/ISIC_0028849_segmentation.png
3855,train,ISIC_0027596,images/ISIC_0027596.jpg,masks/ISIC_0027596_segmentation.png
3856,train,ISIC_0025688,images/ISIC_0025688.jpg,masks/ISIC_0025688_segmentation.png
3857,train,ISIC_0033222,images/ISIC_0033222.jpg,masks/ISIC_0033222_segmentation.png
3858,train,ISIC_0028438,images/ISIC_0028438.jpg,masks/ISIC_0028438_segmentation.png
3859,train,ISIC_0025982,images/ISIC_0025982.jpg,masks/ISIC_0025982_segmentation.png
3860,train,ISIC_0032269,images/ISIC_0032269.jpg,masks/ISIC_0032269_segmentation.png
3861,train,ISIC_0027938,images/ISIC_0027938.jpg,masks/ISIC_0027938_segmentation.png
3862,train,ISIC_0031030,images/ISIC_0031030.jpg,masks/ISIC_0031030_segmentation.png
3863,train,ISIC_0029671,images/ISIC_0029671.jpg,masks/ISIC_0029671_segmentation.png
3864,train,ISIC_0031603,images/ISIC_0031603.jpg,masks/ISIC_0031603_segmentation.png
3865,train,ISIC_0033145,images/ISIC_0033145.jpg,masks/ISIC_0033145_segmentation.png
3866,train,ISIC_0027044,images/ISIC_0027044.jpg,masks/ISIC_0027044_segmentation.png
3867,train,ISIC_0031619,images/ISIC_0031619.jpg,masks/ISIC_0031619_segmentation.png
3868,train,ISIC_0031442,images/ISIC_0031442.jpg,masks/ISIC_0031442_segmentation.png
3869,train,ISIC_0029299,images/ISIC_0029299.jpg,masks/ISIC_0029299_segmentation.png
3870,train,ISIC_0031920,images/ISIC_0031920.jpg,masks/ISIC_0031920_segmentation.png
3871,train,ISIC_0028867,images/ISIC_0028867.jpg,masks/ISIC_0028867_segmentation.png
3872,train,ISIC_0025958,images/ISIC_0025958.jpg,masks/ISIC_0025958_segmentation.png
3873,train,ISIC_0028865,images/ISIC_0028865.jpg,masks/ISIC_0028865_segmentation.png
3874,train,ISIC_0024951,images/ISIC_0024951.jpg,masks/ISIC_0024951_segmentation.png
3875,train,ISIC_0027505,images/ISIC_0027505.jpg,masks/ISIC_0027505_segmentation.png
3876,train,ISIC_0033895,images/ISIC_0033895.jpg,masks/ISIC_0033895_segmentation.png
3877,train,ISIC_0030024,images/ISIC_0030024.jpg,masks/ISIC_0030024_segmentation.png
3878,train,ISIC_0025847,images/ISIC_0025847.jpg,masks/ISIC_0025847_segmentation.png
3879,train,ISIC_0025056,images/ISIC_0025056.jpg,masks/ISIC_0025056_segmentation.png
3880,train,ISIC_0026485,images/ISIC_0026485.jpg,masks/ISIC_0026485_segmentation.png
3881,train,ISIC_0033915,images/ISIC_0033915.jpg,masks/ISIC_0033915_segmentation.png
3882,train,ISIC_0029734,images/ISIC_0029734.jpg,masks/ISIC_0029734_segmentation.png
3883,train,ISIC_0034180,images/ISIC_0034180.jpg,masks/ISIC_0034180_segmentation.png
3884,train,ISIC_0030851,images/ISIC_0030851.jpg,masks/ISIC_0030851_segmentation.png
3885,train,ISIC_0033361,images/ISIC_0033361.jpg,masks/ISIC_0033361_segmentation.png
3886,train,ISIC_0025819,images/ISIC_0025819.jpg,masks/ISIC_0025819_segmentation.png
3887,train,ISIC_0031317,images/ISIC_0031317.jpg,masks/ISIC_0031317_segmentation.png
3888,train,ISIC_0033467,images/ISIC_0033467.jpg,masks/ISIC_0033467_segmentation.png
3889,train,ISIC_0031874,images/ISIC_0031874.jpg,masks/ISIC_0031874_segmentation.png
3890,train,ISIC_0029836,images/ISIC_0029836.jpg,masks/ISIC_0029836_segmentation.png
3891,train,ISIC_0032379,images/ISIC_0032379.jpg,masks/ISIC_0032379_segmentation.png
3892,train,ISIC_0024721,images/ISIC_0024721.jpg,masks/ISIC_0024721_segmentation.png
3893,train,ISIC_0026671,images/ISIC_0026671.jpg,masks/ISIC_0026671_segmentation.png
3894,train,ISIC_0025681,images/ISIC_0025681.jpg,masks/ISIC_0025681_segmentation.png
3895,train,ISIC_0033316,images/ISIC_0033316.jpg,masks/ISIC_0033316_segmentation.png
3896,train,ISIC_0031955,images/ISIC_0031955.jpg,masks/ISIC_0031955_segmentation.png
3897,train,ISIC_0033551,images/ISIC_0033551.jpg,masks/ISIC_0033551_segmentation.png
3898,train,ISIC_0032369,images/ISIC_0032369.jpg,masks/ISIC_0032369_segmentation.png
3899,train,ISIC_0033042,images/ISIC_0033042.jpg,masks/ISIC_0033042_segmentation.png
3900,train,ISIC_0027313,images/ISIC_0027313.jpg,masks/ISIC_0027313_segmentation.png
3901,train,ISIC_0024518,images/ISIC_0024518.jpg,masks/ISIC_0024518_segmentation.png
3902,train,ISIC_0027234,images/ISIC_0027234.jpg,masks/ISIC_0027234_segmentation.png
3903,train,ISIC_0025786,images/ISIC_0025786.jpg,masks/ISIC_0025786_segmentation.png
3904,train,ISIC_0024389,images/ISIC_0024389.jpg,masks/ISIC_0024389_segmentation.png
3905,train,ISIC_0032778,images/ISIC_0032778.jpg,masks/ISIC_0032778_segmentation.png
3906,train,ISIC_0033529,images/ISIC_0033529.jpg,masks/ISIC_0033529_segmentation.png
3907,train,ISIC_0033543,images/ISIC_0033543.jpg,masks/ISIC_0033543_segmentation.png
3908,train,ISIC_0033549,images/ISIC_0033549.jpg,masks/ISIC_0033549_segmentation.png
3909,train,ISIC_0024530,images/ISIC_0024530.jpg,masks/ISIC_0024530_segmentation.png
3910,train,ISIC_0026564,images/ISIC_0026564.jpg,masks/ISIC_0026564_segmentation.png
3911,train,ISIC_0032506,images/ISIC_0032506.jpg,masks/ISIC_0032506_segmentation.png
3912,train,ISIC_0025735,images/ISIC_0025735.jpg,masks/ISIC_0025735_segmentation.png
3913,train,ISIC_0028949,images/ISIC_0028949.jpg,masks/ISIC_0028949_segmentation.png
3914,train,ISIC_0029842,images/ISIC_0029842.jpg,masks/ISIC_0029842_segmentation.png
3915,train,ISIC_0029924,images/ISIC_0029924.jpg,masks/ISIC_0029924_segmentation.png
3916,train,ISIC_0031224,images/ISIC_0031224.jpg,masks/ISIC_0031224_segmentation.png
3917,train,ISIC_0033454,images/ISIC_0033454.jpg,masks/ISIC_0033454_segmentation.png
3918,train,ISIC_0031791,images/ISIC_0031791.jpg,masks/ISIC_0031791_segmentation.png
3919,train,ISIC_0032203,images/ISIC_0032203.jpg,masks/ISIC_0032203_segmentation.png
3920,train,ISIC_0027776,images/ISIC_0027776.jpg,masks/ISIC_0027776_segmentation.png
3921,train,ISIC_0026625,images/ISIC_0026625.jpg,masks/ISIC_0026625_segmentation.png
3922,train,ISIC_0030712,images/ISIC_0030712.jpg,masks/ISIC_0030712_segmentation.png
3923,train,ISIC_0031922,images/ISIC_0031922.jpg,masks/ISIC_0031922_segmentation.png
3924,train,ISIC_0031062,images/ISIC_0031062.jpg,masks/ISIC_0031062_segmentation.png
3925,train,ISIC_0025226,images/ISIC_0025226.jpg,masks/ISIC_0025226_segmentation.png
3926,train,ISIC_0027780,images/ISIC_0027780.jpg,masks/ISIC_0027780_segmentation.png
3927,train,ISIC_0025912,images/ISIC_0025912.jpg,masks/ISIC_0025912_segmentation.png
3928,train,ISIC_0034250,images/ISIC_0034250.jpg,masks/ISIC_0034250_segmentation.png
3929,train,ISIC_0024918,images/ISIC_0024918.jpg,masks/ISIC_0024918_segmentation.png
3930,train,ISIC_0026395,images/ISIC_0026395.jpg,masks/ISIC_0026395_segmentation.png
3931,train,ISIC_0027613,images/ISIC_0027613.jpg,masks/ISIC_0027613_segmentation.png
3932,train,ISIC_0030042,images/ISIC_0030042.jpg,masks/ISIC_0030042_segmentation.png
3933,train,ISIC_0032330,images/ISIC_0032330.jpg,masks/ISIC_0032330_segmentation.png
3934,train,ISIC_0029880,images/ISIC_0029880.jpg,masks/ISIC_0029880_segmentation.png
3935,train,ISIC_0031116,images/ISIC_0031116.jpg,masks/ISIC_0031116_segmentation.png
3936,train,ISIC_0025855,images/ISIC_0025855.jpg,masks/ISIC_0025855_segmentation.png
3937,train,ISIC_0034279,images/ISIC_0034279.jpg,masks/ISIC_0034279_segmentation.png
3938,train,ISIC_0033664,images/ISIC_0033664.jpg,masks/ISIC_0033664_segmentation.png
3939,train,ISIC_0033574,images/ISIC_0033574.jpg,masks/ISIC_0033574_segmentation.png
3940,train,ISIC_0031414,images/ISIC_0031414.jpg,masks/ISIC_0031414_segmentation.png
3941,train,ISIC_0025297,images/ISIC_0025297.jpg,masks/ISIC_0025297_segmentation.png
3942,train,ISIC_0027941,images/ISIC_0027941.jpg,masks/ISIC_0027941_segmentation.png
3943,train,ISIC_0029710,images/ISIC_0029710.jpg,masks/ISIC_0029710_segmentation.png
3944,train,ISIC_0034277,images/ISIC_0034277.jpg,masks/ISIC_0034277_segmentation.png
3945,train,ISIC_0026052,images/ISIC_0026052.jpg,masks/ISIC_0026052_segmentation.png
3946,train,ISIC_0028197,images/ISIC_0028197.jpg,masks/ISIC_0028197_segmentation.png
3947,train,ISIC_0027871,images/ISIC_0027871.jpg,masks/ISIC_0027871_segmentation.png
3948,train,ISIC_0026873,images/ISIC_0026873.jpg,masks/ISIC_0026873_segmentation.png
3949,train,ISIC_0027416,images/ISIC_0027416.jpg,masks/ISIC_0027416_segmentation.png
3950,train,ISIC_0025475,images/ISIC_0025475.jpg,masks/ISIC_0025475_segmentation.png
3951,train,ISIC_0027310,images/ISIC_0027310.jpg,masks/ISIC_0027310_segmentation.png
3952,train,ISIC_0031900,images/ISIC_0031900.jpg,masks/ISIC_0031900_segmentation.png
3953,train,ISIC_0029331,images/ISIC_0029331.jpg,masks/ISIC_0029331_segmentation.png
3954,train,ISIC_0032162,images/ISIC_0032162.jpg,masks/ISIC_0032162_segmentation.png
3955,train,ISIC_0029032,images/ISIC_0029032.jpg,masks/ISIC_0029032_segmentation.png
3956,train,ISIC_0028645,images/ISIC_0028645.jpg,masks/ISIC_0028645_segmentation.png
3957,train,ISIC_0025127,images/ISIC_0025127.jpg,masks/ISIC_0025127_segmentation.png
3958,train,ISIC_0033826,images/ISIC_0033826.jpg,masks/ISIC_0033826_segmentation.png
3959,train,ISIC_0032185,images/ISIC_0032185.jpg,masks/ISIC_0032185_segmentation.png
3960,train,ISIC_0031382,images/ISIC_0031382.jpg,masks/ISIC_0031382_segmentation.png
3961,train,ISIC_0033828,images/ISIC_0033828.jpg,masks/ISIC_0033828_segmentation.png
3962,train,ISIC_0027379,images/ISIC_0027379.jpg,masks/ISIC_0027379_segmentation.png
3963,train,ISIC_0032111,images/ISIC_0032111.jpg,masks/ISIC_0032111_segmentation.png
3964,train,ISIC_0031809,images/ISIC_0031809.jpg,masks/ISIC_0031809_segmentation.png
3965,train,ISIC_0028991,images/ISIC_0028991.jpg,masks/ISIC_0028991_segmentation.png
3966,train,ISIC_0032395,images/ISIC_0032395.jpg,masks/ISIC_0032395_segmentation.png
3967,train,ISIC_0030829,images/ISIC_0030829.jpg,masks/ISIC_0030829_segmentation.png
3968,train,ISIC_0028721,images/ISIC_0028721.jpg,masks/ISIC_0028721_segmentation.png
3969,train,ISIC_0024712,images/ISIC_0024712.jpg,masks/ISIC_0024712_segmentation.png
3970,train,ISIC_0024496,images/ISIC_0024496.jpg,masks/ISIC_0024496_segmentation.png
3971,train,ISIC_0024711,images/ISIC_0024711.jpg,masks/ISIC_0024711_segmentation.png
3972,train,ISIC_0032975,images/ISIC_0032975.jpg,masks/ISIC_0032975_segmentation.png
3973,train,ISIC_0027157,images/ISIC_0027157.jpg,masks/ISIC_0027157_segmentation.png
3974,train,ISIC_0033406,images/ISIC_0033406.jpg,masks/ISIC_0033406_segmentation.png
3975,train,ISIC_0024691,images/ISIC_0024691.jpg,masks/ISIC_0024691_segmentation.png
3976,train,ISIC_0033138,images/ISIC_0033138.jpg,masks/ISIC_0033138_segmentation.png
3977,train,ISIC_0029416,images/ISIC_0029416.jpg,masks/ISIC_0029416_segmentation.png
3978,train,ISIC_0031752,images/ISIC_0031752.jpg,masks/ISIC_0031752_segmentation.png
3979,train,ISIC_0026188,images/ISIC_0026188.jpg,masks/ISIC_0026188_segmentation.png
3980,train,ISIC_0032362,images/ISIC_0032362.jpg,masks/ISIC_0032362_segmentation.png
3981,train,ISIC_0028999,images/ISIC_0028999.jpg,masks/ISIC_0028999_segmentation.png
3982,train,ISIC_0030931,images/ISIC_0030931.jpg,masks/ISIC_0030931_segmentation.png
3983,train,ISIC_0028454,images/ISIC_0028454.jpg,masks/ISIC_0028454_segmentation.png
3984,train,ISIC_0030939,images/ISIC_0030939.jpg,masks/ISIC_0030939_segmentation.png
3985,train,ISIC_0033123,images/ISIC_0033123.jpg,masks/ISIC_0033123_segmentation.png
3986,train,ISIC_0033340,images/ISIC_0033340.jpg,masks/ISIC_0033340_segmentation.png
3987,train,ISIC_0024420,images/ISIC_0024420.jpg,masks/ISIC_0024420_segmentation.png
3988,train,ISIC_0029589,images/ISIC_0029589.jpg,masks/ISIC_0029589_segmentation.png
3989,train,ISIC_0032202,images/ISIC_0032202.jpg,masks/ISIC_0032202_segmentation.png
3990,train,ISIC_0032921,images/ISIC_0032921.jpg,masks/ISIC_0032921_segmentation.png
3991,train,ISIC_0024907,images/ISIC_0024907.jpg,masks/ISIC_0024907_segmentation.png
3992,train,ISIC_0026279,images/ISIC_0026279.jpg,masks/ISIC_0026279_segmentation.png
3993,train,ISIC_0028838,images/ISIC_0028838.jpg,masks/ISIC_0028838_segmentation.png
3994,train,ISIC_0025782,images/ISIC_0025782.jpg,masks/ISIC_0025782_segmentation.png
3995,train,ISIC_0025200,images/ISIC_0025200.jpg,masks/ISIC_0025200_segmentation.png
3996,train,ISIC_0024826,images/ISIC_0024826.jpg,masks/ISIC_0024826_segmentation.png
3997,train,ISIC_0024551,images/ISIC_0024551.jpg,masks/ISIC_0024551_segmentation.png
3998,train,ISIC_0028087,images/ISIC_0028087.jpg,masks/ISIC_0028087_segmentation.png
3999,train,ISIC_0032198,images/ISIC_0032198.jpg,masks/ISIC_0032198_segmentation.png
4000,train,ISIC_0028948,images/ISIC_0028948.jpg,masks/ISIC_0028948_segmentation.png
4001,train,ISIC_0030224,images/ISIC_0030224.jpg,masks/ISIC_0030224_segmentation.png
4002,train,ISIC_0033944,images/ISIC_0033944.jpg,masks/ISIC_0033944_segmentation.png
4003,train,ISIC_0031945,images/ISIC_0031945.jpg,masks/ISIC_0031945_segmentation.png
4004,train,ISIC_0025332,images/ISIC_0025332.jpg,masks/ISIC_0025332_segmentation.png
4005,train,ISIC_0026929,images/ISIC_0026929.jpg,masks/ISIC_0026929_segmentation.png
4006,train,ISIC_0030383,images/ISIC_0030383.jpg,masks/ISIC_0030383_segmentation.png
4007,train,ISIC_0033791,images/ISIC_0033791.jpg,masks/ISIC_0033791_segmentation.png
4008,train,ISIC_0032267,images/ISIC_0032267.jpg,masks/ISIC_0032267_segmentation.png
4009,train,ISIC_0029678,images/ISIC_0029678.jpg,masks/ISIC_0029678_segmentation.png
4010,train,ISIC_0028741,images/ISIC_0028741.jpg,masks/ISIC_0028741_segmentation.png
4011,train,ISIC_0033426,images/ISIC_0033426.jpg,masks/ISIC_0033426_segmentation.png
4012,train,ISIC_0034214,images/ISIC_0034214.jpg,masks/ISIC_0034214_segmentation.png
4013,train,ISIC_0034227,images/ISIC_0034227.jpg,masks/ISIC_0034227_segmentation.png
4014,train,ISIC_0030541,images/ISIC_0030541.jpg,masks/ISIC_0030541_segmentation.png
4015,train,ISIC_0024668,images/ISIC_0024668.jpg,masks/ISIC_0024668_segmentation.png
4016,train,ISIC_0030700,images/ISIC_0030700.jpg,masks/ISIC_0030700_segmentation.png
4017,train,ISIC_0027856,images/ISIC_0027856.jpg,masks/ISIC_0027856_segmentation.png
4018,train,ISIC_0025933,images/ISIC_0025933.jpg,masks/ISIC_0025933_segmentation.png
4019,train,ISIC_0032056,images/ISIC_0032056.jpg,masks/ISIC_0032056_segmentation.png
4020,train,ISIC_0033613,images/ISIC_0033613.jpg,masks/ISIC_0033613_segmentation.png
4021,train,ISIC_0025249,images/ISIC_0025249.jpg,masks/ISIC_0025249_segmentation.png
4022,train,ISIC_0024722,images/ISIC_0024722.jpg,masks/ISIC_0024722_segmentation.png
4023,train,ISIC_0028267,images/ISIC_0028267.jpg,masks/ISIC_0028267_segmentation.png
4024,train,ISIC_0029686,images/ISIC_0029686.jpg,masks/ISIC_0029686_segmentation.png
4025,train,ISIC_0028983,images/ISIC_0028983.jpg,masks/ISIC_0028983_segmentation.png
4026,train,ISIC_0033163,images/ISIC_0033163.jpg,masks/ISIC_0033163_segmentation.png
4027,train,ISIC_0030729,images/ISIC_0030729.jpg,masks/ISIC_0030729_segmentation.png
4028,train,ISIC_0032718,images/ISIC_0032718.jpg,masks/ISIC_0032718_segmentation.png
4029,train,ISIC_0033514,images/ISIC_0033514.jpg,masks/ISIC_0033514_segmentation.png
4030,train,ISIC_0029394,images/ISIC_0029394.jpg,masks/ISIC_0029394_segmentation.png
4031,train,ISIC_0029651,images/ISIC_0029651.jpg,masks/ISIC_0029651_segmentation.png
4032,train,ISIC_0027673,images/ISIC_0027673.jpg,masks/ISIC_0027673_segmentation.png
4033,train,ISIC_0032459,images/ISIC_0032459.jpg,masks/ISIC_0032459_segmentation.png
4034,train,ISIC_0028421,images/ISIC_0028421.jpg,masks/ISIC_0028421_segmentation.png
4035,train,ISIC_0031541,images/ISIC_0031541.jpg,masks/ISIC_0031541_segmentation.png
4036,train,ISIC_0027915,images/ISIC_0027915.jpg,masks/ISIC_0027915_segmentation.png
4037,train,ISIC_0034111,images/ISIC_0034111.jpg,masks/ISIC_0034111_segmentation.png
4038,train,ISIC_0031185,images/ISIC_0031185.jpg,masks/ISIC_0031185_segmentation.png
4039,train,ISIC_0024909,images/ISIC_0024909.jpg,masks/ISIC_0024909_segmentation.png
4040,train,ISIC_0029272,images/ISIC_0029272.jpg,masks/ISIC_0029272_segmentation.png
4041,train,ISIC_0027266,images/ISIC_0027266.jpg,masks/ISIC_0027266_segmentation.png
4042,train,ISIC_0026843,images/ISIC_0026843.jpg,masks/ISIC_0026843_segmentation.png
4043,train,ISIC_0024785,images/ISIC_0024785.jpg,masks/ISIC_0024785_segmentation.png
4044,train,ISIC_0027611,images/ISIC_0027611.jpg,masks/ISIC_0027611_segmentation.png
4045,train,ISIC_0032153,images/ISIC_0032153.jpg,masks/ISIC_0032153_segmentation.png
4046,train,ISIC_0032243,images/ISIC_0032243.jpg,masks/ISIC_0032243_segmentation.png
4047,train,ISIC_0027201,images/ISIC_0027201.jpg,masks/ISIC_0027201_segmentation.png
4048,train,ISIC_0030310,images/ISIC_0030310.jpg,masks/ISIC_0030310_segmentation.png
4049,train,ISIC_0025152,images/ISIC_0025152.jpg,masks/ISIC_0025152_segmentation.png
4050,train,ISIC_0031630,images/ISIC_0031630.jpg,masks/ISIC_0031630_segmentation.png
4051,train,ISIC_0030838,images/ISIC_0030838.jpg,masks/ISIC_0030838_segmentation.png
4052,train,ISIC_0031910,images/ISIC_0031910.jpg,masks/ISIC_0031910_segmentation.png
4053,train,ISIC_0024491,images/ISIC_0024491.jpg,masks/ISIC_0024491_segmentation.png
4054,train,ISIC_0024783,images/ISIC_0024783.jpg,masks/ISIC_0024783_segmentation.png
4055,train,ISIC_0027705,images/ISIC_0027705.jpg,masks/ISIC_0027705_segmentation.png
4056,train,ISIC_0025040,images/ISIC_0025040.jpg,masks/ISIC_0025040_segmentation.png
4057,train,ISIC_0032382,images/ISIC_0032382.jpg,masks/ISIC_0032382_segmentation.png
4058,train,ISIC_0032509,images/ISIC_0032509.jpg,masks/ISIC_0032509_segmentation.png
4059,train,ISIC_0025601,images/ISIC_0025601.jpg,masks/ISIC_0025601_segmentation.png
4060,train,ISIC_0030946,images/ISIC_0030946.jpg,masks/ISIC_0030946_segmentation.png
4061,train,ISIC_0033998,images/ISIC_0033998.jpg,masks/ISIC_0033998_segmentation.png
4062,train,ISIC_0026553,images/ISIC_0026553.jpg,masks/ISIC_0026553_segmentation.png
4063,train,ISIC_0034135,images/ISIC_0034135.jpg,masks/ISIC_0034135_segmentation.png
4064,train,ISIC_0025613,images/ISIC_0025613.jpg,masks/ISIC_0025613_segmentation.png
4065,train,ISIC_0025754,images/ISIC_0025754.jpg,masks/ISIC_0025754_segmentation.png
4066,train,ISIC_0026393,images/ISIC_0026393.jpg,masks/ISIC_0026393_segmentation.png
4067,train,ISIC_0026474,images/ISIC_0026474.jpg,masks/ISIC_0026474_segmentation.png
4068,train,ISIC_0029484,images/ISIC_0029484.jpg,masks/ISIC_0029484_segmentation.png
4069,train,ISIC_0030837,images/ISIC_0030837.jpg,masks/ISIC_0030837_segmentation.png
4070,train,ISIC_0034275,images/ISIC_0034275.jpg,masks/ISIC_0034275_segmentation.png
4071,train,ISIC_0027560,images/ISIC_0027560.jpg,masks/ISIC_0027560_segmentation.png
4072,train,ISIC_0025516,images/ISIC_0025516.jpg,masks/ISIC_0025516_segmentation.png
4073,train,ISIC_0024648,images/ISIC_0024648.jpg,masks/ISIC_0024648_segmentation.png
4074,train,ISIC_0024442,images/ISIC_0024442.jpg,masks/ISIC_0024442_segmentation.png
4075,train,ISIC_0024705,images/ISIC_0024705.jpg,masks/ISIC_0024705_segmentation.png
4076,train,ISIC_0025163,images/ISIC_0025163.jpg,masks/ISIC_0025163_segmentation.png
4077,train,ISIC_0025353,images/ISIC_0025353.jpg,masks/ISIC_0025353_segmentation.png
4078,train,ISIC_0026362,images/ISIC_0026362.jpg,masks/ISIC_0026362_segmentation.png
4079,train,ISIC_0026238,images/ISIC_0026238.jpg,masks/ISIC_0026238_segmentation.png
4080,train,ISIC_0025669,images/ISIC_0025669.jpg,masks/ISIC_0025669_segmentation.png
4081,train,ISIC_0024863,images/ISIC_0024863.jpg,masks/ISIC_0024863_segmentation.png
4082,train,ISIC_0024327,images/ISIC_0024327.jpg,masks/ISIC_0024327_segmentation.png
4083,train,ISIC_0031836,images/ISIC_0031836.jpg,masks/ISIC_0031836_segmentation.png
4084,train,ISIC_0026273,images/ISIC_0026273.jpg,masks/ISIC_0026273_segmentation.png
4085,train,ISIC_0025940,images/ISIC_0025940.jpg,masks/ISIC_0025940_segmentation.png
4086,train,ISIC_0030343,images/ISIC_0030343.jpg,masks/ISIC_0030343_segmentation.png
4087,train,ISIC_0025151,images/ISIC_0025151.jpg,masks/ISIC_0025151_segmentation.png
4088,train,ISIC_0030898,images/ISIC_0030898.jpg,masks/ISIC_0030898_segmentation.png
4089,train,ISIC_0025168,images/ISIC_0025168.jpg,masks/ISIC_0025168_segmentation.png
4090,train,ISIC_0027152,images/ISIC_0027152.jpg,masks/ISIC_0027152_segmentation.png
4091,train,ISIC_0030808,images/ISIC_0030808.jpg,masks/ISIC_0030808_segmentation.png
4092,train,ISIC_0029378,images/ISIC_0029378.jpg,masks/ISIC_0029378_segmentation.png
4093,train,ISIC_0027516,images/ISIC_0027516.jpg,masks/ISIC_0027516_segmentation.png
4094,train,ISIC_0026992,images/ISIC_0026992.jpg,masks/ISIC_0026992_segmentation.png
4095,train,ISIC_0031969,images/ISIC_0031969.jpg,masks/ISIC_0031969_segmentation.png
4096,train,ISIC_0027682,images/ISIC_0027682.jpg,masks/ISIC_0027682_segmentation.png
4097,train,ISIC_0028892,images/ISIC_0028892.jpg,masks/ISIC_0028892_segmentation.png
4098,train,ISIC_0028687,images/ISIC_0028687.jpg,masks/ISIC_0028687_segmentation.png
4099,train,ISIC_0033452,images/ISIC_0033452.jpg,masks/ISIC_0033452_segmentation.png
4100,train,ISIC_0031057,images/ISIC_0031057.jpg,masks/ISIC_0031057_segmentation.png
4101,train,ISIC_0029777,images/ISIC_0029777.jpg,masks/ISIC_0029777_segmentation.png
4102,train,ISIC_0032553,images/ISIC_0032553.jpg,masks/ISIC_0032553_segmentation.png
4103,train,ISIC_0031422,images/ISIC_0031422.jpg,masks/ISIC_0031422_segmentation.png
4104,train,ISIC_0026863,images/ISIC_0026863.jpg,masks/ISIC_0026863_segmentation.png
4105,train,ISIC_0024779,images/ISIC_0024779.jpg,masks/ISIC_0024779_segmentation.png
4106,train,ISIC_0031046,images/ISIC_0031046.jpg,masks/ISIC_0031046_segmentation.png
4107,train,ISIC_0031188,images/ISIC_0031188.jpg,masks/ISIC_0031188_segmentation.png
4108,train,ISIC_0029198,images/ISIC_0029198.jpg,masks/ISIC_0029198_segmentation.png
4109,train,ISIC_0024445,images/ISIC_0024445.jpg,masks/ISIC_0024445_segmentation.png
4110,train,ISIC_0026254,images/ISIC_0026254.jpg,masks/ISIC_0026254_segmentation.png
4111,train,ISIC_0033203,images/ISIC_0033203.jpg,masks/ISIC_0033203_segmentation.png
4112,train,ISIC_0030309,images/ISIC_0030309.jpg,masks/ISIC_0030309_segmentation.png
4113,train,ISIC_0027148,images/ISIC_0027148.jpg,masks/ISIC_0027148_segmentation.png
4114,train,ISIC_0028218,images/ISIC_0028218.jpg,masks/ISIC_0028218_segmentation.png
4115,train,ISIC_0031724,images/ISIC_0031724.jpg,masks/ISIC_0031724_segmentation.png
4116,train,ISIC_0027661,images/ISIC_0027661.jpg,masks/ISIC_0027661_segmentation.png
4117,train,ISIC_0024799,images/ISIC_0024799.jpg,masks/ISIC_0024799_segmentation.png
4118,train,ISIC_0029888,images/ISIC_0029888.jpg,masks/ISIC_0029888_segmentation.png
4119,train,ISIC_0030075,images/ISIC_0030075.jpg,masks/ISIC_0030075_segmentation.png
4120,train,ISIC_0024481,images/ISIC_0024481.jpg,masks/ISIC_0024481_segmentation.png
4121,train,ISIC_0030027,images/ISIC_0030027.jpg,masks/ISIC_0030027_segmentation.png
4122,train,ISIC_0034075,images/ISIC_0034075.jpg,masks/ISIC_0034075_segmentation.png
4123,train,ISIC_0033413,images/ISIC_0033413.jpg,masks/ISIC_0033413_segmentation.png
4124,train,ISIC_0032977,images/ISIC_0032977.jpg,masks/ISIC_0032977_segmentation.png
4125,train,ISIC_0027510,images/ISIC_0027510.jpg,masks/ISIC_0027510_segmentation.png
4126,train,ISIC_0026656,images/ISIC_0026656.jpg,masks/ISIC_0026656_segmentation.png
4127,train,ISIC_0025932,images/ISIC_0025932.jpg,masks/ISIC_0025932_segmentation.png
4128,train,ISIC_0025952,images/ISIC_0025952.jpg,masks/ISIC_0025952_segmentation.png
4129,train,ISIC_0027422,images/ISIC_0027422.jpg,masks/ISIC_0027422_segmentation.png
4130,train,ISIC_0031533,images/ISIC_0031533.jpg,masks/ISIC_0031533_segmentation.png
4131,train,ISIC_0029321,images/ISIC_0029321.jpg,masks/ISIC_0029321_segmentation.png
4132,train,ISIC_0031156,images/ISIC_0031156.jpg,masks/ISIC_0031156_segmentation.png
4133,train,ISIC_0033893,images/ISIC_0033893.jpg,masks/ISIC_0033893_segmentation.png
4134,train,ISIC_0026050,images/ISIC_0026050.jpg,masks/ISIC_0026050_segmentation.png
4135,train,ISIC_0029787,images/ISIC_0029787.jpg,masks/ISIC_0029787_segmentation.png
4136,train,ISIC_0032706,images/ISIC_0032706.jpg,masks/ISIC_0032706_segmentation.png
4137,train,ISIC_0024441,images/ISIC_0024441.jpg,masks/ISIC_0024441_segmentation.png
4138,train,ISIC_0026175,images/ISIC_0026175.jpg,masks/ISIC_0026175_segmentation.png
4139,train,ISIC_0031592,images/ISIC_0031592.jpg,masks/ISIC_0031592_segmentation.png
4140,train,ISIC_0033682,images/ISIC_0033682.jpg,masks/ISIC_0033682_segmentation.png
4141,train,ISIC_0028285,images/ISIC_0028285.jpg,masks/ISIC_0028285_segmentation.png
4142,train,ISIC_0024707,images/ISIC_0024707.jpg,masks/ISIC_0024707_segmentation.png
4143,train,ISIC_0026379,images/ISIC_0026379.jpg,masks/ISIC_0026379_segmentation.png
4144,train,ISIC_0028429,images/ISIC_0028429.jpg,masks/ISIC_0028429_segmentation.png
4145,train,ISIC_0027079,images/ISIC_0027079.jpg,masks/ISIC_0027079_segmentation.png
4146,train,ISIC_0034030,images/ISIC_0034030.jpg,masks/ISIC_0034030_segmentation.png
4147,train,ISIC_0029503,images/ISIC_0029503.jpg,masks/ISIC_0029503_segmentation.png
4148,train,ISIC_0025869,images/ISIC_0025869.jpg,masks/ISIC_0025869_segmentation.png
4149,train,ISIC_0029047,images/ISIC_0029047.jpg,masks/ISIC_0029047_segmentation.png
4150,train,ISIC_0033106,images/ISIC_0033106.jpg,masks/ISIC_0033106_segmentation.png
4151,train,ISIC_0033852,images/ISIC_0033852.jpg,masks/ISIC_0033852_segmentation.png
4152,train,ISIC_0032131,images/ISIC_0032131.jpg,masks/ISIC_0032131_segmentation.png
4153,train,ISIC_0029247,images/ISIC_0029247.jpg,masks/ISIC_0029247_segmentation.png
4154,train,ISIC_0029583,images/ISIC_0029583.jpg,masks/ISIC_0029583_segmentation.png
4155,train,ISIC_0027161,images/ISIC_0027161.jpg,masks/ISIC_0027161_segmentation.png
4156,train,ISIC_0026176,images/ISIC_0026176.jpg,masks/ISIC_0026176_segmentation.png
4157,train,ISIC_0028245,images/ISIC_0028245.jpg,masks/ISIC_0028245_segmentation.png
4158,train,ISIC_0024857,images/ISIC_0024857.jpg,masks/ISIC_0024857_segmentation.png
4159,train,ISIC_0026815,images/ISIC_0026815.jpg,masks/ISIC_0026815_segmentation.png
4160,train,ISIC_0024881,images/ISIC_0024881.jpg,masks/ISIC_0024881_segmentation.png
4161,train,ISIC_0032850,images/ISIC_0032850.jpg,masks/ISIC_0032850_segmentation.png
4162,train,ISIC_0030757,images/ISIC_0030757.jpg,masks/ISIC_0030757_segmentation.png
4163,train,ISIC_0033439,images/ISIC_0033439.jpg,masks/ISIC_0033439_segmentation.png
4164,train,ISIC_0029498,images/ISIC_0029498.jpg,masks/ISIC_0029498_segmentation.png
4165,train,ISIC_0029134,images/ISIC_0029134.jpg,masks/ISIC_0029134_segmentation.png
4166,train,ISIC_0032052,images/ISIC_0032052.jpg,masks/ISIC_0032052_segmentation.png
4167,train,ISIC_0033000,images/ISIC_0033000.jpg,masks/ISIC_0033000_segmentation.png
4168,train,ISIC_0025384,images/ISIC_0025384.jpg,masks/ISIC_0025384_segmentation.png
4169,train,ISIC_0031397,images/ISIC_0031397.jpg,masks/ISIC_0031397_segmentation.png
4170,train,ISIC_0029684,images/ISIC_0029684.jpg,masks/ISIC_0029684_segmentation.png
4171,train,ISIC_0029301,images/ISIC_0029301.jpg,masks/ISIC_0029301_segmentation.png
4172,train,ISIC_0025862,images/ISIC_0025862.jpg,masks/ISIC_0025862_segmentation.png
4173,train,ISIC_0032248,images/ISIC_0032248.jpg,masks/ISIC_0032248_segmentation.png
4174,train,ISIC_0025148,images/ISIC_0025148.jpg,masks/ISIC_0025148_segmentation.png
4175,train,ISIC_0030060,images/ISIC_0030060.jpg,masks/ISIC_0030060_segmentation.png
4176,train,ISIC_0025560,images/ISIC_0025560.jpg,masks/ISIC_0025560_segmentation.png
4177,train,ISIC_0029778,images/ISIC_0029778.jpg,masks/ISIC_0029778_segmentation.png
4178,train,ISIC_0034295,images/ISIC_0034295.jpg,masks/ISIC_0034295_segmentation.png
4179,train,ISIC_0030373,images/ISIC_0030373.jpg,masks/ISIC_0030373_segmentation.png
4180,train,ISIC_0029584,images/ISIC_0029584.jpg,masks/ISIC_0029584_segmentation.png
4181,train,ISIC_0026840,images/ISIC_0026840.jpg,masks/ISIC_0026840_segmentation.png
4182,train,ISIC_0026375,images/ISIC_0026375.jpg,masks/ISIC_0026375_segmentation.png
4183,train,ISIC_0026948,images/ISIC_0026948.jpg,masks/ISIC_0026948_segmentation.png
4184,train,ISIC_0031916,images/ISIC_0031916.jpg,masks/ISIC_0031916_segmentation.png
4185,train,ISIC_0027383,images/ISIC_0027383.jpg,masks/ISIC_0027383_segmentation.png
4186,train,ISIC_0025908,images/ISIC_0025908.jpg,masks/ISIC_0025908_segmentation.png
4187,train,ISIC_0024893,images/ISIC_0024893.jpg,masks/ISIC_0024893_segmentation.png
4188,train,ISIC_0024320,images/ISIC_0024320.jpg,masks/ISIC_0024320_segmentation.png
4189,train,ISIC_0027520,images/ISIC_0027520.jpg,masks/ISIC_0027520_segmentation.png
4190,train,ISIC_0033301,images/ISIC_0033301.jpg,masks/ISIC_0033301_segmentation.png
4191,train,ISIC_0033649,images/ISIC_0033649.jpg,masks/ISIC_0033649_segmentation.png
4192,train,ISIC_0025564,images/ISIC_0025564.jpg,masks/ISIC_0025564_segmentation.png
4193,train,ISIC_0028239,images/ISIC_0028239.jpg,masks/ISIC_0028239_segmentation.png
4194,train,ISIC_0028213,images/ISIC_0028213.jpg,masks/ISIC_0028213_segmentation.png
4195,train,ISIC_0025183,images/ISIC_0025183.jpg,masks/ISIC_0025183_segmentation.png
4196,train,ISIC_0027460,images/ISIC_0027460.jpg,masks/ISIC_0027460_segmentation.png
4197,train,ISIC_0032562,images/ISIC_0032562.jpg,masks/ISIC_0032562_segmentation.png
4198,train,ISIC_0028365,images/ISIC_0028365.jpg,masks/ISIC_0028365_segmentation.png
4199,train,ISIC_0026566,images/ISIC_0026566.jpg,masks/ISIC_0026566_segmentation.png
4200,train,ISIC_0028609,images/ISIC_0028609.jpg,masks/ISIC_0028609_segmentation.png
4201,train,ISIC_0026228,images/ISIC_0026228.jpg,masks/ISIC_0026228_segmentation.png
4202,train,ISIC_0029129,images/ISIC_0029129.jpg,masks/ISIC_0029129_segmentation.png
4203,train,ISIC_0032649,images/ISIC_0032649.jpg,masks/ISIC_0032649_segmentation.png
4204,train,ISIC_0030717,images/ISIC_0030717.jpg,masks/ISIC_0030717_segmentation.png
4205,train,ISIC_0027030,images/ISIC_0027030.jpg,masks/ISIC_0027030_segmentation.png
4206,train,ISIC_0034174,images/ISIC_0034174.jpg,masks/ISIC_0034174_segmentation.png
4207,train,ISIC_0026428,images/ISIC_0026428.jpg,masks/ISIC_0026428_segmentation.png
4208,train,ISIC_0033383,images/ISIC_0033383.jpg,masks/ISIC_0033383_segmentation.png
4209,train,ISIC_0029292,images/ISIC_0029292.jpg,masks/ISIC_0029292_segmentation.png
4210,train,ISIC_0028350,images/ISIC_0028350.jpg,masks/ISIC_0028350_segmentation.png
4211,train,ISIC_0026274,images/ISIC_0026274.jpg,masks/ISIC_0026274_segmentation.png
4212,train,ISIC_0030830,images/ISIC_0030830.jpg,masks/ISIC_0030830_segmentation.png
4213,train,ISIC_0026590,images/ISIC_0026590.jpg,masks/ISIC_0026590_segmentation.png
4214,train,ISIC_0033940,images/ISIC_0033940.jpg,masks/ISIC_0033940_segmentation.png
4215,train,ISIC_0027278,images/ISIC_0027278.jpg,masks/ISIC_0027278_segmentation.png
4216,train,ISIC_0029968,images/ISIC_0029968.jpg,masks/ISIC_0029968_segmentation.png
4217,train,ISIC_0028383,images/ISIC_0028383.jpg,masks/ISIC_0028383_segmentation.png
4218,train,ISIC_0030472,images/ISIC_0030472.jpg,masks/ISIC_0030472_segmentation.png
4219,train,ISIC_0033513,images/ISIC_0033513.jpg,masks/ISIC_0033513_segmentation.png
4220,train,ISIC_0028784,images/ISIC_0028784.jpg,masks/ISIC_0028784_segmentation.png
4221,train,ISIC_0033731,images/ISIC_0033731.jpg,masks/ISIC_0033731_segmentation.png
4222,train,ISIC_0034183,images/ISIC_0034183.jpg,masks/ISIC_0034183_segmentation.png
4223,train,ISIC_0029012,images/ISIC_0029012.jpg,masks/ISIC_0029012_segmentation.png
4224,train,ISIC_0027303,images/ISIC_0027303.jpg,masks/ISIC_0027303_segmentation.png
4225,train,ISIC_0028194,images/ISIC_0028194.jpg,masks/ISIC_0028194_segmentation.png
4226,train,ISIC_0032180,images/ISIC_0032180.jpg,masks/ISIC_0032180_segmentation.png
4227,train,ISIC_0029719,images/ISIC_0029719.jpg,masks/ISIC_0029719_segmentation.png
4228,train,ISIC_0033063,images/ISIC_0033063.jpg,masks/ISIC_0033063_segmentation.png
4229,train,ISIC_0031071,images/ISIC_0031071.jpg,masks/ISIC_0031071_segmentation.png
4230,train,ISIC_0024693,images/ISIC_0024693.jpg,masks/ISIC_0024693_segmentation.png
4231,train,ISIC_0026701,images/ISIC_0026701.jpg,masks/ISIC_0026701_segmentation.png
4232,train,ISIC_0031409,images/ISIC_0031409.jpg,masks/ISIC_0031409_segmentation.png
4233,train,ISIC_0024335,images/ISIC_0024335.jpg,masks/ISIC_0024335_segmentation.png
4234,train,ISIC_0027950,images/ISIC_0027950.jpg,masks/ISIC_0027950_segmentation.png
4235,train,ISIC_0032748,images/ISIC_0032748.jpg,masks/ISIC_0032748_segmentation.png
4236,train,ISIC_0025539,images/ISIC_0025539.jpg,masks/ISIC_0025539_segmentation.png
4237,train,ISIC_0024501,images/ISIC_0024501.jpg,masks/ISIC_0024501_segmentation.png
4238,train,ISIC_0028247,images/ISIC_0028247.jpg,masks/ISIC_0028247_segmentation.png
4239,train,ISIC_0025237,images/ISIC_0025237.jpg,masks/ISIC_0025237_segmentation.png
4240,train,ISIC_0029330,images/ISIC_0029330.jpg,masks/ISIC_0029330_segmentation.png
4241,train,ISIC_0033400,images/ISIC_0033400.jpg,masks/ISIC_0033400_segmentation.png
4242,train,ISIC_0030101,images/ISIC_0030101.jpg,masks/ISIC_0030101_segmentation.png
4243,train,ISIC_0031759,images/ISIC_0031759.jpg,masks/ISIC_0031759_segmentation.png
4244,train,ISIC_0027435,images/ISIC_0027435.jpg,masks/ISIC_0027435_segmentation.png
4245,train,ISIC_0026473,images/ISIC_0026473.jpg,masks/ISIC_0026473_segmentation.png
4246,train,ISIC_0034132,images/ISIC_0034132.jpg,masks/ISIC_0034132_segmentation.png
4247,train,ISIC_0024869,images/ISIC_0024869.jpg,masks/ISIC_0024869_segmentation.png
4248,train,ISIC_0027387,images/ISIC_0027387.jpg,masks/ISIC_0027387_segmentation.png
4249,train,ISIC_0028077,images/ISIC_0028077.jpg,masks/ISIC_0028077_segmentation.png
4250,train,ISIC_0029536,images/ISIC_0029536.jpg,masks/ISIC_0029536_segmentation.png
4251,train,ISIC_0029537,images/ISIC_0029537.jpg,masks/ISIC_0029537_segmentation.png
4252,train,ISIC_0030232,images/ISIC_0030232.jpg,masks/ISIC_0030232_segmentation.png
4253,train,ISIC_0032517,images/ISIC_0032517.jpg,masks/ISIC_0032517_segmentation.png
4254,train,ISIC_0025784,images/ISIC_0025784.jpg,masks/ISIC_0025784_segmentation.png
4255,train,ISIC_0028129,images/ISIC_0028129.jpg,masks/ISIC_0028129_segmentation.png
4256,train,ISIC_0028184,images/ISIC_0028184.jpg,masks/ISIC_0028184_segmentation.png
4257,train,ISIC_0028181,images/ISIC_0028181.jpg,masks/ISIC_0028181_segmentation.png
4258,train,ISIC_0025941,images/ISIC_0025941.jpg,masks/ISIC_0025941_segmentation.png
4259,train,ISIC_0028333,images/ISIC_0028333.jpg,masks/ISIC_0028333_segmentation.png
4260,train,ISIC_0024736,images/ISIC_0024736.jpg,masks/ISIC_0024736_segmentation.png
4261,train,ISIC_0030850,images/ISIC_0030850.jpg,masks/ISIC_0030850_segmentation.png
4262,train,ISIC_0028265,images/ISIC_0028265.jpg,masks/ISIC_0028265_segmentation.png
4263,train,ISIC_0030414,images/ISIC_0030414.jpg,masks/ISIC_0030414_segmentation.png
4264,train,ISIC_0027212,images/ISIC_0027212.jpg,masks/ISIC_0027212_segmentation.png
4265,train,ISIC_0032575,images/ISIC_0032575.jpg,masks/ISIC_0032575_segmentation.png
4266,train,ISIC_0029840,images/ISIC_0029840.jpg,masks/ISIC_0029840_segmentation.png
4267,train,ISIC_0032996,images/ISIC_0032996.jpg,masks/ISIC_0032996_segmentation.png
4268,train,ISIC_0032099,images/ISIC_0032099.jpg,masks/ISIC_0032099_segmentation.png
4269,train,ISIC_0024349,images/ISIC_0024349.jpg,masks/ISIC_0024349_segmentation.png
4270,train,ISIC_0026894,images/ISIC_0026894.jpg,masks/ISIC_0026894_segmentation.png
4271,train,ISIC_0031392,images/ISIC_0031392.jpg,masks/ISIC_0031392_segmentation.png
4272,train,ISIC_0027008,images/ISIC_0027008.jpg,masks/ISIC_0027008_segmentation.png
4273,train,ISIC_0025753,images/ISIC_0025753.jpg,masks/ISIC_0025753_segmentation.png
4274,train,ISIC_0026152,images/ISIC_0026152.jpg,masks/ISIC_0026152_segmentation.png
4275,train,ISIC_0025888,images/ISIC_0025888.jpg,masks/ISIC_0025888_segmentation.png
4276,train,ISIC_0027443,images/ISIC_0027443.jpg,masks/ISIC_0027443_segmentation.png
4277,train,ISIC_0031882,images/ISIC_0031882.jpg,masks/ISIC_0031882_segmentation.png
4278,train,ISIC_0031022,images/ISIC_0031022.jpg,masks/ISIC_0031022_segmentation.png
4279,train,ISIC_0030916,images/ISIC_0030916.jpg,masks/ISIC_0030916_segmentation.png
4280,train,ISIC_0030742,images/ISIC_0030742.jpg,masks/ISIC_0030742_segmentation.png
4281,train,ISIC_0033625,images/ISIC_0033625.jpg,masks/ISIC_0033625_segmentation.png
4282,train,ISIC_0024749,images/ISIC_0024749.jpg,masks/ISIC_0024749_segmentation.png
4283,train,ISIC_0030833,images/ISIC_0030833.jpg,masks/ISIC_0030833_segmentation.png
4284,train,ISIC_0033874,images/ISIC_0033874.jpg,masks/ISIC_0033874_segmentation.png
4285,train,ISIC_0026085,images/ISIC_0026085.jpg,masks/ISIC_0026085_segmentation.png
4286,train,ISIC_0033824,images/ISIC_0033824.jpg,masks/ISIC_0033824_segmentation.png
4287,train,ISIC_0033069,images/ISIC_0033069.jpg,masks/ISIC_0033069_segmentation.png
4288,train,ISIC_0026861,images/ISIC_0026861.jpg,masks/ISIC_0026861_segmentation.png
4289,train,ISIC_0026319,images/ISIC_0026319.jpg,masks/ISIC_0026319_segmentation.png
4290,train,ISIC_0031960,images/ISIC_0031960.jpg,masks/ISIC_0031960_segmentation.png
4291,train,ISIC_0031131,images/ISIC_0031131.jpg,masks/ISIC_0031131_segmentation.png
4292,train,ISIC_0027301,images/ISIC_0027301.jpg,masks/ISIC_0027301_segmentation.png
4293,train,ISIC_0034036,images/ISIC_0034036.jpg,masks/ISIC_0034036_segmentation.png
4294,train,ISIC_0032853,images/ISIC_0032853.jpg,masks/ISIC_0032853_segmentation.png
4295,train,ISIC_0024526,images/ISIC_0024526.jpg,masks/ISIC_0024526_segmentation.png
4296,train,ISIC_0029492,images/ISIC_0029492.jpg,masks/ISIC_0029492_segmentation.png
4297,train,ISIC_0028373,images/ISIC_0028373.jpg,masks/ISIC_0028373_segmentation.png
4298,train,ISIC_0025195,images/ISIC_0025195.jpg,masks/ISIC_0025195_segmentation.png
4299,train,ISIC_0031697,images/ISIC_0031697.jpg,masks/ISIC_0031697_segmentation.png
4300,train,ISIC_0024596,images/ISIC_0024596.jpg,masks/ISIC_0024596_segmentation.png
4301,train,ISIC_0033366,images/ISIC_0033366.jpg,masks/ISIC_0033366_segmentation.png
4302,train,ISIC_0031335,images/ISIC_0031335.jpg,masks/ISIC_0031335_segmentation.png
4303,train,ISIC_0032672,images/ISIC_0032672.jpg,masks/ISIC_0032672_segmentation.png
4304,train,ISIC_0029529,images/ISIC_0029529.jpg,masks/ISIC_0029529_segmentation.png
4305,train,ISIC_0033390,images/ISIC_0033390.jpg,masks/ISIC_0033390_segmentation.png
4306,train,ISIC_0026852,images/ISIC_0026852.jpg,masks/ISIC_0026852_segmentation.png
4307,train,ISIC_0024605,images/ISIC_0024605.jpg,masks/ISIC_0024605_segmentation.png
4308,train,ISIC_0030675,images/ISIC_0030675.jpg,masks/ISIC_0030675_segmentation.png
4309,train,ISIC_0029726,images/ISIC_0029726.jpg,masks/ISIC_0029726_segmentation.png
4310,train,ISIC_0033035,images/ISIC_0033035.jpg,masks/ISIC_0033035_segmentation.png
4311,train,ISIC_0032756,images/ISIC_0032756.jpg,masks/ISIC_0032756_segmentation.png
4312,train,ISIC_0030149,images/ISIC_0030149.jpg,masks/ISIC_0030149_segmentation.png
4313,train,ISIC_0027334,images/ISIC_0027334.jpg,masks/ISIC_0027334_segmentation.png
4314,train,ISIC_0029510,images/ISIC_0029510.jpg,masks/ISIC_0029510_segmentation.png
4315,train,ISIC_0030785,images/ISIC_0030785.jpg,masks/ISIC_0030785_segmentation.png
4316,train,ISIC_0029958,images/ISIC_0029958.jpg,masks/ISIC_0029958_segmentation.png
4317,train,ISIC_0032132,images/ISIC_0032132.jpg,masks/ISIC_0032132_segmentation.png
4318,train,ISIC_0026973,images/ISIC_0026973.jpg,masks/ISIC_0026973_segmentation.png
4319,train,ISIC_0031956,images/ISIC_0031956.jpg,masks/ISIC_0031956_segmentation.png
4320,train,ISIC_0031722,images/ISIC_0031722.jpg,masks/ISIC_0031722_segmentation.png
4321,train,ISIC_0026062,images/ISIC_0026062.jpg,masks/ISIC_0026062_segmentation.png
4322,train,ISIC_0024796,images/ISIC_0024796.jpg,masks/ISIC_0024796_segmentation.png
4323,train,ISIC_0030857,images/ISIC_0030857.jpg,masks/ISIC_0030857_segmentation.png
4324,train,ISIC_0030701,images/ISIC_0030701.jpg,masks/ISIC_0030701_segmentation.png
4325,train,ISIC_0032303,images/ISIC_0032303.jpg,masks/ISIC_0032303_segmentation.png
4326,train,ISIC_0031273,images/ISIC_0031273.jpg,masks/ISIC_0031273_segmentation.png
4327,train,ISIC_0032299,images/ISIC_0032299.jpg,masks/ISIC_0032299_segmentation.png
4328,train,ISIC_0027850,images/ISIC_0027850.jpg,masks/ISIC_0027850_segmentation.png
4329,train,ISIC_0027287,images/ISIC_0027287.jpg,masks/ISIC_0027287_segmentation.png
4330,train,ISIC_0027761,images/ISIC_0027761.jpg,masks/ISIC_0027761_segmentation.png
4331,train,ISIC_0026991,images/ISIC_0026991.jpg,masks/ISIC_0026991_segmentation.png
4332,train,ISIC_0024563,images/ISIC_0024563.jpg,masks/ISIC_0024563_segmentation.png
4333,train,ISIC_0026110,images/ISIC_0026110.jpg,masks/ISIC_0026110_segmentation.png
4334,train,ISIC_0025006,images/ISIC_0025006.jpg,masks/ISIC_0025006_segmentation.png
4335,train,ISIC_0029570,images/ISIC_0029570.jpg,masks/ISIC_0029570_segmentation.png
4336,train,ISIC_0032278,images/ISIC_0032278.jpg,masks/ISIC_0032278_segmentation.png
4337,train,ISIC_0025470,images/ISIC_0025470.jpg,masks/ISIC_0025470_segmentation.png
4338,train,ISIC_0031383,images/ISIC_0031383.jpg,masks/ISIC_0031383_segmentation.png
4339,train,ISIC_0032305,images/ISIC_0032305.jpg,masks/ISIC_0032305_segmentation.png
4340,train,ISIC_0027696,images/ISIC_0027696.jpg,masks/ISIC_0027696_segmentation.png
4341,train,ISIC_0030275,images/ISIC_0030275.jpg,masks/ISIC_0030275_segmentation.png
4342,train,ISIC_0029460,images/ISIC_0029460.jpg,masks/ISIC_0029460_segmentation.png
4343,train,ISIC_0033153,images/ISIC_0033153.jpg,masks/ISIC_0033153_segmentation.png
4344,train,ISIC_0031894,images/ISIC_0031894.jpg,masks/ISIC_0031894_segmentation.png
4345,train,ISIC_0030143,images/ISIC_0030143.jpg,masks/ISIC_0030143_segmentation.png
4346,train,ISIC_0030508,images/ISIC_0030508.jpg,masks/ISIC_0030508_segmentation.png
4347,train,ISIC_0028240,images/ISIC_0028240.jpg,masks/ISIC_0028240_segmentation.png
4348,train,ISIC_0026820,images/ISIC_0026820.jpg,masks/ISIC_0026820_segmentation.png
4349,train,ISIC_0032403,images/ISIC_0032403.jpg,masks/ISIC_0032403_segmentation.png
4350,train,ISIC_0027346,images/ISIC_0027346.jpg,masks/ISIC_0027346_segmentation.png
4351,train,ISIC_0027629,images/ISIC_0027629.jpg,masks/ISIC_0027629_segmentation.png
4352,train,ISIC_0024409,images/ISIC_0024409.jpg,masks/ISIC_0024409_segmentation.png
4353,train,ISIC_0025058,images/ISIC_0025058.jpg,masks/ISIC_0025058_segmentation.png
4354,train,ISIC_0025493,images/ISIC_0025493.jpg,masks/ISIC_0025493_segmentation.png
4355,train,ISIC_0033078,images/ISIC_0033078.jpg,masks/ISIC_0033078_segmentation.png
4356,train,ISIC_0029223,images/ISIC_0029223.jpg,masks/ISIC_0029223_segmentation.png
4357,train,ISIC_0028701,images/ISIC_0028701.jpg,masks/ISIC_0028701_segmentation.png
4358,train,ISIC_0025716,images/ISIC_0025716.jpg,masks/ISIC_0025716_segmentation.png
4359,train,ISIC_0030699,images/ISIC_0030699.jpg,masks/ISIC_0030699_segmentation.png
4360,train,ISIC_0025279,images/ISIC_0025279.jpg,masks/ISIC_0025279_segmentation.png
4361,train,ISIC_0026128,images/ISIC_0026128.jpg,masks/ISIC_0026128_segmentation.png
4362,train,ISIC_0027228,images/ISIC_0027228.jpg,masks/ISIC_0027228_segmentation.png
4363,train,ISIC_0028531,images/ISIC_0028531.jpg,masks/ISIC_0028531_segmentation.png
4364,train,ISIC_0031925,images/ISIC_0031925.jpg,masks/ISIC_0031925_segmentation.png
4365,train,ISIC_0025081,images/ISIC_0025081.jpg,masks/ISIC_0025081_segmentation.png
4366,train,ISIC_0030598,images/ISIC_0030598.jpg,masks/ISIC_0030598_segmentation.png
4367,train,ISIC_0033055,images/ISIC_0033055.jpg,masks/ISIC_0033055_segmentation.png
4368,train,ISIC_0029799,images/ISIC_0029799.jpg,masks/ISIC_0029799_segmentation.png
4369,train,ISIC_0032792,images/ISIC_0032792.jpg,masks/ISIC_0032792_segmentation.png
4370,train,ISIC_0034138,images/ISIC_0034138.jpg,masks/ISIC_0034138_segmentation.png
4371,train,ISIC_0024899,images/ISIC_0024899.jpg,masks/ISIC_0024899_segmentation.png
4372,train,ISIC_0034294,images/ISIC_0034294.jpg,masks/ISIC_0034294_segmentation.png
4373,train,ISIC_0025179,images/ISIC_0025179.jpg,masks/ISIC_0025179_segmentation.png
4374,train,ISIC_0028035,images/ISIC_0028035.jpg,masks/ISIC_0028035_segmentation.png
4375,train,ISIC_0024611,images/ISIC_0024611.jpg,masks/ISIC_0024611_segmentation.png
4376,train,ISIC_0024503,images/ISIC_0024503.jpg,masks/ISIC_0024503_segmentation.png
4377,train,ISIC_0026825,images/ISIC_0026825.jpg,masks/ISIC_0026825_segmentation.png
4378,train,ISIC_0027400,images/ISIC_0027400.jpg,masks/ISIC_0027400_segmentation.png
4379,train,ISIC_0033360,images/ISIC_0033360.jpg,masks/ISIC_0033360_segmentation.png
4380,train,ISIC_0025647,images/ISIC_0025647.jpg,masks/ISIC_0025647_segmentation.png
4381,train,ISIC_0025755,images/ISIC_0025755.jpg,masks/ISIC_0025755_segmentation.png
4382,train,ISIC_0030732,images/ISIC_0030732.jpg,masks/ISIC_0030732_segmentation.png
4383,train,ISIC_0030418,images/ISIC_0030418.jpg,masks/ISIC_0030418_segmentation.png
4384,train,ISIC_0030930,images/ISIC_0030930.jpg,masks/ISIC_0030930_segmentation.png
4385,train,ISIC_0029679,images/ISIC_0029679.jpg,masks/ISIC_0029679_segmentation.png
4386,train,ISIC_0029935,images/ISIC_0029935.jpg,masks/ISIC_0029935_segmentation.png
4387,train,ISIC_0025370,images/ISIC_0025370.jpg,masks/ISIC_0025370_segmentation.png
4388,train,ISIC_0029933,images/ISIC_0029933.jpg,masks/ISIC_0029933_segmentation.png
4389,train,ISIC_0026600,images/ISIC_0026600.jpg,masks/ISIC_0026600_segmentation.png
4390,train,ISIC_0025730,images/ISIC_0025730.jpg,masks/ISIC_0025730_segmentation.png
4391,train,ISIC_0028575,images/ISIC_0028575.jpg,masks/ISIC_0028575_segmentation.png
4392,train,ISIC_0027085,images/ISIC_0027085.jpg,masks/ISIC_0027085_segmentation.png
4393,train,ISIC_0028143,images/ISIC_0028143.jpg,masks/ISIC_0028143_segmentation.png
4394,train,ISIC_0024998,images/ISIC_0024998.jpg,masks/ISIC_0024998_segmentation.png
4395,train,ISIC_0024313,images/ISIC_0024313.jpg,masks/ISIC_0024313_segmentation.png
4396,train,ISIC_0030188,images/ISIC_0030188.jpg,masks/ISIC_0030188_segmentation.png
4397,train,ISIC_0031086,images/ISIC_0031086.jpg,masks/ISIC_0031086_segmentation.png
4398,train,ISIC_0027289,images/ISIC_0027289.jpg,masks/ISIC_0027289_segmentation.png
4399,train,ISIC_0026763,images/ISIC_0026763.jpg,masks/ISIC_0026763_segmentation.png
4400,train,ISIC_0027271,images/ISIC_0027271.jpg,masks/ISIC_0027271_segmentation.png
4401,train,ISIC_0028464,images/ISIC_0028464.jpg,masks/ISIC_0028464_segmentation.png
4402,train,ISIC_0025758,images/ISIC_0025758.jpg,masks/ISIC_0025758_segmentation.png
4403,train,ISIC_0032181,images/ISIC_0032181.jpg,masks/ISIC_0032181_segmentation.png
4404,train,ISIC_0025154,images/ISIC_0025154.jpg,masks/ISIC_0025154_segmentation.png
4405,train,ISIC_0025831,images/ISIC_0025831.jpg,masks/ISIC_0025831_segmentation.png
4406,train,ISIC_0027458,images/ISIC_0027458.jpg,masks/ISIC_0027458_segmentation.png
4407,train,ISIC_0031111,images/ISIC_0031111.jpg,masks/ISIC_0031111_segmentation.png
4408,train,ISIC_0033840,images/ISIC_0033840.jpg,masks/ISIC_0033840_segmentation.png
4409,train,ISIC_0024795,images/ISIC_0024795.jpg,masks/ISIC_0024795_segmentation.png
4410,train,ISIC_0031227,images/ISIC_0031227.jpg,masks/ISIC_0031227_segmentation.png
4411,train,ISIC_0024345,images/ISIC_0024345.jpg,masks/ISIC_0024345_segmentation.png
4412,train,ISIC_0027296,images/ISIC_0027296.jpg,masks/ISIC_0027296_segmentation.png
4413,train,ISIC_0032924,images/ISIC_0032924.jpg,masks/ISIC_0032924_segmentation.png
4414,train,ISIC_0030858,images/ISIC_0030858.jpg,masks/ISIC_0030858_segmentation.png
4415,train,ISIC_0026618,images/ISIC_0026618.jpg,masks/ISIC_0026618_segmentation.png
4416,train,ISIC_0027390,images/ISIC_0027390.jpg,masks/ISIC_0027390_segmentation.png
4417,train,ISIC_0033518,images/ISIC_0033518.jpg,masks/ISIC_0033518_segmentation.png
4418,train,ISIC_0028149,images/ISIC_0028149.jpg,masks/ISIC_0028149_segmentation.png
4419,train,ISIC_0033367,images/ISIC_0033367.jpg,masks/ISIC_0033367_segmentation.png
4420,train,ISIC_0026707,images/ISIC_0026707.jpg,masks/ISIC_0026707_segmentation.png
4421,train,ISIC_0034134,images/ISIC_0034134.jpg,masks/ISIC_0034134_segmentation.png
4422,train,ISIC_0032833,images/ISIC_0032833.jpg,masks/ISIC_0032833_segmentation.png
4423,train,ISIC_0026705,images/ISIC_0026705.jpg,masks/ISIC_0026705_segmentation.png
4424,train,ISIC_0034181,images/ISIC_0034181.jpg,masks/ISIC_0034181_segmentation.png
4425,train,ISIC_0033992,images/ISIC_0033992.jpg,masks/ISIC_0033992_segmentation.png
4426,train,ISIC_0031825,images/ISIC_0031825.jpg,masks/ISIC_0031825_segmentation.png
4427,train,ISIC_0027320,images/ISIC_0027320.jpg,masks/ISIC_0027320_segmentation.png
4428,train,ISIC_0031061,images/ISIC_0031061.jpg,masks/ISIC_0031061_segmentation.png
4429,train,ISIC_0027437,images/ISIC_0027437.jpg,masks/ISIC_0027437_segmentation.png
4430,train,ISIC_0025476,images/ISIC_0025476.jpg,masks/ISIC_0025476_segmentation.png
4431,train,ISIC_0034012,images/ISIC_0034012.jpg,masks/ISIC_0034012_segmentation.png
4432,train,ISIC_0032520,images/ISIC_0032520.jpg,masks/ISIC_0032520_segmentation.png
4433,train,ISIC_0030011,images/ISIC_0030011.jpg,masks/ISIC_0030011_segmentation.png
4434,train,ISIC_0027308,images/ISIC_0027308.jpg,masks/ISIC_0027308_segmentation.png
4435,train,ISIC_0032461,images/ISIC_0032461.jpg,masks/ISIC_0032461_segmentation.png
4436,train,ISIC_0031800,images/ISIC_0031800.jpg,masks/ISIC_0031800_segmentation.png
4437,train,ISIC_0025534,images/ISIC_0025534.jpg,masks/ISIC_0025534_segmentation.png
4438,train,ISIC_0027969,images/ISIC_0027969.jpg,masks/ISIC_0027969_segmentation.png
4439,train,ISIC_0032475,images/ISIC_0032475.jpg,masks/ISIC_0032475_segmentation.png
4440,train,ISIC_0025460,images/ISIC_0025460.jpg,masks/ISIC_0025460_segmentation.png
4441,train,ISIC_0029346,images/ISIC_0029346.jpg,masks/ISIC_0029346_segmentation.png
4442,train,ISIC_0027241,images/ISIC_0027241.jpg,masks/ISIC_0027241_segmentation.png
4443,train,ISIC_0031789,images/ISIC_0031789.jpg,masks/ISIC_0031789_segmentation.png
4444,train,ISIC_0025214,images/ISIC_0025214.jpg,masks/ISIC_0025214_segmentation.png
4445,train,ISIC_0026641,images/ISIC_0026641.jpg,masks/ISIC_0026641_segmentation.png
4446,train,ISIC_0026742,images/ISIC_0026742.jpg,masks/ISIC_0026742_segmentation.png
4447,train,ISIC_0025532,images/ISIC_0025532.jpg,masks/ISIC_0025532_segmentation.png
4448,train,ISIC_0026540,images/ISIC_0026540.jpg,masks/ISIC_0026540_segmentation.png
4449,train,ISIC_0028280,images/ISIC_0028280.jpg,masks/ISIC_0028280_segmentation.png
4450,train,ISIC_0027120,images/ISIC_0027120.jpg,masks/ISIC_0027120_segmentation.png
4451,train,ISIC_0032452,images/ISIC_0032452.jpg,masks/ISIC_0032452_segmentation.png
4452,train,ISIC_0031403,images/ISIC_0031403.jpg,masks/ISIC_0031403_segmentation.png
4453,train,ISIC_0029418,images/ISIC_0029418.jpg,masks/ISIC_0029418_segmentation.png
4454,train,ISIC_0032170,images/ISIC_0032170.jpg,masks/ISIC_0032170_segmentation.png
4455,train,ISIC_0030832,images/ISIC_0030832.jpg,masks/ISIC_0030832_segmentation.png
4456,train,ISIC_0025280,images/ISIC_0025280.jpg,masks/ISIC_0025280_segmentation.png
4457,train,ISIC_0029388,images/ISIC_0029388.jpg,masks/ISIC_0029388_segmentation.png
4458,train,ISIC_0032297,images/ISIC_0032297.jpg,masks/ISIC_0032297_segmentation.png
4459,train,ISIC_0034302,images/ISIC_0034302.jpg,masks/ISIC_0034302_segmentation.png
4460,train,ISIC_0030374,images/ISIC_0030374.jpg,masks/ISIC_0030374_segmentation.png
4461,train,ISIC_0026602,images/ISIC_0026602.jpg,masks/ISIC_0026602_segmentation.png
4462,train,ISIC_0027717,images/ISIC_0027717.jpg,masks/ISIC_0027717_segmentation.png
4463,train,ISIC_0033916,images/ISIC_0033916.jpg,masks/ISIC_0033916_segmentation.png
4464,train,ISIC_0030816,images/ISIC_0030816.jpg,masks/ISIC_0030816_segmentation.png
4465,train,ISIC_0033995,images/ISIC_0033995.jpg,masks/ISIC_0033995_segmentation.png
4466,train,ISIC_0033723,images/ISIC_0033723.jpg,masks/ISIC_0033723_segmentation.png
4467,train,ISIC_0032788,images/ISIC_0032788.jpg,masks/ISIC_0032788_segmentation.png
4468,train,ISIC_0032325,images/ISIC_0032325.jpg,masks/ISIC_0032325_segmentation.png
4469,train,ISIC_0029021,images/ISIC_0029021.jpg,masks/ISIC_0029021_segmentation.png
4470,train,ISIC_0028779,images/ISIC_0028779.jpg,masks/ISIC_0028779_segmentation.png
4471,train,ISIC_0026430,images/ISIC_0026430.jpg,masks/ISIC_0026430_segmentation.png
4472,train,ISIC_0028461,images/ISIC_0028461.jpg,masks/ISIC_0028461_segmentation.png
4473,train,ISIC_0030214,images/ISIC_0030214.jpg,masks/ISIC_0030214_segmentation.png
4474,train,ISIC_0026301,images/ISIC_0026301.jpg,masks/ISIC_0026301_segmentation.png
4475,train,ISIC_0026907,images/ISIC_0026907.jpg,masks/ISIC_0026907_segmentation.png
4476,train,ISIC_0025544,images/ISIC_0025544.jpg,masks/ISIC_0025544_segmentation.png
4477,train,ISIC_0032790,images/ISIC_0032790.jpg,masks/ISIC_0032790_segmentation.png
4478,train,ISIC_0027070,images/ISIC_0027070.jpg,masks/ISIC_0027070_segmentation.png
4479,train,ISIC_0026244,images/ISIC_0026244.jpg,masks/ISIC_0026244_segmentation.png
4480,train,ISIC_0033527,images/ISIC_0033527.jpg,masks/ISIC_0033527_segmentation.png
4481,train,ISIC_0028137,images/ISIC_0028137.jpg,masks/ISIC_0028137_segmentation.png
4482,train,ISIC_0027900,images/ISIC_0027900.jpg,masks/ISIC_0027900_segmentation.png
4483,train,ISIC_0027859,images/ISIC_0027859.jpg,masks/ISIC_0027859_segmentation.png
4484,train,ISIC_0030641,images/ISIC_0030641.jpg,masks/ISIC_0030641_segmentation.png
4485,train,ISIC_0032576,images/ISIC_0032576.jpg,masks/ISIC_0032576_segmentation.png
4486,train,ISIC_0027765,images/ISIC_0027765.jpg,masks/ISIC_0027765_segmentation.png
4487,train,ISIC_0028230,images/ISIC_0028230.jpg,masks/ISIC_0028230_segmentation.png
4488,train,ISIC_0025406,images/ISIC_0025406.jpg,masks/ISIC_0025406_segmentation.png
4489,train,ISIC_0033712,images/ISIC_0033712.jpg,masks/ISIC_0033712_segmentation.png
4490,train,ISIC_0032990,images/ISIC_0032990.jpg,masks/ISIC_0032990_segmentation.png
4491,train,ISIC_0029142,images/ISIC_0029142.jpg,masks/ISIC_0029142_segmentation.png
4492,train,ISIC_0031720,images/ISIC_0031720.jpg,masks/ISIC_0031720_segmentation.png
4493,train,ISIC_0028667,images/ISIC_0028667.jpg,masks/ISIC_0028667_segmentation.png
4494,train,ISIC_0033541,images/ISIC_0033541.jpg,masks/ISIC_0033541_segmentation.png
4495,train,ISIC_0029557,images/ISIC_0029557.jpg,masks/ISIC_0029557_segmentation.png
4496,train,ISIC_0033099,images/ISIC_0033099.jpg,masks/ISIC_0033099_segmentation.png
4497,train,ISIC_0029374,images/ISIC_0029374.jpg,masks/ISIC_0029374_segmentation.png
4498,train,ISIC_0029981,images/ISIC_0029981.jpg,masks/ISIC_0029981_segmentation.png
4499,train,ISIC_0029122,images/ISIC_0029122.jpg,masks/ISIC_0029122_segmentation.png
4500,train,ISIC_0029264,images/ISIC_0029264.jpg,masks/ISIC_0029264_segmentation.png
4501,train,ISIC_0031676,images/ISIC_0031676.jpg,masks/ISIC_0031676_segmentation.png
4502,train,ISIC_0031606,images/ISIC_0031606.jpg,masks/ISIC_0031606_segmentation.png
4503,train,ISIC_0025803,images/ISIC_0025803.jpg,masks/ISIC_0025803_segmentation.png
4504,train,ISIC_0032429,images/ISIC_0032429.jpg,masks/ISIC_0032429_segmentation.png
4505,train,ISIC_0028382,images/ISIC_0028382.jpg,masks/ISIC_0028382_segmentation.png
4506,train,ISIC_0028588,images/ISIC_0028588.jpg,masks/ISIC_0028588_segmentation.png
4507,train,ISIC_0028017,images/ISIC_0028017.jpg,masks/ISIC_0028017_segmentation.png
4508,train,ISIC_0026386,images/ISIC_0026386.jpg,masks/ISIC_0026386_segmentation.png
4509,train,ISIC_0028794,images/ISIC_0028794.jpg,masks/ISIC_0028794_segmentation.png
4510,train,ISIC_0031525,images/ISIC_0031525.jpg,masks/ISIC_0031525_segmentation.png
4511,train,ISIC_0030630,images/ISIC_0030630.jpg,masks/ISIC_0030630_segmentation.png
4512,train,ISIC_0026207,images/ISIC_0026207.jpg,masks/ISIC_0026207_segmentation.png
4513,train,ISIC_0033698,images/ISIC_0033698.jpg,masks/ISIC_0033698_segmentation.png
4514,train,ISIC_0024587,images/ISIC_0024587.jpg,masks/ISIC_0024587_segmentation.png
4515,train,ISIC_0028893,images/ISIC_0028893.jpg,masks/ISIC_0028893_segmentation.png
4516,train,ISIC_0025745,images/ISIC_0025745.jpg,masks/ISIC_0025745_segmentation.png
4517,train,ISIC_0028875,images/ISIC_0028875.jpg,masks/ISIC_0028875_segmentation.png
4518,train,ISIC_0028663,images/ISIC_0028663.jpg,masks/ISIC_0028663_segmentation.png
4519,train,ISIC_0025857,images/ISIC_0025857.jpg,masks/ISIC_0025857_segmentation.png
4520,train,ISIC_0024399,images/ISIC_0024399.jpg,masks/ISIC_0024399_segmentation.png
4521,train,ISIC_0029962,images/ISIC_0029962.jpg,masks/ISIC_0029962_segmentation.png
4522,train,ISIC_0024547,images/ISIC_0024547.jpg,masks/ISIC_0024547_segmentation.png
4523,train,ISIC_0027392,images/ISIC_0027392.jpg,masks/ISIC_0027392_segmentation.png
4524,train,ISIC_0028644,images/ISIC_0028644.jpg,masks/ISIC_0028644_segmentation.png
4525,train,ISIC_0026166,images/ISIC_0026166.jpg,masks/ISIC_0026166_segmentation.png
4526,train,ISIC_0031105,images/ISIC_0031105.jpg,masks/ISIC_0031105_segmentation.png
4527,train,ISIC_0034185,images/ISIC_0034185.jpg,masks/ISIC_0034185_segmentation.png
4528,train,ISIC_0027386,images/ISIC_0027386.jpg,masks/ISIC_0027386_segmentation.png
4529,train,ISIC_0028125,images/ISIC_0028125.jpg,masks/ISIC_0028125_segmentation.png
4530,train,ISIC_0029061,images/ISIC_0029061.jpg,masks/ISIC_0029061_segmentation.png
4531,train,ISIC_0025296,images/ISIC_0025296.jpg,masks/ISIC_0025296_segmentation.png
4532,train,ISIC_0030098,images/ISIC_0030098.jpg,masks/ISIC_0030098_segmentation.png
4533,train,ISIC_0030170,images/ISIC_0030170.jpg,masks/ISIC_0030170_segmentation.png
4534,train,ISIC_0028497,images/ISIC_0028497.jpg,masks/ISIC_0028497_segmentation.png
4535,train,ISIC_0026725,images/ISIC_0026725.jpg,masks/ISIC_0026725_segmentation.png
4536,train,ISIC_0025543,images/ISIC_0025543.jpg,masks/ISIC_0025543_segmentation.png
4537,train,ISIC_0028951,images/ISIC_0028951.jpg,masks/ISIC_0028951_segmentation.png
4538,train,ISIC_0030696,images/ISIC_0030696.jpg,masks/ISIC_0030696_segmentation.png
4539,train,ISIC_0029713,images/ISIC_0029713.jpg,masks/ISIC_0029713_segmentation.png
4540,train,ISIC_0031678,images/ISIC_0031678.jpg,masks/ISIC_0031678_segmentation.png
4541,train,ISIC_0031519,images/ISIC_0031519.jpg,masks/ISIC_0031519_segmentation.png
4542,train,ISIC_0025775,images/ISIC_0025775.jpg,masks/ISIC_0025775_segmentation.png
4543,train,ISIC_0033896,images/ISIC_0033896.jpg,masks/ISIC_0033896_segmentation.png
4544,train,ISIC_0028302,images/ISIC_0028302.jpg,masks/ISIC_0028302_segmentation.png
4545,train,ISIC_0031539,images/ISIC_0031539.jpg,masks/ISIC_0031539_segmentation.png
4546,train,ISIC_0030125,images/ISIC_0030125.jpg,masks/ISIC_0030125_segmentation.png
4547,train,ISIC_0028188,images/ISIC_0028188.jpg,masks/ISIC_0028188_segmentation.png
4548,train,ISIC_0030420,images/ISIC_0030420.jpg,masks/ISIC_0030420_segmentation.png
4549,train,ISIC_0028407,images/ISIC_0028407.jpg,masks/ISIC_0028407_segmentation.png
4550,train,ISIC_0025877,images/ISIC_0025877.jpg,masks/ISIC_0025877_segmentation.png
4551,train,ISIC_0031411,images/ISIC_0031411.jpg,masks/ISIC_0031411_segmentation.png
4552,train,ISIC_0024424,images/ISIC_0024424.jpg,masks/ISIC_0024424_segmentation.png
4553,train,ISIC_0025814,images/ISIC_0025814.jpg,masks/ISIC_0025814_segmentation.png
4554,train,ISIC_0032367,images/ISIC_0032367.jpg,masks/ISIC_0032367_segmentation.png
4555,train,ISIC_0024856,images/ISIC_0024856.jpg,masks/ISIC_0024856_segmentation.png
4556,train,ISIC_0032213,images/ISIC_0032213.jpg,masks/ISIC_0032213_segmentation.png
4557,train,ISIC_0029368,images/ISIC_0029368.jpg,masks/ISIC_0029368_segmentation.png
4558,train,ISIC_0029221,images/ISIC_0029221.jpg,masks/ISIC_0029221_segmentation.png
4559,train,ISIC_0032326,images/ISIC_0032326.jpg,masks/ISIC_0032326_segmentation.png
4560,train,ISIC_0032312,images/ISIC_0032312.jpg,masks/ISIC_0032312_segmentation.png
4561,train,ISIC_0025122,images/ISIC_0025122.jpg,masks/ISIC_0025122_segmentation.png
4562,train,ISIC_0032397,images/ISIC_0032397.jpg,masks/ISIC_0032397_segmentation.png
4563,train,ISIC_0028085,images/ISIC_0028085.jpg,masks/ISIC_0028085_segmentation.png
4564,train,ISIC_0030846,images/ISIC_0030846.jpg,masks/ISIC_0030846_segmentation.png
4565,train,ISIC_0032478,images/ISIC_0032478.jpg,masks/ISIC_0032478_segmentation.png
4566,train,ISIC_0028694,images/ISIC_0028694.jpg,masks/ISIC_0028694_segmentation.png
4567,train,ISIC_0026658,images/ISIC_0026658.jpg,masks/ISIC_0026658_segmentation.png
4568,train,ISIC_0029767,images/ISIC_0029767.jpg,masks/ISIC_0029767_segmentation.png
4569,train,ISIC_0026185,images/ISIC_0026185.jpg,masks/ISIC_0026185_segmentation.png
4570,train,ISIC_0028076,images/ISIC_0028076.jpg,masks/ISIC_0028076_segmentation.png
4571,train,ISIC_0027156,images/ISIC_0027156.jpg,masks/ISIC_0027156_segmentation.png
4572,train,ISIC_0031302,images/ISIC_0031302.jpg,masks/ISIC_0031302_segmentation.png
4573,train,ISIC_0031262,images/ISIC_0031262.jpg,masks/ISIC_0031262_segmentation.png
4574,train,ISIC_0024651,images/ISIC_0024651.jpg,masks/ISIC_0024651_segmentation.png
4575,train,ISIC_0027318,images/ISIC_0027318.jpg,masks/ISIC_0027318_segmentation.png
4576,train,ISIC_0027685,images/ISIC_0027685.jpg,masks/ISIC_0027685_segmentation.png
4577,train,ISIC_0028958,images/ISIC_0028958.jpg,masks/ISIC_0028958_segmentation.png
4578,train,ISIC_0030091,images/ISIC_0030091.jpg,masks/ISIC_0030091_segmentation.png
4579,train,ISIC_0027482,images/ISIC_0027482.jpg,masks/ISIC_0027482_segmentation.png
4580,train,ISIC_0029205,images/ISIC_0029205.jpg,masks/ISIC_0029205_segmentation.png
4581,train,ISIC_0027174,images/ISIC_0027174.jpg,masks/ISIC_0027174_segmentation.png
4582,train,ISIC_0027795,images/ISIC_0027795.jpg,masks/ISIC_0027795_segmentation.png
4583,train,ISIC_0029731,images/ISIC_0029731.jpg,masks/ISIC_0029731_segmentation.png
4584,train,ISIC_0029976,images/ISIC_0029976.jpg,masks/ISIC_0029976_segmentation.png
4585,train,ISIC_0025975,images/ISIC_0025975.jpg,masks/ISIC_0025975_segmentation.png
4586,train,ISIC_0026472,images/ISIC_0026472.jpg,masks/ISIC_0026472_segmentation.png
4587,train,ISIC_0025077,images/ISIC_0025077.jpg,masks/ISIC_0025077_segmentation.png
4588,train,ISIC_0028201,images/ISIC_0028201.jpg,masks/ISIC_0028201_segmentation.png
4589,train,ISIC_0024566,images/ISIC_0024566.jpg,masks/ISIC_0024566_segmentation.png
4590,train,ISIC_0029083,images/ISIC_0029083.jpg,masks/ISIC_0029083_segmentation.png
4591,train,ISIC_0024635,images/ISIC_0024635.jpg,masks/ISIC_0024635_segmentation.png
4592,train,ISIC_0031306,images/ISIC_0031306.jpg,masks/ISIC_0031306_segmentation.png
4593,train,ISIC_0033088,images/ISIC_0033088.jpg,masks/ISIC_0033088_segmentation.png
4594,train,ISIC_0025536,images/ISIC_0025536.jpg,masks/ISIC_0025536_segmentation.png
4595,train,ISIC_0028584,images/ISIC_0028584.jpg,masks/ISIC_0028584_segmentation.png
4596,train,ISIC_0028395,images/ISIC_0028395.jpg,masks/ISIC_0028395_segmentation.png
4597,train,ISIC_0028083,images/ISIC_0028083.jpg,masks/ISIC_0028083_segmentation.png
4598,train,ISIC_0032374,images/ISIC_0032374.jpg,masks/ISIC_0032374_segmentation.png
4599,train,ISIC_0028399,images/ISIC_0028399.jpg,masks/ISIC_0028399_segmentation.png
4600,train,ISIC_0033706,images/ISIC_0033706.jpg,masks/ISIC_0033706_segmentation.png
4601,train,ISIC_0030053,images/ISIC_0030053.jpg,masks/ISIC_0030053_segmentation.png
4602,train,ISIC_0024933,images/ISIC_0024933.jpg,masks/ISIC_0024933_segmentation.png
4603,train,ISIC_0029717,images/ISIC_0029717.jpg,masks/ISIC_0029717_segmentation.png
4604,train,ISIC_0028812,images/ISIC_0028812.jpg,masks/ISIC_0028812_segmentation.png
4605,train,ISIC_0028691,images/ISIC_0028691.jpg,masks/ISIC_0028691_segmentation.png
4606,train,ISIC_0029282,images/ISIC_0029282.jpg,masks/ISIC_0029282_segmentation.png
4607,train,ISIC_0025996,images/ISIC_0025996.jpg,masks/ISIC_0025996_segmentation.png
4608,train,ISIC_0028309,images/ISIC_0028309.jpg,masks/ISIC_0028309_segmentation.png
4609,train,ISIC_0026537,images/ISIC_0026537.jpg,masks/ISIC_0026537_segmentation.png
4610,train,ISIC_0028712,images/ISIC_0028712.jpg,masks/ISIC_0028712_segmentation.png
4611,train,ISIC_0033883,images/ISIC_0033883.jpg,masks/ISIC_0033883_segmentation.png
4612,train,ISIC_0032083,images/ISIC_0032083.jpg,masks/ISIC_0032083_segmentation.png
4613,train,ISIC_0032791,images/ISIC_0032791.jpg,masks/ISIC_0032791_segmentation.png
4614,train,ISIC_0027299,images/ISIC_0027299.jpg,masks/ISIC_0027299_segmentation.png
4615,train,ISIC_0031484,images/ISIC_0031484.jpg,masks/ISIC_0031484_segmentation.png
4616,train,ISIC_0033334,images/ISIC_0033334.jpg,masks/ISIC_0033334_segmentation.png
4617,train,ISIC_0029392,images/ISIC_0029392.jpg,masks/ISIC_0029392_segmentation.png
4618,train,ISIC_0029764,images/ISIC_0029764.jpg,masks/ISIC_0029764_segmentation.png
4619,train,ISIC_0032816,images/ISIC_0032816.jpg,masks/ISIC_0032816_segmentation.png
4620,train,ISIC_0034041,images/ISIC_0034041.jpg,masks/ISIC_0034041_segmentation.png
4621,train,ISIC_0025780,images/ISIC_0025780.jpg,masks/ISIC_0025780_segmentation.png
4622,train,ISIC_0024477,images/ISIC_0024477.jpg,masks/ISIC_0024477_segmentation.png
4623,train,ISIC_0032620,images/ISIC_0032620.jpg,masks/ISIC_0032620_segmentation.png
4624,train,ISIC_0027056,images/ISIC_0027056.jpg,masks/ISIC_0027056_segmentation.png
4625,train,ISIC_0028068,images/ISIC_0028068.jpg,masks/ISIC_0028068_segmentation.png
4626,train,ISIC_0028942,images/ISIC_0028942.jpg,masks/ISIC_0028942_segmentation.png
4627,train,ISIC_0033098,images/ISIC_0033098.jpg,masks/ISIC_0033098_segmentation.png
4628,train,ISIC_0033761,images/ISIC_0033761.jpg,masks/ISIC_0033761_segmentation.png
4629,train,ISIC_0031775,images/ISIC_0031775.jpg,masks/ISIC_0031775_segmentation.png
4630,train,ISIC_0026677,images/ISIC_0026677.jpg,masks/ISIC_0026677_segmentation.png
4631,train,ISIC_0029876,images/ISIC_0029876.jpg,masks/ISIC_0029876_segmentation.png
4632,train,ISIC_0027089,images/ISIC_0027089.jpg,masks/ISIC_0027089_segmentation.png
4633,train,ISIC_0025142,images/ISIC_0025142.jpg,masks/ISIC_0025142_segmentation.png
4634,train,ISIC_0027155,images/ISIC_0027155.jpg,masks/ISIC_0027155_segmentation.png
4635,train,ISIC_0030217,images/ISIC_0030217.jpg,masks/ISIC_0030217_segmentation.png
4636,train,ISIC_0029098,images/ISIC_0029098.jpg,masks/ISIC_0029098_segmentation.png
4637,train,ISIC_0026053,images/ISIC_0026053.jpg,masks/ISIC_0026053_segmentation.png
4638,train,ISIC_0033598,images/ISIC_0033598.jpg,masks/ISIC_0033598_segmentation.png
4639,train,ISIC_0033456,images/ISIC_0033456.jpg,masks/ISIC_0033456_segmentation.png
4640,train,ISIC_0031509,images/ISIC_0031509.jpg,masks/ISIC_0031509_segmentation.png
4641,train,ISIC_0025235,images/ISIC_0025235.jpg,masks/ISIC_0025235_segmentation.png
4642,train,ISIC_0032469,images/ISIC_0032469.jpg,masks/ISIC_0032469_segmentation.png
4643,train,ISIC_0031089,images/ISIC_0031089.jpg,masks/ISIC_0031089_segmentation.png
4644,train,ISIC_0024915,images/ISIC_0024915.jpg,masks/ISIC_0024915_segmentation.png
4645,train,ISIC_0031826,images/ISIC_0031826.jpg,masks/ISIC_0031826_segmentation.png
4646,train,ISIC_0032900,images/ISIC_0032900.jpg,masks/ISIC_0032900_segmentation.png
4647,train,ISIC_0027367,images/ISIC_0027367.jpg,masks/ISIC_0027367_segmentation.png
4648,train,ISIC_0030778,images/ISIC_0030778.jpg,masks/ISIC_0030778_segmentation.png
4649,train,ISIC_0033734,images/ISIC_0033734.jpg,masks/ISIC_0033734_segmentation.png
4650,train,ISIC_0030530,images/ISIC_0030530.jpg,masks/ISIC_0030530_segmentation.png
4651,train,ISIC_0032151,images/ISIC_0032151.jpg,masks/ISIC_0032151_segmentation.png
4652,train,ISIC_0033457,images/ISIC_0033457.jpg,masks/ISIC_0033457_segmentation.png
4653,train,ISIC_0028707,images/ISIC_0028707.jpg,masks/ISIC_0028707_segmentation.png
4654,train,ISIC_0032200,images/ISIC_0032200.jpg,masks/ISIC_0032200_segmentation.png
4655,train,ISIC_0028602,images/ISIC_0028602.jpg,masks/ISIC_0028602_segmentation.png
4656,train,ISIC_0028237,images/ISIC_0028237.jpg,masks/ISIC_0028237_segmentation.png
4657,train,ISIC_0032413,images/ISIC_0032413.jpg,masks/ISIC_0032413_segmentation.png
4658,train,ISIC_0031627,images/ISIC_0031627.jpg,masks/ISIC_0031627_segmentation.png
4659,train,ISIC_0026694,images/ISIC_0026694.jpg,masks/ISIC_0026694_segmentation.png
4660,train,ISIC_0025078,images/ISIC_0025078.jpg,masks/ISIC_0025078_segmentation.png
4661,train,ISIC_0029868,images/ISIC_0029868.jpg,masks/ISIC_0029868_segmentation.png
4662,train,ISIC_0026223,images/ISIC_0026223.jpg,masks/ISIC_0026223_segmentation.png
4663,train,ISIC_0024383,images/ISIC_0024383.jpg,masks/ISIC_0024383_segmentation.png
4664,train,ISIC_0034088,images/ISIC_0034088.jpg,masks/ISIC_0034088_segmentation.png
4665,train,ISIC_0026260,images/ISIC_0026260.jpg,masks/ISIC_0026260_segmentation.png
4666,train,ISIC_0025157,images/ISIC_0025157.jpg,masks/ISIC_0025157_segmentation.png
4667,train,ISIC_0029112,images/ISIC_0029112.jpg,masks/ISIC_0029112_segmentation.png
4668,train,ISIC_0026786,images/ISIC_0026786.jpg,masks/ISIC_0026786_segmentation.png
4669,train,ISIC_0030709,images/ISIC_0030709.jpg,masks/ISIC_0030709_segmentation.png
4670,train,ISIC_0030213,images/ISIC_0030213.jpg,masks/ISIC_0030213_segmentation.png
4671,train,ISIC_0027729,images/ISIC_0027729.jpg,masks/ISIC_0027729_segmentation.png
4672,train,ISIC_0032086,images/ISIC_0032086.jpg,masks/ISIC_0032086_segmentation.png
4673,train,ISIC_0026077,images/ISIC_0026077.jpg,masks/ISIC_0026077_segmentation.png
4674,train,ISIC_0033303,images/ISIC_0033303.jpg,masks/ISIC_0033303_segmentation.png
4675,train,ISIC_0025340,images/ISIC_0025340.jpg,masks/ISIC_0025340_segmentation.png
4676,train,ISIC_0032258,images/ISIC_0032258.jpg,masks/ISIC_0032258_segmentation.png
4677,train,ISIC_0025103,images/ISIC_0025103.jpg,masks/ISIC_0025103_segmentation.png
4678,train,ISIC_0029773,images/ISIC_0029773.jpg,masks/ISIC_0029773_segmentation.png
4679,train,ISIC_0032889,images/ISIC_0032889.jpg,masks/ISIC_0032889_segmentation.png
4680,train,ISIC_0031948,images/ISIC_0031948.jpg,masks/ISIC_0031948_segmentation.png
4681,train,ISIC_0030252,images/ISIC_0030252.jpg,masks/ISIC_0030252_segmentation.png
4682,train,ISIC_0025989,images/ISIC_0025989.jpg,masks/ISIC_0025989_segmentation.png
4683,train,ISIC_0026663,images/ISIC_0026663.jpg,masks/ISIC_0026663_segmentation.png
4684,train,ISIC_0027686,images/ISIC_0027686.jpg,masks/ISIC_0027686_segmentation.png
4685,train,ISIC_0029576,images/ISIC_0029576.jpg,masks/ISIC_0029576_segmentation.png
4686,train,ISIC_0034010,images/ISIC_0034010.jpg,masks/ISIC_0034010_segmentation.png
4687,train,ISIC_0029894,images/ISIC_0029894.jpg,masks/ISIC_0029894_segmentation.png
4688,train,ISIC_0032270,images/ISIC_0032270.jpg,masks/ISIC_0032270_segmentation.png
4689,train,ISIC_0034014,images/ISIC_0034014.jpg,masks/ISIC_0034014_segmentation.png
4690,train,ISIC_0025139,images/ISIC_0025139.jpg,masks/ISIC_0025139_segmentation.png
4691,train,ISIC_0032941,images/ISIC_0032941.jpg,masks/ISIC_0032941_segmentation.png
4692,train,ISIC_0026847,images/ISIC_0026847.jpg,masks/ISIC_0026847_segmentation.png
4693,train,ISIC_0030874,images/ISIC_0030874.jpg,masks/ISIC_0030874_segmentation.png
4694,train,ISIC_0032155,images/ISIC_0032155.jpg,masks/ISIC_0032155_segmentation.png
4695,train,ISIC_0027406,images/ISIC_0027406.jpg,masks/ISIC_0027406_segmentation.png
4696,train,ISIC_0026683,images/ISIC_0026683.jpg,masks/ISIC_0026683_segmentation.png
4697,train,ISIC_0028476,images/ISIC_0028476.jpg,masks/ISIC_0028476_segmentation.png
4698,train,ISIC_0032659,images/ISIC_0032659.jpg,masks/ISIC_0032659_segmentation.png
4699,train,ISIC_0032127,images/ISIC_0032127.jpg,masks/ISIC_0032127_segmentation.png
4700,train,ISIC_0033905,images/ISIC_0033905.jpg,masks/ISIC_0033905_segmentation.png
4701,train,ISIC_0028155,images/ISIC_0028155.jpg,masks/ISIC_0028155_segmentation.png
4702,train,ISIC_0027628,images/ISIC_0027628.jpg,masks/ISIC_0027628_segmentation.png
4703,train,ISIC_0031357,images/ISIC_0031357.jpg,masks/ISIC_0031357_segmentation.png
4704,train,ISIC_0026730,images/ISIC_0026730.jpg,masks/ISIC_0026730_segmentation.png
4705,train,ISIC_0026311,images/ISIC_0026311.jpg,masks/ISIC_0026311_segmentation.png
4706,train,ISIC_0027004,images/ISIC_0027004.jpg,masks/ISIC_0027004_segmentation.png
4707,train,ISIC_0033197,images/ISIC_0033197.jpg,masks/ISIC_0033197_segmentation.png
4708,train,ISIC_0026468,images/ISIC_0026468.jpg,masks/ISIC_0026468_segmentation.png
4709,train,ISIC_0028095,images/ISIC_0028095.jpg,masks/ISIC_0028095_segmentation.png
4710,train,ISIC_0033266,images/ISIC_0033266.jpg,masks/ISIC_0033266_segmentation.png
4711,train,ISIC_0026917,images/ISIC_0026917.jpg,masks/ISIC_0026917_segmentation.png
4712,train,ISIC_0026581,images/ISIC_0026581.jpg,masks/ISIC_0026581_segmentation.png
4713,train,ISIC_0032318,images/ISIC_0032318.jpg,masks/ISIC_0032318_segmentation.png
4714,train,ISIC_0026001,images/ISIC_0026001.jpg,masks/ISIC_0026001_segmentation.png
4715,train,ISIC_0033115,images/ISIC_0033115.jpg,masks/ISIC_0033115_segmentation.png
4716,train,ISIC_0028803,images/ISIC_0028803.jpg,masks/ISIC_0028803_segmentation.png
4717,train,ISIC_0026933,images/ISIC_0026933.jpg,masks/ISIC_0026933_segmentation.png
4718,train,ISIC_0027945,images/ISIC_0027945.jpg,masks/ISIC_0027945_segmentation.png
4719,train,ISIC_0027697,images/ISIC_0027697.jpg,masks/ISIC_0027697_segmentation.png
4720,train,ISIC_0028225,images/ISIC_0028225.jpg,masks/ISIC_0028225_segmentation.png
4721,train,ISIC_0033501,images/ISIC_0033501.jpg,masks/ISIC_0033501_segmentation.png
4722,train,ISIC_0024421,images/ISIC_0024421.jpg,masks/ISIC_0024421_segmentation.png
4723,train,ISIC_0027908,images/ISIC_0027908.jpg,masks/ISIC_0027908_segmentation.png
4724,train,ISIC_0027357,images/ISIC_0027357.jpg,masks/ISIC_0027357_segmentation.png
4725,train,ISIC_0025552,images/ISIC_0025552.jpg,masks/ISIC_0025552_segmentation.png
4726,train,ISIC_0029186,images/ISIC_0029186.jpg,masks/ISIC_0029186_segmentation.png
4727,train,ISIC_0032615,images/ISIC_0032615.jpg,masks/ISIC_0032615_segmentation.png
4728,train,ISIC_0027676,images/ISIC_0027676.jpg,masks/ISIC_0027676_segmentation.png
4729,train,ISIC_0031810,images/ISIC_0031810.jpg,masks/ISIC_0031810_segmentation.png
4730,train,ISIC_0031068,images/ISIC_0031068.jpg,masks/ISIC_0031068_segmentation.png
4731,train,ISIC_0025396,images/ISIC_0025396.jpg,masks/ISIC_0025396_segmentation.png
4732,train,ISIC_0032835,images/ISIC_0032835.jpg,masks/ISIC_0032835_segmentation.png
4733,train,ISIC_0032178,images/ISIC_0032178.jpg,masks/ISIC_0032178_segmentation.png
4734,train,ISIC_0032974,images/ISIC_0032974.jpg,masks/ISIC_0032974_segmentation.png
4735,train,ISIC_0030054,images/ISIC_0030054.jpg,masks/ISIC_0030054_segmentation.png
4736,train,ISIC_0026113,images/ISIC_0026113.jpg,masks/ISIC_0026113_segmentation.png
4737,train,ISIC_0033286,images/ISIC_0033286.jpg,masks/ISIC_0033286_segmentation.png
4738,train,ISIC_0024466,images/ISIC_0024466.jpg,masks/ISIC_0024466_segmentation.png
4739,train,ISIC_0028888,images/ISIC_0028888.jpg,masks/ISIC_0028888_segmentation.png
4740,train,ISIC_0033043,images/ISIC_0033043.jpg,masks/ISIC_0033043_segmentation.png
4741,train,ISIC_0029793,images/ISIC_0029793.jpg,masks/ISIC_0029793_segmentation.png
4742,train,ISIC_0026049,images/ISIC_0026049.jpg,masks/ISIC_0026049_segmentation.png
4743,train,ISIC_0024567,images/ISIC_0024567.jpg,masks/ISIC_0024567_segmentation.png
4744,train,ISIC_0033843,images/ISIC_0033843.jpg,masks/ISIC_0033843_segmentation.png
4745,train,ISIC_0026978,images/ISIC_0026978.jpg,masks/ISIC_0026978_segmentation.png
4746,train,ISIC_0027076,images/ISIC_0027076.jpg,masks/ISIC_0027076_segmentation.png
4747,train,ISIC_0033199,images/ISIC_0033199.jpg,masks/ISIC_0033199_segmentation.png
4748,train,ISIC_0027916,images/ISIC_0027916.jpg,masks/ISIC_0027916_segmentation.png
4749,train,ISIC_0026785,images/ISIC_0026785.jpg,masks/ISIC_0026785_segmentation.png
4750,train,ISIC_0030361,images/ISIC_0030361.jpg,masks/ISIC_0030361_segmentation.png
4751,train,ISIC_0033006,images/ISIC_0033006.jpg,masks/ISIC_0033006_segmentation.png
4752,train,ISIC_0034032,images/ISIC_0034032.jpg,masks/ISIC_0034032_segmentation.png
4753,train,ISIC_0029456,images/ISIC_0029456.jpg,masks/ISIC_0029456_segmentation.png
4754,train,ISIC_0031760,images/ISIC_0031760.jpg,masks/ISIC_0031760_segmentation.png
4755,train,ISIC_0032797,images/ISIC_0032797.jpg,masks/ISIC_0032797_segmentation.png
4756,train,ISIC_0027487,images/ISIC_0027487.jpg,masks/ISIC_0027487_segmentation.png
4757,train,ISIC_0025233,images/ISIC_0025233.jpg,masks/ISIC_0025233_segmentation.png
4758,train,ISIC_0026572,images/ISIC_0026572.jpg,masks/ISIC_0026572_segmentation.png
4759,train,ISIC_0031481,images/ISIC_0031481.jpg,masks/ISIC_0031481_segmentation.png
4760,train,ISIC_0027182,images/ISIC_0027182.jpg,masks/ISIC_0027182_segmentation.png
4761,train,ISIC_0031433,images/ISIC_0031433.jpg,masks/ISIC_0031433_segmentation.png
4762,train,ISIC_0032090,images/ISIC_0032090.jpg,masks/ISIC_0032090_segmentation.png
4763,train,ISIC_0028349,images/ISIC_0028349.jpg,masks/ISIC_0028349_segmentation.png
4764,train,ISIC_0025269,images/ISIC_0025269.jpg,masks/ISIC_0025269_segmentation.png
4765,train,ISIC_0034043,images/ISIC_0034043.jpg,masks/ISIC_0034043_segmentation.png
4766,train,ISIC_0031683,images/ISIC_0031683.jpg,masks/ISIC_0031683_segmentation.png
4767,train,ISIC_0024866,images/ISIC_0024866.jpg,masks/ISIC_0024866_segmentation.png
4768,train,ISIC_0025150,images/ISIC_0025150.jpg,masks/ISIC_0025150_segmentation.png
4769,train,ISIC_0028001,images/ISIC_0028001.jpg,masks/ISIC_0028001_segmentation.png
4770,train,ISIC_0028760,images/ISIC_0028760.jpg,masks/ISIC_0028760_segmentation.png
4771,train,ISIC_0032946,images/ISIC_0032946.jpg,masks/ISIC_0032946_segmentation.png
4772,train,ISIC_0027655,images/ISIC_0027655.jpg,masks/ISIC_0027655_segmentation.png
4773,train,ISIC_0031675,images/ISIC_0031675.jpg,masks/ISIC_0031675_segmentation.png
4774,train,ISIC_0033464,images/ISIC_0033464.jpg,masks/ISIC_0033464_segmentation.png
4775,train,ISIC_0026067,images/ISIC_0026067.jpg,masks/ISIC_0026067_segmentation.png
4776,train,ISIC_0030813,images/ISIC_0030813.jpg,masks/ISIC_0030813_segmentation.png
4777,train,ISIC_0031771,images/ISIC_0031771.jpg,masks/ISIC_0031771_segmentation.png
4778,train,ISIC_0032693,images/ISIC_0032693.jpg,masks/ISIC_0032693_segmentation.png
4779,train,ISIC_0026765,images/ISIC_0026765.jpg,masks/ISIC_0026765_segmentation.png
4780,train,ISIC_0030019,images/ISIC_0030019.jpg,masks/ISIC_0030019_segmentation.png
4781,train,ISIC_0029322,images/ISIC_0029322.jpg,masks/ISIC_0029322_segmentation.png
4782,train,ISIC_0026189,images/ISIC_0026189.jpg,masks/ISIC_0026189_segmentation.png
4783,train,ISIC_0031076,images/ISIC_0031076.jpg,masks/ISIC_0031076_segmentation.png
4784,train,ISIC_0029020,images/ISIC_0029020.jpg,masks/ISIC_0029020_segmentation.png
4785,train,ISIC_0033188,images/ISIC_0033188.jpg,masks/ISIC_0033188_segmentation.png
4786,train,ISIC_0028308,images/ISIC_0028308.jpg,masks/ISIC_0028308_segmentation.png
4787,train,ISIC_0026830,images/ISIC_0026830.jpg,masks/ISIC_0026830_segmentation.png
4788,train,ISIC_0029219,images/ISIC_0029219.jpg,masks/ISIC_0029219_segmentation.png
4789,train,ISIC_0034236,images/ISIC_0034236.jpg,masks/ISIC_0034236_segmentation.png
4790,train,ISIC_0032435,images/ISIC_0032435.jpg,masks/ISIC_0032435_segmentation.png
4791,train,ISIC_0025625,images/ISIC_0025625.jpg,masks/ISIC_0025625_segmentation.png
4792,train,ISIC_0025302,images/ISIC_0025302.jpg,masks/ISIC_0025302_segmentation.png
4793,train,ISIC_0027208,images/ISIC_0027208.jpg,masks/ISIC_0027208_segmentation.png
4794,train,ISIC_0025794,images/ISIC_0025794.jpg,masks/ISIC_0025794_segmentation.png
4795,train,ISIC_0029340,images/ISIC_0029340.jpg,masks/ISIC_0029340_segmentation.png
4796,train,ISIC_0026557,images/ISIC_0026557.jpg,masks/ISIC_0026557_segmentation.png
4797,train,ISIC_0029774,images/ISIC_0029774.jpg,masks/ISIC_0029774_segmentation.png
4798,train,ISIC_0027284,images/ISIC_0027284.jpg,masks/ISIC_0027284_segmentation.png
4799,train,ISIC_0033827,images/ISIC_0033827.jpg,masks/ISIC_0033827_segmentation.png
4800,train,ISIC_0026316,images/ISIC_0026316.jpg,masks/ISIC_0026316_segmentation.png
4801,train,ISIC_0030459,images/ISIC_0030459.jpg,masks/ISIC_0030459_segmentation.png
4802,train,ISIC_0028445,images/ISIC_0028445.jpg,masks/ISIC_0028445_segmentation.png
4803,train,ISIC_0027961,images/ISIC_0027961.jpg,masks/ISIC_0027961_segmentation.png
4804,train,ISIC_0031182,images/ISIC_0031182.jpg,masks/ISIC_0031182_segmentation.png
4805,train,ISIC_0024600,images/ISIC_0024600.jpg,masks/ISIC_0024600_segmentation.png
4806,train,ISIC_0033519,images/ISIC_0033519.jpg,masks/ISIC_0033519_segmentation.png
4807,train,ISIC_0029580,images/ISIC_0029580.jpg,masks/ISIC_0029580_segmentation.png
4808,train,ISIC_0033040,images/ISIC_0033040.jpg,masks/ISIC_0033040_segmentation.png
4809,train,ISIC_0024963,images/ISIC_0024963.jpg,masks/ISIC_0024963_segmentation.png
4810,train,ISIC_0024343,images/ISIC_0024343.jpg,masks/ISIC_0024343_segmentation.png
4811,train,ISIC_0027595,images/ISIC_0027595.jpg,masks/ISIC_0027595_segmentation.png
4812,train,ISIC_0026351,images/ISIC_0026351.jpg,masks/ISIC_0026351_segmentation.png
4813,train,ISIC_0026996,images/ISIC_0026996.jpg,masks/ISIC_0026996_segmentation.png
4814,train,ISIC_0024726,images/ISIC_0024726.jpg,masks/ISIC_0024726_segmentation.png
4815,train,ISIC_0027763,images/ISIC_0027763.jpg,masks/ISIC_0027763_segmentation.png
4816,train,ISIC_0025375,images/ISIC_0025375.jpg,masks/ISIC_0025375_segmentation.png
4817,train,ISIC_0034146,images/ISIC_0034146.jpg,masks/ISIC_0034146_segmentation.png
4818,train,ISIC_0032701,images/ISIC_0032701.jpg,masks/ISIC_0032701_segmentation.png
4819,train,ISIC_0033194,images/ISIC_0033194.jpg,masks/ISIC_0033194_segmentation.png
4820,train,ISIC_0026570,images/ISIC_0026570.jpg,masks/ISIC_0026570_segmentation.png
4821,train,ISIC_0031332,images/ISIC_0031332.jpg,masks/ISIC_0031332_segmentation.png
4822,train,ISIC_0031093,images/ISIC_0031093.jpg,masks/ISIC_0031093_segmentation.png
4823,train,ISIC_0025953,images/ISIC_0025953.jpg,masks/ISIC_0025953_segmentation.png
4824,train,ISIC_0026692,images/ISIC_0026692.jpg,masks/ISIC_0026692_segmentation.png
4825,train,ISIC_0029765,images/ISIC_0029765.jpg,masks/ISIC_0029765_segmentation.png
4826,train,ISIC_0030744,images/ISIC_0030744.jpg,masks/ISIC_0030744_segmentation.png
4827,train,ISIC_0027934,images/ISIC_0027934.jpg,masks/ISIC_0027934_segmentation.png
4828,train,ISIC_0025003,images/ISIC_0025003.jpg,masks/ISIC_0025003_segmentation.png
4829,train,ISIC_0034163,images/ISIC_0034163.jpg,masks/ISIC_0034163_segmentation.png
4830,train,ISIC_0028041,images/ISIC_0028041.jpg,masks/ISIC_0028041_segmentation.png
4831,train,ISIC_0024965,images/ISIC_0024965.jpg,masks/ISIC_0024965_segmentation.png
4832,train,ISIC_0024970,images/ISIC_0024970.jpg,masks/ISIC_0024970_segmentation.png
4833,train,ISIC_0033611,images/ISIC_0033611.jpg,masks/ISIC_0033611_segmentation.png
4834,train,ISIC_0027994,images/ISIC_0027994.jpg,masks/ISIC_0027994_segmentation.png
4835,train,ISIC_0030569,images/ISIC_0030569.jpg,masks/ISIC_0030569_segmentation.png
4836,train,ISIC_0032972,images/ISIC_0032972.jpg,masks/ISIC_0032972_segmentation.png
4837,train,ISIC_0033424,images/ISIC_0033424.jpg,masks/ISIC_0033424_segmentation.png
4838,train,ISIC_0029023,images/ISIC_0029023.jpg,masks/ISIC_0029023_segmentation.png
4839,train,ISIC_0026218,images/ISIC_0026218.jpg,masks/ISIC_0026218_segmentation.png
4840,train,ISIC_0025960,images/ISIC_0025960.jpg,masks/ISIC_0025960_segmentation.png
4841,train,ISIC_0025477,images/ISIC_0025477.jpg,masks/ISIC_0025477_segmentation.png
4842,train,ISIC_0030136,images/ISIC_0030136.jpg,masks/ISIC_0030136_segmentation.png
4843,train,ISIC_0030209,images/ISIC_0030209.jpg,masks/ISIC_0030209_segmentation.png
4844,train,ISIC_0029233,images/ISIC_0029233.jpg,masks/ISIC_0029233_segmentation.png
4845,train,ISIC_0031177,images/ISIC_0031177.jpg,masks/ISIC_0031177_segmentation.png
4846,train,ISIC_0025252,images/ISIC_0025252.jpg,masks/ISIC_0025252_segmentation.png
4847,train,ISIC_0024655,images/ISIC_0024655.jpg,masks/ISIC_0024655_segmentation.png
4848,train,ISIC_0027785,images/ISIC_0027785.jpg,masks/ISIC_0027785_segmentation.png
4849,train,ISIC_0032904,images/ISIC_0032904.jpg,masks/ISIC_0032904_segmentation.png
4850,train,ISIC_0026755,images/ISIC_0026755.jpg,masks/ISIC_0026755_segmentation.png
4851,train,ISIC_0028909,images/ISIC_0028909.jpg,masks/ISIC_0028909_segmentation.png
4852,train,ISIC_0025247,images/ISIC_0025247.jpg,masks/ISIC_0025247_segmentation.png
4853,train,ISIC_0031786,images/ISIC_0031786.jpg,masks/ISIC_0031786_segmentation.png
4854,train,ISIC_0032273,images/ISIC_0032273.jpg,masks/ISIC_0032273_segmentation.png
4855,train,ISIC_0029960,images/ISIC_0029960.jpg,masks/ISIC_0029960_segmentation.png
4856,train,ISIC_0024321,images/ISIC_0024321.jpg,masks/ISIC_0024321_segmentation.png
4857,train,ISIC_0030026,images/ISIC_0030026.jpg,masks/ISIC_0030026_segmentation.png
4858,train,ISIC_0029382,images/ISIC_0029382.jpg,masks/ISIC_0029382_segmentation.png
4859,train,ISIC_0027664,images/ISIC_0027664.jpg,masks/ISIC_0027664_segmentation.png
4860,train,ISIC_0030176,images/ISIC_0030176.jpg,masks/ISIC_0030176_segmentation.png
4861,train,ISIC_0034319,images/ISIC_0034319.jpg,masks/ISIC_0034319_segmentation.png
4862,train,ISIC_0028368,images/ISIC_0028368.jpg,masks/ISIC_0028368_segmentation.png
4863,train,ISIC_0026853,images/ISIC_0026853.jpg,masks/ISIC_0026853_segmentation.png
4864,train,ISIC_0024864,images/ISIC_0024864.jpg,masks/ISIC_0024864_segmentation.png
4865,train,ISIC_0029317,images/ISIC_0029317.jpg,masks/ISIC_0029317_segmentation.png
4866,train,ISIC_0028720,images/ISIC_0028720.jpg,masks/ISIC_0028720_segmentation.png
4867,train,ISIC_0032375,images/ISIC_0032375.jpg,masks/ISIC_0032375_segmentation.png
4868,train,ISIC_0030557,images/ISIC_0030557.jpg,masks/ISIC_0030557_segmentation.png
4869,train,ISIC_0025556,images/ISIC_0025556.jpg,masks/ISIC_0025556_segmentation.png
4870,train,ISIC_0025660,images/ISIC_0025660.jpg,masks/ISIC_0025660_segmentation.png
4871,train,ISIC_0027066,images/ISIC_0027066.jpg,masks/ISIC_0027066_segmentation.png
4872,train,ISIC_0033356,images/ISIC_0033356.jpg,masks/ISIC_0033356_segmentation.png
4873,train,ISIC_0031558,images/ISIC_0031558.jpg,masks/ISIC_0031558_segmentation.png
4874,train,ISIC_0033364,images/ISIC_0033364.jpg,masks/ISIC_0033364_segmentation.png
4875,train,ISIC_0029649,images/ISIC_0029649.jpg,masks/ISIC_0029649_segmentation.png
4876,train,ISIC_0031979,images/ISIC_0031979.jpg,masks/ISIC_0031979_segmentation.png
4877,train,ISIC_0034270,images/ISIC_0034270.jpg,masks/ISIC_0034270_segmentation.png
4878,train,ISIC_0027198,images/ISIC_0027198.jpg,masks/ISIC_0027198_segmentation.png
4879,train,ISIC_0030306,images/ISIC_0030306.jpg,masks/ISIC_0030306_segmentation.png
4880,train,ISIC_0031649,images/ISIC_0031649.jpg,masks/ISIC_0031649_segmentation.png
4881,train,ISIC_0025804,images/ISIC_0025804.jpg,masks/ISIC_0025804_segmentation.png
4882,train,ISIC_0024815,images/ISIC_0024815.jpg,masks/ISIC_0024815_segmentation.png
4883,train,ISIC_0026034,images/ISIC_0026034.jpg,masks/ISIC_0026034_segmentation.png
4884,train,ISIC_0029146,images/ISIC_0029146.jpg,masks/ISIC_0029146_segmentation.png
4885,train,ISIC_0025715,images/ISIC_0025715.jpg,masks/ISIC_0025715_segmentation.png
4886,train,ISIC_0033411,images/ISIC_0033411.jpg,masks/ISIC_0033411_segmentation.png
4887,train,ISIC_0028380,images/ISIC_0028380.jpg,masks/ISIC_0028380_segmentation.png
4888,train,ISIC_0034121,images/ISIC_0034121.jpg,masks/ISIC_0034121_segmentation.png
4889,train,ISIC_0034256,images/ISIC_0034256.jpg,masks/ISIC_0034256_segmentation.png
4890,train,ISIC_0029702,images/ISIC_0029702.jpg,masks/ISIC_0029702_segmentation.png
4891,train,ISIC_0026886,images/ISIC_0026886.jpg,masks/ISIC_0026886_segmentation.png
4892,train,ISIC_0026021,images/ISIC_0026021.jpg,masks/ISIC_0026021_segmentation.png
4893,train,ISIC_0024369,images/ISIC_0024369.jpg,masks/ISIC_0024369_segmentation.png
4894,train,ISIC_0032373,images/ISIC_0032373.jpg,masks/ISIC_0032373_segmentation.png
4895,train,ISIC_0034115,images/ISIC_0034115.jpg,masks/ISIC_0034115_segmentation.png
4896,train,ISIC_0024510,images/ISIC_0024510.jpg,masks/ISIC_0024510_segmentation.png
4897,train,ISIC_0025143,images/ISIC_0025143.jpg,masks/ISIC_0025143_segmentation.png
4898,train,ISIC_0030112,images/ISIC_0030112.jpg,masks/ISIC_0030112_segmentation.png
4899,train,ISIC_0033299,images/ISIC_0033299.jpg,masks/ISIC_0033299_segmentation.png
4900,train,ISIC_0024906,images/ISIC_0024906.jpg,masks/ISIC_0024906_segmentation.png
4901,train,ISIC_0025338,images/ISIC_0025338.jpg,masks/ISIC_0025338_segmentation.png
4902,train,ISIC_0032962,images/ISIC_0032962.jpg,masks/ISIC_0032962_segmentation.png
4903,train,ISIC_0029294,images/ISIC_0029294.jpg,masks/ISIC_0029294_segmentation.png
4904,train,ISIC_0033684,images/ISIC_0033684.jpg,masks/ISIC_0033684_segmentation.png
4905,train,ISIC_0031149,images/ISIC_0031149.jpg,masks/ISIC_0031149_segmentation.png
4906,train,ISIC_0025589,images/ISIC_0025589.jpg,masks/ISIC_0025589_segmentation.png
4907,train,ISIC_0027107,images/ISIC_0027107.jpg,masks/ISIC_0027107_segmentation.png
4908,train,ISIC_0029659,images/ISIC_0029659.jpg,masks/ISIC_0029659_segmentation.png
4909,train,ISIC_0024966,images/ISIC_0024966.jpg,masks/ISIC_0024966_segmentation.png
4910,train,ISIC_0030909,images/ISIC_0030909.jpg,masks/ISIC_0030909_segmentation.png
4911,train,ISIC_0034122,images/ISIC_0034122.jpg,masks/ISIC_0034122_segmentation.png
4912,train,ISIC_0030649,images/ISIC_0030649.jpg,masks/ISIC_0030649_segmentation.png
4913,train,ISIC_0026136,images/ISIC_0026136.jpg,masks/ISIC_0026136_segmentation.png
4914,train,ISIC_0027567,images/ISIC_0027567.jpg,masks/ISIC_0027567_segmentation.png
4915,train,ISIC_0024784,images/ISIC_0024784.jpg,masks/ISIC_0024784_segmentation.png
4916,train,ISIC_0029781,images/ISIC_0029781.jpg,masks/ISIC_0029781_segmentation.png
4917,train,ISIC_0024824,images/ISIC_0024824.jpg,masks/ISIC_0024824_segmentation.png
4918,train,ISIC_0026123,images/ISIC_0026123.jpg,masks/ISIC_0026123_segmentation.png
4919,train,ISIC_0027369,images/ISIC_0027369.jpg,masks/ISIC_0027369_segmentation.png
4920,train,ISIC_0025071,images/ISIC_0025071.jpg,masks/ISIC_0025071_segmentation.png
4921,train,ISIC_0030002,images/ISIC_0030002.jpg,masks/ISIC_0030002_segmentation.png
4922,train,ISIC_0032137,images/ISIC_0032137.jpg,masks/ISIC_0032137_segmentation.png
4923,train,ISIC_0026578,images/ISIC_0026578.jpg,masks/ISIC_0026578_segmentation.png
4924,train,ISIC_0026778,images/ISIC_0026778.jpg,masks/ISIC_0026778_segmentation.png
4925,train,ISIC_0033671,images/ISIC_0033671.jpg,masks/ISIC_0033671_segmentation.png
4926,train,ISIC_0032022,images/ISIC_0032022.jpg,masks/ISIC_0032022_segmentation.png
4927,train,ISIC_0028850,images/ISIC_0028850.jpg,masks/ISIC_0028850_segmentation.png
4928,train,ISIC_0026669,images/ISIC_0026669.jpg,masks/ISIC_0026669_segmentation.png
4929,train,ISIC_0033636,images/ISIC_0033636.jpg,masks/ISIC_0033636_segmentation.png
4930,train,ISIC_0027035,images/ISIC_0027035.jpg,masks/ISIC_0027035_segmentation.png
4931,train,ISIC_0032289,images/ISIC_0032289.jpg,masks/ISIC_0032289_segmentation.png
4932,train,ISIC_0034209,images/ISIC_0034209.jpg,masks/ISIC_0034209_segmentation.png
4933,train,ISIC_0031725,images/ISIC_0031725.jpg,masks/ISIC_0031725_segmentation.png
4934,train,ISIC_0024391,images/ISIC_0024391.jpg,masks/ISIC_0024391_segmentation.png
4935,train,ISIC_0029645,images/ISIC_0029645.jpg,masks/ISIC_0029645_segmentation.png
4936,train,ISIC_0029871,images/ISIC_0029871.jpg,masks/ISIC_0029871_segmentation.png
4937,train,ISIC_0026327,images/ISIC_0026327.jpg,masks/ISIC_0026327_segmentation.png
4938,train,ISIC_0028758,images/ISIC_0028758.jpg,masks/ISIC_0028758_segmentation.png
4939,train,ISIC_0025547,images/ISIC_0025547.jpg,masks/ISIC_0025547_segmentation.png
4940,train,ISIC_0033050,images/ISIC_0033050.jpg,masks/ISIC_0033050_segmentation.png
4941,train,ISIC_0026439,images/ISIC_0026439.jpg,masks/ISIC_0026439_segmentation.png
4942,train,ISIC_0030927,images/ISIC_0030927.jpg,masks/ISIC_0030927_segmentation.png
4943,train,ISIC_0032931,images/ISIC_0032931.jpg,masks/ISIC_0032931_segmentation.png
4944,train,ISIC_0029261,images/ISIC_0029261.jpg,masks/ISIC_0029261_segmentation.png
4945,train,ISIC_0025626,images/ISIC_0025626.jpg,masks/ISIC_0025626_segmentation.png
4946,train,ISIC_0027716,images/ISIC_0027716.jpg,masks/ISIC_0027716_segmentation.png
4947,train,ISIC_0027744,images/ISIC_0027744.jpg,masks/ISIC_0027744_segmentation.png
4948,train,ISIC_0034130,images/ISIC_0034130.jpg,masks/ISIC_0034130_segmentation.png
4949,train,ISIC_0026441,images/ISIC_0026441.jpg,masks/ISIC_0026441_segmentation.png
4950,train,ISIC_0024486,images/ISIC_0024486.jpg,masks/ISIC_0024486_segmentation.png
4951,train,ISIC_0029063,images/ISIC_0029063.jpg,masks/ISIC_0029063_segmentation.png
4952,train,ISIC_0026259,images/ISIC_0026259.jpg,masks/ISIC_0026259_segmentation.png
4953,train,ISIC_0024458,images/ISIC_0024458.jpg,masks/ISIC_0024458_segmentation.png
4954,train,ISIC_0030821,images/ISIC_0030821.jpg,masks/ISIC_0030821_segmentation.png
4955,train,ISIC_0027657,images/ISIC_0027657.jpg,masks/ISIC_0027657_segmentation.png
4956,train,ISIC_0025529,images/ISIC_0025529.jpg,masks/ISIC_0025529_segmentation.png
4957,train,ISIC_0033910,images/ISIC_0033910.jpg,masks/ISIC_0033910_segmentation.png
4958,train,ISIC_0033403,images/ISIC_0033403.jpg,masks/ISIC_0033403_segmentation.png
4959,train,ISIC_0029601,images/ISIC_0029601.jpg,masks/ISIC_0029601_segmentation.png
4960,train,ISIC_0024696,images/ISIC_0024696.jpg,masks/ISIC_0024696_segmentation.png
4961,train,ISIC_0033788,images/ISIC_0033788.jpg,masks/ISIC_0033788_segmentation.png
4962,train,ISIC_0026722,images/ISIC_0026722.jpg,masks/ISIC_0026722_segmentation.png
4963,train,ISIC_0025504,images/ISIC_0025504.jpg,masks/ISIC_0025504_segmentation.png
4964,train,ISIC_0032528,images/ISIC_0032528.jpg,masks/ISIC_0032528_segmentation.png
4965,train,ISIC_0033082,images/ISIC_0033082.jpg,masks/ISIC_0033082_segmentation.png
4966,train,ISIC_0033858,images/ISIC_0033858.jpg,masks/ISIC_0033858_segmentation.png
4967,train,ISIC_0030657,images/ISIC_0030657.jpg,masks/ISIC_0030657_segmentation.png
4968,train,ISIC_0030847,images/ISIC_0030847.jpg,masks/ISIC_0030847_segmentation.png
4969,train,ISIC_0034312,images/ISIC_0034312.jpg,masks/ISIC_0034312_segmentation.png
4970,train,ISIC_0028795,images/ISIC_0028795.jpg,masks/ISIC_0028795_segmentation.png
4971,train,ISIC_0028959,images/ISIC_0028959.jpg,masks/ISIC_0028959_segmentation.png
4972,train,ISIC_0026909,images/ISIC_0026909.jpg,masks/ISIC_0026909_segmentation.png
4973,train,ISIC_0029973,images/ISIC_0029973.jpg,masks/ISIC_0029973_segmentation.png
4974,train,ISIC_0029194,images/ISIC_0029194.jpg,masks/ISIC_0029194_segmentation.png
4975,train,ISIC_0026802,images/ISIC_0026802.jpg,masks/ISIC_0026802_segmentation.png
4976,train,ISIC_0033764,images/ISIC_0033764.jpg,masks/ISIC_0033764_segmentation.png
4977,train,ISIC_0027337,images/ISIC_0027337.jpg,masks/ISIC_0027337_segmentation.png
4978,train,ISIC_0031970,images/ISIC_0031970.jpg,masks/ISIC_0031970_segmentation.png
4979,train,ISIC_0031107,images/ISIC_0031107.jpg,masks/ISIC_0031107_segmentation.png
4980,train,ISIC_0031187,images/ISIC_0031187.jpg,masks/ISIC_0031187_segmentation.png
4981,train,ISIC_0028175,images/ISIC_0028175.jpg,masks/ISIC_0028175_segmentation.png
4982,train,ISIC_0027680,images/ISIC_0027680.jpg,masks/ISIC_0027680_segmentation.png
4983,train,ISIC_0026621,images/ISIC_0026621.jpg,masks/ISIC_0026621_segmentation.png
4984,train,ISIC_0025106,images/ISIC_0025106.jpg,masks/ISIC_0025106_segmentation.png
4985,train,ISIC_0025930,images/ISIC_0025930.jpg,masks/ISIC_0025930_segmentation.png
4986,train,ISIC_0032943,images/ISIC_0032943.jpg,masks/ISIC_0032943_segmentation.png
4987,train,ISIC_0025298,images/ISIC_0025298.jpg,masks/ISIC_0025298_segmentation.png
4988,train,ISIC_0029796,images/ISIC_0029796.jpg,masks/ISIC_0029796_segmentation.png
4989,train,ISIC_0032507,images/ISIC_0032507.jpg,masks/ISIC_0032507_segmentation.png
4990,train,ISIC_0031939,images/ISIC_0031939.jpg,masks/ISIC_0031939_segmentation.png
4991,train,ISIC_0029153,images/ISIC_0029153.jpg,masks/ISIC_0029153_segmentation.png
4992,train,ISIC_0030402,images/ISIC_0030402.jpg,masks/ISIC_0030402_segmentation.png
4993,train,ISIC_0029295,images/ISIC_0029295.jpg,masks/ISIC_0029295_segmentation.png
4994,train,ISIC_0024538,images/ISIC_0024538.jpg,masks/ISIC_0024538_segmentation.png
4995,train,ISIC_0025170,images/ISIC_0025170.jpg,masks/ISIC_0025170_segmentation.png
4996,train,ISIC_0029930,images/ISIC_0029930.jpg,masks/ISIC_0029930_segmentation.png
4997,train,ISIC_0027601,images/ISIC_0027601.jpg,masks/ISIC_0027601_segmentation.png
4998,train,ISIC_0031267,images/ISIC_0031267.jpg,masks/ISIC_0031267_segmentation.png
4999,train,ISIC_0032643,images/ISIC_0032643.jpg,masks/ISIC_0032643_segmentation.png
5000,train,ISIC_0032595,images/ISIC_0032595.jpg,masks/ISIC_0032595_segmentation.png
5001,train,ISIC_0027913,images/ISIC_0027913.jpg,masks/ISIC_0027913_segmentation.png
5002,train,ISIC_0031867,images/ISIC_0031867.jpg,masks/ISIC_0031867_segmentation.png
5003,train,ISIC_0026266,images/ISIC_0026266.jpg,masks/ISIC_0026266_segmentation.png
5004,train,ISIC_0029616,images/ISIC_0029616.jpg,masks/ISIC_0029616_segmentation.png
5005,train,ISIC_0032082,images/ISIC_0032082.jpg,masks/ISIC_0032082_segmentation.png
5006,train,ISIC_0029860,images/ISIC_0029860.jpg,masks/ISIC_0029860_segmentation.png
5007,train,ISIC_0031650,images/ISIC_0031650.jpg,masks/ISIC_0031650_segmentation.png
5008,train,ISIC_0029433,images/ISIC_0029433.jpg,masks/ISIC_0029433_segmentation.png
5009,train,ISIC_0028215,images/ISIC_0028215.jpg,masks/ISIC_0028215_segmentation.png
5010,train,ISIC_0026523,images/ISIC_0026523.jpg,masks/ISIC_0026523_segmentation.png
5011,train,ISIC_0034007,images/ISIC_0034007.jpg,masks/ISIC_0034007_segmentation.png
5012,train,ISIC_0028307,images/ISIC_0028307.jpg,masks/ISIC_0028307_segmentation.png
5013,train,ISIC_0027790,images/ISIC_0027790.jpg,masks/ISIC_0027790_segmentation.png
5014,train,ISIC_0030595,images/ISIC_0030595.jpg,masks/ISIC_0030595_segmentation.png
5015,train,ISIC_0026579,images/ISIC_0026579.jpg,masks/ISIC_0026579_segmentation.png
5016,train,ISIC_0032814,images/ISIC_0032814.jpg,masks/ISIC_0032814_segmentation.png
5017,train,ISIC_0030662,images/ISIC_0030662.jpg,masks/ISIC_0030662_segmentation.png
5018,train,ISIC_0026089,images/ISIC_0026089.jpg,masks/ISIC_0026089_segmentation.png
5019,train,ISIC_0029191,images/ISIC_0029191.jpg,masks/ISIC_0029191_segmentation.png
5020,train,ISIC_0029240,images/ISIC_0029240.jpg,masks/ISIC_0029240_segmentation.png
5021,train,ISIC_0032857,images/ISIC_0032857.jpg,masks/ISIC_0032857_segmentation.png
5022,train,ISIC_0029524,images/ISIC_0029524.jpg,masks/ISIC_0029524_segmentation.png
5023,train,ISIC_0029329,images/ISIC_0029329.jpg,masks/ISIC_0029329_segmentation.png
5024,train,ISIC_0031705,images/ISIC_0031705.jpg,masks/ISIC_0031705_segmentation.png
5025,train,ISIC_0028695,images/ISIC_0028695.jpg,masks/ISIC_0028695_segmentation.png
5026,train,ISIC_0025271,images/ISIC_0025271.jpg,masks/ISIC_0025271_segmentation.png
5027,train,ISIC_0030401,images/ISIC_0030401.jpg,masks/ISIC_0030401_segmentation.png
5028,train,ISIC_0027276,images/ISIC_0027276.jpg,masks/ISIC_0027276_segmentation.png
5029,train,ISIC_0026874,images/ISIC_0026874.jpg,masks/ISIC_0026874_segmentation.png
5030,train,ISIC_0026160,images/ISIC_0026160.jpg,masks/ISIC_0026160_segmentation.png
5031,train,ISIC_0025833,images/ISIC_0025833.jpg,masks/ISIC_0025833_segmentation.png
5032,train,ISIC_0027954,images/ISIC_0027954.jpg,masks/ISIC_0027954_segmentation.png
5033,train,ISIC_0027414,images/ISIC_0027414.jpg,masks/ISIC_0027414_segmentation.png
5034,train,ISIC_0030370,images/ISIC_0030370.jpg,masks/ISIC_0030370_segmentation.png
5035,train,ISIC_0032913,images/ISIC_0032913.jpg,masks/ISIC_0032913_segmentation.png
5036,train,ISIC_0031431,images/ISIC_0031431.jpg,masks/ISIC_0031431_segmentation.png
5037,train,ISIC_0031898,images/ISIC_0031898.jpg,masks/ISIC_0031898_segmentation.png
5038,train,ISIC_0031376,images/ISIC_0031376.jpg,masks/ISIC_0031376_segmentation.png
5039,train,ISIC_0032476,images/ISIC_0032476.jpg,masks/ISIC_0032476_segmentation.png
5040,train,ISIC_0030244,images/ISIC_0030244.jpg,masks/ISIC_0030244_segmentation.png
5041,train,ISIC_0031919,images/ISIC_0031919.jpg,masks/ISIC_0031919_segmentation.png
5042,train,ISIC_0027205,images/ISIC_0027205.jpg,masks/ISIC_0027205_segmentation.png
5043,train,ISIC_0028504,images/ISIC_0028504.jpg,masks/ISIC_0028504_segmentation.png
5044,train,ISIC_0025169,images/ISIC_0025169.jpg,masks/ISIC_0025169_segmentation.png
5045,train,ISIC_0033326,images/ISIC_0033326.jpg,masks/ISIC_0033326_segmentation.png
5046,train,ISIC_0025620,images/ISIC_0025620.jpg,masks/ISIC_0025620_segmentation.png
5047,train,ISIC_0026674,images/ISIC_0026674.jpg,masks/ISIC_0026674_segmentation.png
5048,train,ISIC_0029846,images/ISIC_0029846.jpg,masks/ISIC_0029846_segmentation.png
5049,train,ISIC_0026790,images/ISIC_0026790.jpg,masks/ISIC_0026790_segmentation.png
5050,train,ISIC_0033835,images/ISIC_0033835.jpg,masks/ISIC_0033835_segmentation.png
5051,train,ISIC_0032838,images/ISIC_0032838.jpg,masks/ISIC_0032838_segmentation.png
5052,train,ISIC_0029043,images/ISIC_0029043.jpg,masks/ISIC_0029043_segmentation.png
5053,train,ISIC_0027735,images/ISIC_0027735.jpg,masks/ISIC_0027735_segmentation.png
5054,train,ISIC_0028568,images/ISIC_0028568.jpg,masks/ISIC_0028568_segmentation.png
5055,train,ISIC_0027843,images/ISIC_0027843.jpg,masks/ISIC_0027843_segmentation.png
5056,train,ISIC_0026178,images/ISIC_0026178.jpg,masks/ISIC_0026178_segmentation.png
5057,train,ISIC_0031670,images/ISIC_0031670.jpg,masks/ISIC_0031670_segmentation.png
5058,train,ISIC_0034249,images/ISIC_0034249.jpg,masks/ISIC_0034249_segmentation.png
5059,train,ISIC_0034199,images/ISIC_0034199.jpg,masks/ISIC_0034199_segmentation.png
5060,train,ISIC_0033834,images/ISIC_0033834.jpg,masks/ISIC_0033834_segmentation.png
5061,train,ISIC_0027236,images/ISIC_0027236.jpg,masks/ISIC_0027236_segmentation.png
5062,train,ISIC_0033142,images/ISIC_0033142.jpg,masks/ISIC_0033142_segmentation.png
5063,train,ISIC_0028096,images/ISIC_0028096.jpg,masks/ISIC_0028096_segmentation.png
5064,train,ISIC_0027728,images/ISIC_0027728.jpg,masks/ISIC_0027728_segmentation.png
5065,train,ISIC_0029619,images/ISIC_0029619.jpg,masks/ISIC_0029619_segmentation.png
5066,train,ISIC_0033833,images/ISIC_0033833.jpg,masks/ISIC_0033833_segmentation.png
5067,train,ISIC_0029820,images/ISIC_0029820.jpg,masks/ISIC_0029820_segmentation.png
5068,train,ISIC_0028769,images/ISIC_0028769.jpg,masks/ISIC_0028769_segmentation.png
5069,train,ISIC_0028554,images/ISIC_0028554.jpg,masks/ISIC_0028554_segmentation.png
5070,train,ISIC_0031890,images/ISIC_0031890.jpg,masks/ISIC_0031890_segmentation.png
5071,train,ISIC_0032711,images/ISIC_0032711.jpg,masks/ISIC_0032711_segmentation.png
5072,train,ISIC_0032917,images/ISIC_0032917.jpg,masks/ISIC_0032917_segmentation.png
5073,train,ISIC_0028641,images/ISIC_0028641.jpg,masks/ISIC_0028641_segmentation.png
5074,train,ISIC_0033008,images/ISIC_0033008.jpg,masks/ISIC_0033008_segmentation.png
5075,train,ISIC_0029849,images/ISIC_0029849.jpg,masks/ISIC_0029849_segmentation.png
5076,train,ISIC_0030670,images/ISIC_0030670.jpg,masks/ISIC_0030670_segmentation.png
5077,train,ISIC_0025218,images/ISIC_0025218.jpg,masks/ISIC_0025218_segmentation.png
5078,train,ISIC_0026420,images/ISIC_0026420.jpg,masks/ISIC_0026420_segmentation.png
5079,train,ISIC_0032813,images/ISIC_0032813.jpg,masks/ISIC_0032813_segmentation.png
5080,train,ISIC_0028778,images/ISIC_0028778.jpg,masks/ISIC_0028778_segmentation.png
5081,train,ISIC_0032229,images/ISIC_0032229.jpg,masks/ISIC_0032229_segmentation.png
5082,train,ISIC_0031865,images/ISIC_0031865.jpg,masks/ISIC_0031865_segmentation.png
5083,train,ISIC_0031992,images/ISIC_0031992.jpg,masks/ISIC_0031992_segmentation.png
5084,train,ISIC_0026501,images/ISIC_0026501.jpg,masks/ISIC_0026501_segmentation.png
5085,train,ISIC_0026799,images/ISIC_0026799.jpg,masks/ISIC_0026799_segmentation.png
5086,train,ISIC_0030991,images/ISIC_0030991.jpg,masks/ISIC_0030991_segmentation.png
5087,train,ISIC_0030698,images/ISIC_0030698.jpg,masks/ISIC_0030698_segmentation.png
5088,train,ISIC_0034145,images/ISIC_0034145.jpg,masks/ISIC_0034145_segmentation.png
5089,train,ISIC_0032841,images/ISIC_0032841.jpg,masks/ISIC_0032841_segmentation.png
5090,train,ISIC_0032467,images/ISIC_0032467.jpg,masks/ISIC_0032467_segmentation.png
5091,train,ISIC_0026088,images/ISIC_0026088.jpg,masks/ISIC_0026088_segmentation.png
5092,train,ISIC_0025829,images/ISIC_0025829.jpg,masks/ISIC_0025829_segmentation.png
5093,train,ISIC_0028293,images/ISIC_0028293.jpg,masks/ISIC_0028293_segmentation.png
5094,train,ISIC_0029166,images/ISIC_0029166.jpg,masks/ISIC_0029166_segmentation.png
5095,train,ISIC_0032035,images/ISIC_0032035.jpg,masks/ISIC_0032035_segmentation.png
5096,train,ISIC_0028702,images/ISIC_0028702.jpg,masks/ISIC_0028702_segmentation.png
5097,train,ISIC_0032822,images/ISIC_0032822.jpg,masks/ISIC_0032822_segmentation.png
5098,train,ISIC_0033517,images/ISIC_0033517.jpg,masks/ISIC_0033517_segmentation.png
5099,train,ISIC_0034167,images/ISIC_0034167.jpg,masks/ISIC_0034167_segmentation.png
5100,train,ISIC_0026449,images/ISIC_0026449.jpg,masks/ISIC_0026449_segmentation.png
5101,train,ISIC_0032803,images/ISIC_0032803.jpg,masks/ISIC_0032803_segmentation.png
5102,train,ISIC_0026712,images/ISIC_0026712.jpg,masks/ISIC_0026712_segmentation.png
5103,train,ISIC_0031488,images/ISIC_0031488.jpg,masks/ISIC_0031488_segmentation.png
5104,train,ISIC_0032855,images/ISIC_0032855.jpg,masks/ISIC_0032855_segmentation.png
5105,train,ISIC_0026647,images/ISIC_0026647.jpg,masks/ISIC_0026647_segmentation.png
5106,train,ISIC_0030047,images/ISIC_0030047.jpg,masks/ISIC_0030047_segmentation.png
5107,train,ISIC_0028206,images/ISIC_0028206.jpg,masks/ISIC_0028206_segmentation.png
5108,train,ISIC_0028697,images/ISIC_0028697.jpg,masks/ISIC_0028697_segmentation.png
5109,train,ISIC_0033285,images/ISIC_0033285.jpg,masks/ISIC_0033285_segmentation.png
5110,train,ISIC_0029211,images/ISIC_0029211.jpg,masks/ISIC_0029211_segmentation.png
5111,train,ISIC_0026749,images/ISIC_0026749.jpg,masks/ISIC_0026749_segmentation.png
5112,train,ISIC_0026098,images/ISIC_0026098.jpg,masks/ISIC_0026098_segmentation.png
5113,train,ISIC_0028039,images/ISIC_0028039.jpg,masks/ISIC_0028039_segmentation.png
5114,train,ISIC_0025080,images/ISIC_0025080.jpg,masks/ISIC_0025080_segmentation.png
5115,train,ISIC_0025444,images/ISIC_0025444.jpg,masks/ISIC_0025444_segmentation.png
5116,train,ISIC_0027653,images/ISIC_0027653.jpg,masks/ISIC_0027653_segmentation.png
5117,train,ISIC_0026826,images/ISIC_0026826.jpg,masks/ISIC_0026826_segmentation.png
5118,train,ISIC_0030755,images/ISIC_0030755.jpg,masks/ISIC_0030755_segmentation.png
5119,train,ISIC_0024871,images/ISIC_0024871.jpg,masks/ISIC_0024871_segmentation.png
5120,train,ISIC_0031933,images/ISIC_0031933.jpg,masks/ISIC_0031933_segmentation.png
5121,train,ISIC_0033251,images/ISIC_0033251.jpg,masks/ISIC_0033251_segmentation.png
5122,train,ISIC_0027509,images/ISIC_0027509.jpg,masks/ISIC_0027509_segmentation.png
5123,train,ISIC_0031032,images/ISIC_0031032.jpg,masks/ISIC_0031032_segmentation.png
5124,train,ISIC_0024640,images/ISIC_0024640.jpg,masks/ISIC_0024640_segmentation.png
5125,train,ISIC_0030227,images/ISIC_0030227.jpg,masks/ISIC_0030227_segmentation.png
5126,train,ISIC_0032346,images/ISIC_0032346.jpg,masks/ISIC_0032346_segmentation.png
5127,train,ISIC_0030664,images/ISIC_0030664.jpg,masks/ISIC_0030664_segmentation.png
5128,train,ISIC_0027675,images/ISIC_0027675.jpg,masks/ISIC_0027675_segmentation.png
5129,train,ISIC_0030745,images/ISIC_0030745.jpg,masks/ISIC_0030745_segmentation.png
5130,train,ISIC_0027060,images/ISIC_0027060.jpg,masks/ISIC_0027060_segmentation.png
5131,train,ISIC_0030071,images/ISIC_0030071.jpg,masks/ISIC_0030071_segmentation.png
5132,train,ISIC_0033990,images/ISIC_0033990.jpg,masks/ISIC_0033990_segmentation.png
5133,train,ISIC_0034232,images/ISIC_0034232.jpg,masks/ISIC_0034232_segmentation.png
5134,train,ISIC_0025036,images/ISIC_0025036.jpg,masks/ISIC_0025036_segmentation.png
5135,train,ISIC_0029228,images/ISIC_0029228.jpg,masks/ISIC_0029228_segmentation.png
5136,train,ISIC_0029034,images/ISIC_0029034.jpg,masks/ISIC_0029034_segmentation.png
5137,train,ISIC_0030493,images/ISIC_0030493.jpg,masks/ISIC_0030493_segmentation.png
5138,train,ISIC_0027187,images/ISIC_0027187.jpg,masks/ISIC_0027187_segmentation.png
5139,train,ISIC_0032038,images/ISIC_0032038.jpg,masks/ISIC_0032038_segmentation.png
5140,train,ISIC_0030359,images/ISIC_0030359.jpg,masks/ISIC_0030359_segmentation.png
5141,train,ISIC_0032220,images/ISIC_0032220.jpg,masks/ISIC_0032220_segmentation.png
5142,train,ISIC_0027471,images/ISIC_0027471.jpg,masks/ISIC_0027471_segmentation.png
5143,train,ISIC_0033891,images/ISIC_0033891.jpg,masks/ISIC_0033891_segmentation.png
5144,train,ISIC_0025208,images/ISIC_0025208.jpg,masks/ISIC_0025208_segmentation.png
5145,train,ISIC_0026433,images/ISIC_0026433.jpg,masks/ISIC_0026433_segmentation.png
5146,train,ISIC_0034037,images/ISIC_0034037.jpg,masks/ISIC_0034037_segmentation.png
5147,train,ISIC_0029318,images/ISIC_0029318.jpg,masks/ISIC_0029318_segmentation.png
5148,train,ISIC_0025925,images/ISIC_0025925.jpg,masks/ISIC_0025925_segmentation.png
5149,train,ISIC_0029314,images/ISIC_0029314.jpg,masks/ISIC_0029314_segmentation.png
5150,train,ISIC_0026639,images/ISIC_0026639.jpg,masks/ISIC_0026639_segmentation.png
5151,train,ISIC_0026699,images/ISIC_0026699.jpg,masks/ISIC_0026699_segmentation.png
5152,train,ISIC_0029610,images/ISIC_0029610.jpg,masks/ISIC_0029610_segmentation.png
5153,train,ISIC_0028724,images/ISIC_0028724.jpg,masks/ISIC_0028724_segmentation.png
5154,train,ISIC_0026723,images/ISIC_0026723.jpg,masks/ISIC_0026723_segmentation.png
5155,train,ISIC_0030092,images/ISIC_0030092.jpg,masks/ISIC_0030092_segmentation.png
5156,train,ISIC_0033594,images/ISIC_0033594.jpg,masks/ISIC_0033594_segmentation.png
5157,train,ISIC_0025449,images/ISIC_0025449.jpg,masks/ISIC_0025449_segmentation.png
5158,train,ISIC_0028981,images/ISIC_0028981.jpg,masks/ISIC_0028981_segmentation.png
5159,train,ISIC_0027325,images/ISIC_0027325.jpg,masks/ISIC_0027325_segmentation.png
5160,train,ISIC_0025926,images/ISIC_0025926.jpg,masks/ISIC_0025926_segmentation.png
5161,train,ISIC_0026773,images/ISIC_0026773.jpg,masks/ISIC_0026773_segmentation.png
5162,train,ISIC_0031769,images/ISIC_0031769.jpg,masks/ISIC_0031769_segmentation.png
5163,train,ISIC_0025541,images/ISIC_0025541.jpg,masks/ISIC_0025541_segmentation.png
5164,train,ISIC_0031158,images/ISIC_0031158.jpg,masks/ISIC_0031158_segmentation.png
5165,train,ISIC_0027191,images/ISIC_0027191.jpg,masks/ISIC_0027191_segmentation.png
5166,train,ISIC_0032067,images/ISIC_0032067.jpg,masks/ISIC_0032067_segmentation.png
5167,train,ISIC_0028870,images/ISIC_0028870.jpg,masks/ISIC_0028870_segmentation.png
5168,train,ISIC_0034190,images/ISIC_0034190.jpg,masks/ISIC_0034190_segmentation.png
5169,train,ISIC_0025631,images/ISIC_0025631.jpg,masks/ISIC_0025631_segmentation.png
5170,train,ISIC_0034127,images/ISIC_0034127.jpg,masks/ISIC_0034127_segmentation.png
5171,train,ISIC_0028055,images/ISIC_0028055.jpg,masks/ISIC_0028055_segmentation.png
5172,train,ISIC_0034260,images/ISIC_0034260.jpg,masks/ISIC_0034260_segmentation.png
5173,train,ISIC_0027049,images/ISIC_0027049.jpg,masks/ISIC_0027049_segmentation.png
5174,train,ISIC_0033584,images/ISIC_0033584.jpg,masks/ISIC_0033584_segmentation.png
5175,train,ISIC_0033769,images/ISIC_0033769.jpg,masks/ISIC_0033769_segmentation.png
5176,train,ISIC_0026615,images/ISIC_0026615.jpg,masks/ISIC_0026615_segmentation.png
5177,train,ISIC_0027329,images/ISIC_0027329.jpg,masks/ISIC_0027329_segmentation.png
5178,train,ISIC_0028486,images/ISIC_0028486.jpg,masks/ISIC_0028486_segmentation.png
5179,train,ISIC_0027250,images/ISIC_0027250.jpg,masks/ISIC_0027250_segmentation.png
5180,train,ISIC_0027622,images/ISIC_0027622.jpg,masks/ISIC_0027622_segmentation.png
5181,train,ISIC_0027632,images/ISIC_0027632.jpg,masks/ISIC_0027632_segmentation.png
5182,train,ISIC_0030089,images/ISIC_0030089.jpg,masks/ISIC_0030089_segmentation.png
5183,train,ISIC_0025019,images/ISIC_0025019.jpg,masks/ISIC_0025019_segmentation.png
5184,train,ISIC_0032262,images/ISIC_0032262.jpg,masks/ISIC_0032262_segmentation.png
5185,train,ISIC_0027441,images/ISIC_0027441.jpg,masks/ISIC_0027441_segmentation.png
5186,train,ISIC_0033969,images/ISIC_0033969.jpg,masks/ISIC_0033969_segmentation.png
5187,train,ISIC_0030789,images/ISIC_0030789.jpg,masks/ISIC_0030789_segmentation.png
5188,train,ISIC_0032870,images/ISIC_0032870.jpg,masks/ISIC_0032870_segmentation.png
5189,train,ISIC_0026388,images/ISIC_0026388.jpg,masks/ISIC_0026388_segmentation.png
5190,train,ISIC_0028593,images/ISIC_0028593.jpg,masks/ISIC_0028593_segmentation.png
5191,train,ISIC_0030781,images/ISIC_0030781.jpg,masks/ISIC_0030781_segmentation.png
5192,train,ISIC_0026116,images/ISIC_0026116.jpg,masks/ISIC_0026116_segmentation.png
5193,train,ISIC_0028932,images/ISIC_0028932.jpg,masks/ISIC_0028932_segmentation.png
5194,train,ISIC_0026630,images/ISIC_0026630.jpg,masks/ISIC_0026630_segmentation.png
5195,train,ISIC_0033182,images/ISIC_0033182.jpg,masks/ISIC_0033182_segmentation.png
5196,train,ISIC_0033487,images/ISIC_0033487.jpg,masks/ISIC_0033487_segmentation.png
5197,train,ISIC_0024870,images/ISIC_0024870.jpg,masks/ISIC_0024870_segmentation.png
5198,train,ISIC_0030929,images/ISIC_0030929.jpg,masks/ISIC_0030929_segmentation.png
5199,train,ISIC_0024861,images/ISIC_0024861.jpg,masks/ISIC_0024861_segmentation.png
5200,train,ISIC_0030673,images/ISIC_0030673.jpg,masks/ISIC_0030673_segmentation.png
5201,train,ISIC_0026044,images/ISIC_0026044.jpg,masks/ISIC_0026044_segmentation.png
5202,train,ISIC_0025345,images/ISIC_0025345.jpg,masks/ISIC_0025345_segmentation.png
5203,train,ISIC_0025459,images/ISIC_0025459.jpg,masks/ISIC_0025459_segmentation.png
5204,train,ISIC_0031540,images/ISIC_0031540.jpg,masks/ISIC_0031540_segmentation.png
5205,train,ISIC_0031864,images/ISIC_0031864.jpg,masks/ISIC_0031864_segmentation.png
5206,train,ISIC_0026760,images/ISIC_0026760.jpg,masks/ISIC_0026760_segmentation.png
5207,train,ISIC_0032808,images/ISIC_0032808.jpg,masks/ISIC_0032808_segmentation.png
5208,train,ISIC_0024404,images/ISIC_0024404.jpg,masks/ISIC_0024404_segmentation.png
5209,train,ISIC_0028374,images/ISIC_0028374.jpg,masks/ISIC_0028374_segmentation.png
5210,train,ISIC_0024706,images/ISIC_0024706.jpg,masks/ISIC_0024706_segmentation.png
5211,train,ISIC_0032704,images/ISIC_0032704.jpg,masks/ISIC_0032704_segmentation.png
5212,train,ISIC_0030749,images/ISIC_0030749.jpg,masks/ISIC_0030749_segmentation.png
5213,train,ISIC_0030793,images/ISIC_0030793.jpg,masks/ISIC_0030793_segmentation.png
5214,train,ISIC_0025692,images/ISIC_0025692.jpg,masks/ISIC_0025692_segmentation.png
5215,train,ISIC_0025349,images/ISIC_0025349.jpg,masks/ISIC_0025349_segmentation.png
5216,train,ISIC_0031186,images/ISIC_0031186.jpg,masks/ISIC_0031186_segmentation.png
5217,train,ISIC_0031582,images/ISIC_0031582.jpg,masks/ISIC_0031582_segmentation.png
5218,train,ISIC_0031075,images/ISIC_0031075.jpg,masks/ISIC_0031075_segmentation.png
5219,train,ISIC_0032622,images/ISIC_0032622.jpg,masks/ISIC_0032622_segmentation.png
5220,train,ISIC_0028427,images/ISIC_0028427.jpg,masks/ISIC_0028427_segmentation.png
5221,train,ISIC_0027540,images/ISIC_0027540.jpg,masks/ISIC_0027540_segmentation.png
5222,train,ISIC_0033446,images/ISIC_0033446.jpg,masks/ISIC_0033446_segmentation.png
5223,train,ISIC_0026868,images/ISIC_0026868.jpg,masks/ISIC_0026868_segmentation.png
5224,train,ISIC_0025330,images/ISIC_0025330.jpg,masks/ISIC_0025330_segmentation.png
5225,train,ISIC_0032254,images/ISIC_0032254.jpg,masks/ISIC_0032254_segmentation.png
5226,train,ISIC_0034164,images/ISIC_0034164.jpg,masks/ISIC_0034164_segmentation.png
5227,train,ISIC_0028855,images/ISIC_0028855.jpg,masks/ISIC_0028855_segmentation.png
5228,train,ISIC_0034258,images/ISIC_0034258.jpg,masks/ISIC_0034258_segmentation.png
5229,train,ISIC_0027455,images/ISIC_0027455.jpg,masks/ISIC_0027455_segmentation.png
5230,train,ISIC_0027672,images/ISIC_0027672.jpg,masks/ISIC_0027672_segmentation.png
5231,train,ISIC_0028589,images/ISIC_0028589.jpg,masks/ISIC_0028589_segmentation.png
5232,train,ISIC_0025042,images/ISIC_0025042.jpg,masks/ISIC_0025042_segmentation.png
5233,train,ISIC_0026444,images/ISIC_0026444.jpg,masks/ISIC_0026444_segmentation.png
5234,train,ISIC_0031435,images/ISIC_0031435.jpg,masks/ISIC_0031435_segmentation.png
5235,train,ISIC_0024681,images/ISIC_0024681.jpg,masks/ISIC_0024681_segmentation.png
5236,train,ISIC_0032449,images/ISIC_0032449.jpg,masks/ISIC_0032449_segmentation.png
5237,train,ISIC_0030981,images/ISIC_0030981.jpg,masks/ISIC_0030981_segmentation.png
5238,train,ISIC_0027312,images/ISIC_0027312.jpg,masks/ISIC_0027312_segmentation.png
5239,train,ISIC_0025885,images/ISIC_0025885.jpg,masks/ISIC_0025885_segmentation.png
5240,train,ISIC_0031723,images/ISIC_0031723.jpg,masks/ISIC_0031723_segmentation.png
5241,train,ISIC_0031758,images/ISIC_0031758.jpg,masks/ISIC_0031758_segmentation.png
5242,train,ISIC_0025034,images/ISIC_0025034.jpg,masks/ISIC_0025034_segmentation.png
5243,train,ISIC_0027009,images/ISIC_0027009.jpg,masks/ISIC_0027009_segmentation.png
5244,train,ISIC_0024619,images/ISIC_0024619.jpg,masks/ISIC_0024619_segmentation.png
5245,train,ISIC_0033435,images/ISIC_0033435.jpg,masks/ISIC_0033435_segmentation.png
5246,train,ISIC_0025947,images/ISIC_0025947.jpg,masks/ISIC_0025947_segmentation.png
5247,train,ISIC_0028322,images/ISIC_0028322.jpg,masks/ISIC_0028322_segmentation.png
5248,train,ISIC_0029466,images/ISIC_0029466.jpg,masks/ISIC_0029466_segmentation.png
5249,train,ISIC_0031053,images/ISIC_0031053.jpg,masks/ISIC_0031053_segmentation.png
5250,train,ISIC_0031112,images/ISIC_0031112.jpg,masks/ISIC_0031112_segmentation.png
5251,train,ISIC_0034293,images/ISIC_0034293.jpg,masks/ISIC_0034293_segmentation.png
5252,train,ISIC_0033189,images/ISIC_0033189.jpg,masks/ISIC_0033189_segmentation.png
5253,train,ISIC_0024626,images/ISIC_0024626.jpg,masks/ISIC_0024626_segmentation.png
5254,train,ISIC_0027255,images/ISIC_0027255.jpg,masks/ISIC_0027255_segmentation.png
5255,train,ISIC_0027806,images/ISIC_0027806.jpg,masks/ISIC_0027806_segmentation.png
5256,train,ISIC_0029155,images/ISIC_0029155.jpg,masks/ISIC_0029155_segmentation.png
5257,train,ISIC_0030235,images/ISIC_0030235.jpg,masks/ISIC_0030235_segmentation.png
5258,train,ISIC_0032574,images/ISIC_0032574.jpg,masks/ISIC_0032574_segmentation.png
5259,train,ISIC_0026369,images/ISIC_0026369.jpg,masks/ISIC_0026369_segmentation.png
5260,train,ISIC_0025949,images/ISIC_0025949.jpg,masks/ISIC_0025949_segmentation.png
5261,train,ISIC_0033007,images/ISIC_0033007.jpg,masks/ISIC_0033007_segmentation.png
5262,train,ISIC_0031169,images/ISIC_0031169.jpg,masks/ISIC_0031169_segmentation.png
5263,train,ISIC_0025204,images/ISIC_0025204.jpg,masks/ISIC_0025204_segmentation.png
5264,train,ISIC_0025691,images/ISIC_0025691.jpg,masks/ISIC_0025691_segmentation.png
5265,train,ISIC_0027566,images/ISIC_0027566.jpg,masks/ISIC_0027566_segmentation.png
5266,train,ISIC_0029139,images/ISIC_0029139.jpg,masks/ISIC_0029139_segmentation.png
5267,train,ISIC_0033315,images/ISIC_0033315.jpg,masks/ISIC_0033315_segmentation.png
5268,train,ISIC_0028319,images/ISIC_0028319.jpg,masks/ISIC_0028319_segmentation.png
5269,train,ISIC_0029459,images/ISIC_0029459.jpg,masks/ISIC_0029459_segmentation.png
5270,train,ISIC_0031331,images/ISIC_0031331.jpg,masks/ISIC_0031331_segmentation.png
5271,train,ISIC_0025021,images/ISIC_0025021.jpg,masks/ISIC_0025021_segmentation.png
5272,train,ISIC_0033385,images/ISIC_0033385.jpg,masks/ISIC_0033385_segmentation.png
5273,train,ISIC_0027298,images/ISIC_0027298.jpg,masks/ISIC_0027298_segmentation.png
5274,train,ISIC_0027423,images/ISIC_0027423.jpg,masks/ISIC_0027423_segmentation.png
5275,train,ISIC_0033537,images/ISIC_0033537.jpg,masks/ISIC_0033537_segmentation.png
5276,train,ISIC_0025768,images/ISIC_0025768.jpg,masks/ISIC_0025768_segmentation.png
5277,train,ISIC_0025740,images/ISIC_0025740.jpg,masks/ISIC_0025740_segmentation.png
5278,train,ISIC_0030382,images/ISIC_0030382.jpg,masks/ISIC_0030382_segmentation.png
5279,train,ISIC_0031655,images/ISIC_0031655.jpg,masks/ISIC_0031655_segmentation.png
5280,train,ISIC_0026879,images/ISIC_0026879.jpg,masks/ISIC_0026879_segmentation.png
5281,train,ISIC_0026308,images/ISIC_0026308.jpg,masks/ISIC_0026308_segmentation.png
5282,train,ISIC_0028236,images/ISIC_0028236.jpg,masks/ISIC_0028236_segmentation.png
5283,train,ISIC_0025413,images/ISIC_0025413.jpg,masks/ISIC_0025413_segmentation.png
5284,train,ISIC_0025701,images/ISIC_0025701.jpg,masks/ISIC_0025701_segmentation.png
5285,train,ISIC_0027706,images/ISIC_0027706.jpg,masks/ISIC_0027706_segmentation.png
5286,train,ISIC_0033577,images/ISIC_0033577.jpg,masks/ISIC_0033577_segmentation.png
5287,train,ISIC_0031083,images/ISIC_0031083.jpg,masks/ISIC_0031083_segmentation.png
5288,train,ISIC_0030867,images/ISIC_0030867.jpg,masks/ISIC_0030867_segmentation.png
5289,train,ISIC_0028546,images/ISIC_0028546.jpg,masks/ISIC_0028546_segmentation.png
5290,train,ISIC_0032933,images/ISIC_0032933.jpg,masks/ISIC_0032933_segmentation.png
5291,train,ISIC_0031275,images/ISIC_0031275.jpg,masks/ISIC_0031275_segmentation.png
5292,train,ISIC_0025974,images/ISIC_0025974.jpg,masks/ISIC_0025974_segmentation.png
5293,train,ISIC_0033587,images/ISIC_0033587.jpg,masks/ISIC_0033587_segmentation.png
5294,train,ISIC_0032226,images/ISIC_0032226.jpg,masks/ISIC_0032226_segmentation.png
5295,train,ISIC_0027127,images/ISIC_0027127.jpg,masks/ISIC_0027127_segmentation.png
5296,train,ISIC_0025283,images/ISIC_0025283.jpg,masks/ISIC_0025283_segmentation.png
5297,train,ISIC_0033176,images/ISIC_0033176.jpg,masks/ISIC_0033176_segmentation.png
5298,train,ISIC_0034063,images/ISIC_0034063.jpg,masks/ISIC_0034063_segmentation.png
5299,train,ISIC_0031007,images/ISIC_0031007.jpg,masks/ISIC_0031007_segmentation.png
5300,train,ISIC_0031774,images/ISIC_0031774.jpg,masks/ISIC_0031774_segmentation.png
5301,train,ISIC_0027322,images/ISIC_0027322.jpg,masks/ISIC_0027322_segmentation.png
5302,train,ISIC_0025618,images/ISIC_0025618.jpg,masks/ISIC_0025618_segmentation.png
5303,train,ISIC_0031532,images/ISIC_0031532.jpg,masks/ISIC_0031532_segmentation.png
5304,train,ISIC_0025619,images/ISIC_0025619.jpg,masks/ISIC_0025619_segmentation.png
5305,train,ISIC_0025497,images/ISIC_0025497.jpg,masks/ISIC_0025497_segmentation.png
5306,train,ISIC_0027138,images/ISIC_0027138.jpg,masks/ISIC_0027138_segmentation.png
5307,train,ISIC_0027930,images/ISIC_0027930.jpg,masks/ISIC_0027930_segmentation.png
5308,train,ISIC_0024549,images/ISIC_0024549.jpg,masks/ISIC_0024549_segmentation.png
5309,train,ISIC_0034314,images/ISIC_0034314.jpg,masks/ISIC_0034314_segmentation.png
5310,train,ISIC_0029642,images/ISIC_0029642.jpg,masks/ISIC_0029642_segmentation.png
5311,train,ISIC_0024377,images/ISIC_0024377.jpg,masks/ISIC_0024377_segmentation.png
5312,train,ISIC_0027062,images/ISIC_0027062.jpg,masks/ISIC_0027062_segmentation.png
5313,train,ISIC_0025818,images/ISIC_0025818.jpg,masks/ISIC_0025818_segmentation.png
5314,train,ISIC_0030710,images/ISIC_0030710.jpg,masks/ISIC_0030710_segmentation.png
5315,train,ISIC_0025849,images/ISIC_0025849.jpg,masks/ISIC_0025849_segmentation.png
5316,train,ISIC_0033448,images/ISIC_0033448.jpg,masks/ISIC_0033448_segmentation.png
5317,train,ISIC_0030039,images/ISIC_0030039.jpg,masks/ISIC_0030039_segmentation.png
5318,train,ISIC_0024702,images/ISIC_0024702.jpg,masks/ISIC_0024702_segmentation.png
5319,train,ISIC_0029728,images/ISIC_0029728.jpg,masks/ISIC_0029728_segmentation.png
5320,train,ISIC_0025696,images/ISIC_0025696.jpg,masks/ISIC_0025696_segmentation.png
5321,train,ISIC_0024622,images/ISIC_0024622.jpg,masks/ISIC_0024622_segmentation.png
5322,train,ISIC_0024968,images/ISIC_0024968.jpg,masks/ISIC_0024968_segmentation.png
5323,train,ISIC_0032401,images/ISIC_0032401.jpg,masks/ISIC_0032401_segmentation.png
5324,train,ISIC_0029785,images/ISIC_0029785.jpg,masks/ISIC_0029785_segmentation.png
5325,train,ISIC_0028733,images/ISIC_0028733.jpg,masks/ISIC_0028733_segmentation.png
5326,train,ISIC_0024473,images/ISIC_0024473.jpg,masks/ISIC_0024473_segmentation.png
5327,train,ISIC_0029852,images/ISIC_0029852.jpg,masks/ISIC_0029852_segmentation.png
5328,train,ISIC_0031183,images/ISIC_0031183.jpg,masks/ISIC_0031183_segmentation.png
5329,train,ISIC_0034178,images/ISIC_0034178.jpg,masks/ISIC_0034178_segmentation.png
5330,train,ISIC_0031731,images/ISIC_0031731.jpg,masks/ISIC_0031731_segmentation.png
5331,train,ISIC_0033475,images/ISIC_0033475.jpg,masks/ISIC_0033475_segmentation.png
5332,train,ISIC_0029028,images/ISIC_0029028.jpg,masks/ISIC_0029028_segmentation.png
5333,train,ISIC_0031714,images/ISIC_0031714.jpg,masks/ISIC_0031714_segmentation.png
5334,train,ISIC_0029733,images/ISIC_0029733.jpg,masks/ISIC_0029733_segmentation.png
5335,train,ISIC_0030726,images/ISIC_0030726.jpg,masks/ISIC_0030726_segmentation.png
5336,train,ISIC_0028062,images/ISIC_0028062.jpg,masks/ISIC_0028062_segmentation.png
5337,train,ISIC_0034060,images/ISIC_0034060.jpg,masks/ISIC_0034060_segmentation.png
5338,train,ISIC_0027192,images/ISIC_0027192.jpg,masks/ISIC_0027192_segmentation.png
5339,train,ISIC_0033034,images/ISIC_0033034.jpg,masks/ISIC_0033034_segmentation.png
5340,train,ISIC_0033780,images/ISIC_0033780.jpg,masks/ISIC_0033780_segmentation.png
5341,train,ISIC_0030204,images/ISIC_0030204.jpg,masks/ISIC_0030204_segmentation.png
5342,train,ISIC_0025607,images/ISIC_0025607.jpg,masks/ISIC_0025607_segmentation.png
5343,train,ISIC_0028253,images/ISIC_0028253.jpg,masks/ISIC_0028253_segmentation.png
5344,train,ISIC_0033455,images/ISIC_0033455.jpg,masks/ISIC_0033455_segmentation.png
5345,train,ISIC_0028555,images/ISIC_0028555.jpg,masks/ISIC_0028555_segmentation.png
5346,train,ISIC_0030186,images/ISIC_0030186.jpg,masks/ISIC_0030186_segmentation.png
5347,train,ISIC_0033967,images/ISIC_0033967.jpg,masks/ISIC_0033967_segmentation.png
5348,train,ISIC_0034073,images/ISIC_0034073.jpg,masks/ISIC_0034073_segmentation.png
5349,train,ISIC_0025412,images/ISIC_0025412.jpg,masks/ISIC_0025412_segmentation.png
5350,train,ISIC_0033862,images/ISIC_0033862.jpg,masks/ISIC_0033862_segmentation.png
5351,train,ISIC_0029732,images/ISIC_0029732.jpg,masks/ISIC_0029732_segmentation.png
5352,train,ISIC_0034207,images/ISIC_0034207.jpg,masks/ISIC_0034207_segmentation.png
5353,train,ISIC_0027467,images/ISIC_0027467.jpg,masks/ISIC_0027467_segmentation.png
5354,train,ISIC_0033065,images/ISIC_0033065.jpg,masks/ISIC_0033065_segmentation.png
5355,train,ISIC_0029393,images/ISIC_0029393.jpg,masks/ISIC_0029393_segmentation.png
5356,train,ISIC_0025186,images/ISIC_0025186.jpg,masks/ISIC_0025186_segmentation.png
5357,train,ISIC_0027858,images/ISIC_0027858.jpg,masks/ISIC_0027858_segmentation.png
5358,train,ISIC_0032021,images/ISIC_0032021.jpg,masks/ISIC_0032021_segmentation.png
5359,train,ISIC_0025889,images/ISIC_0025889.jpg,masks/ISIC_0025889_segmentation.png
5360,train,ISIC_0032535,images/ISIC_0032535.jpg,masks/ISIC_0032535_segmentation.png
5361,train,ISIC_0033048,images/ISIC_0033048.jpg,masks/ISIC_0033048_segmentation.png
5362,train,ISIC_0027125,images/ISIC_0027125.jpg,masks/ISIC_0027125_segmentation.png
5363,train,ISIC_0032440,images/ISIC_0032440.jpg,masks/ISIC_0032440_segmentation.png
5364,train,ISIC_0030897,images/ISIC_0030897.jpg,masks/ISIC_0030897_segmentation.png
5365,train,ISIC_0024780,images/ISIC_0024780.jpg,masks/ISIC_0024780_segmentation.png
5366,train,ISIC_0026979,images/ISIC_0026979.jpg,masks/ISIC_0026979_segmentation.png
5367,train,ISIC_0029646,images/ISIC_0029646.jpg,masks/ISIC_0029646_segmentation.png
5368,train,ISIC_0032417,images/ISIC_0032417.jpg,masks/ISIC_0032417_segmentation.png
5369,train,ISIC_0024834,images/ISIC_0024834.jpg,masks/ISIC_0024834_segmentation.png
5370,train,ISIC_0033993,images/ISIC_0033993.jpg,masks/ISIC_0033993_segmentation.png
5371,train,ISIC_0024985,images/ISIC_0024985.jpg,masks/ISIC_0024985_segmentation.png
5372,train,ISIC_0025484,images/ISIC_0025484.jpg,masks/ISIC_0025484_segmentation.png
5373,train,ISIC_0028471,images/ISIC_0028471.jpg,masks/ISIC_0028471_segmentation.png
5374,train,ISIC_0026560,images/ISIC_0026560.jpg,masks/ISIC_0026560_segmentation.png
5375,train,ISIC_0024774,images/ISIC_0024774.jpg,masks/ISIC_0024774_segmentation.png
5376,train,ISIC_0030554,images/ISIC_0030554.jpg,masks/ISIC_0030554_segmentation.png
5377,train,ISIC_0027654,images/ISIC_0027654.jpg,masks/ISIC_0027654_segmentation.png
5378,train,ISIC_0030786,images/ISIC_0030786.jpg,masks/ISIC_0030786_segmentation.png
5379,train,ISIC_0024416,images/ISIC_0024416.jpg,masks/ISIC_0024416_segmentation.png
5380,train,ISIC_0024609,images/ISIC_0024609.jpg,masks/ISIC_0024609_segmentation.png
5381,train,ISIC_0024674,images/ISIC_0024674.jpg,masks/ISIC_0024674_segmentation.png
5382,train,ISIC_0025642,images/ISIC_0025642.jpg,masks/ISIC_0025642_segmentation.png
5383,train,ISIC_0027996,images/ISIC_0027996.jpg,masks/ISIC_0027996_segmentation.png
5384,train,ISIC_0025494,images/ISIC_0025494.jpg,masks/ISIC_0025494_segmentation.png
5385,train,ISIC_0029362,images/ISIC_0029362.jpg,masks/ISIC_0029362_segmentation.png
5386,train,ISIC_0029156,images/ISIC_0029156.jpg,masks/ISIC_0029156_segmentation.png
5387,train,ISIC_0034018,images/ISIC_0034018.jpg,masks/ISIC_0034018_segmentation.png
5388,train,ISIC_0025505,images/ISIC_0025505.jpg,masks/ISIC_0025505_segmentation.png
5389,train,ISIC_0027868,images/ISIC_0027868.jpg,masks/ISIC_0027868_segmentation.png
5390,train,ISIC_0033135,images/ISIC_0033135.jpg,masks/ISIC_0033135_segmentation.png
5391,train,ISIC_0031595,images/ISIC_0031595.jpg,masks/ISIC_0031595_segmentation.png
5392,train,ISIC_0033773,images/ISIC_0033773.jpg,masks/ISIC_0033773_segmentation.png
5393,train,ISIC_0028179,images/ISIC_0028179.jpg,masks/ISIC_0028179_segmentation.png
5394,train,ISIC_0030841,images/ISIC_0030841.jpg,masks/ISIC_0030841_segmentation.png
5395,train,ISIC_0025640,images/ISIC_0025640.jpg,masks/ISIC_0025640_segmentation.png
5396,train,ISIC_0024453,images/ISIC_0024453.jpg,masks/ISIC_0024453_segmentation.png
5397,train,ISIC_0032877,images/ISIC_0032877.jpg,masks/ISIC_0032877_segmentation.png
5398,train,ISIC_0031469,images/ISIC_0031469.jpg,masks/ISIC_0031469_segmentation.png
5399,train,ISIC_0024969,images/ISIC_0024969.jpg,masks/ISIC_0024969_segmentation.png
5400,train,ISIC_0031912,images/ISIC_0031912.jpg,masks/ISIC_0031912_segmentation.png
5401,train,ISIC_0025231,images/ISIC_0025231.jpg,masks/ISIC_0025231_segmentation.png
5402,train,ISIC_0028827,images/ISIC_0028827.jpg,masks/ISIC_0028827_segmentation.png
5403,train,ISIC_0030318,images/ISIC_0030318.jpg,masks/ISIC_0030318_segmentation.png
5404,train,ISIC_0028689,images/ISIC_0028689.jpg,masks/ISIC_0028689_segmentation.png
5405,train,ISIC_0029493,images/ISIC_0029493.jpg,masks/ISIC_0029493_segmentation.png
5406,train,ISIC_0029401,images/ISIC_0029401.jpg,masks/ISIC_0029401_segmentation.png
5407,train,ISIC_0026837,images/ISIC_0026837.jpg,masks/ISIC_0026837_segmentation.png
5408,train,ISIC_0032230,images/ISIC_0032230.jpg,masks/ISIC_0032230_segmentation.png
5409,train,ISIC_0026109,images/ISIC_0026109.jpg,masks/ISIC_0026109_segmentation.png
5410,train,ISIC_0025228,images/ISIC_0025228.jpg,masks/ISIC_0025228_segmentation.png
5411,train,ISIC_0033090,images/ISIC_0033090.jpg,masks/ISIC_0033090_segmentation.png
5412,train,ISIC_0028296,images/ISIC_0028296.jpg,masks/ISIC_0028296_segmentation.png
5413,train,ISIC_0030040,images/ISIC_0030040.jpg,masks/ISIC_0030040_segmentation.png
5414,train,ISIC_0024754,images/ISIC_0024754.jpg,masks/ISIC_0024754_segmentation.png
5415,train,ISIC_0033510,images/ISIC_0033510.jpg,masks/ISIC_0033510_segmentation.png
5416,train,ISIC_0025593,images/ISIC_0025593.jpg,masks/ISIC_0025593_segmentation.png
5417,train,ISIC_0027826,images/ISIC_0027826.jpg,masks/ISIC_0027826_segmentation.png
5418,train,ISIC_0028003,images/ISIC_0028003.jpg,masks/ISIC_0028003_segmentation.png
5419,train,ISIC_0031452,images/ISIC_0031452.jpg,masks/ISIC_0031452_segmentation.png
5420,train,ISIC_0030520,images/ISIC_0030520.jpg,masks/ISIC_0030520_segmentation.png
5421,train,ISIC_0031298,images/ISIC_0031298.jpg,masks/ISIC_0031298_segmentation.png
5422,train,ISIC_0032621,images/ISIC_0032621.jpg,masks/ISIC_0032621_segmentation.png
5423,train,ISIC_0026740,images/ISIC_0026740.jpg,masks/ISIC_0026740_segmentation.png
5424,train,ISIC_0024777,images/ISIC_0024777.jpg,masks/ISIC_0024777_segmentation.png
5425,train,ISIC_0029897,images/ISIC_0029897.jpg,masks/ISIC_0029897_segmentation.png
5426,train,ISIC_0025364,images/ISIC_0025364.jpg,masks/ISIC_0025364_segmentation.png
5427,train,ISIC_0025627,images/ISIC_0025627.jpg,masks/ISIC_0025627_segmentation.png
5428,train,ISIC_0032634,images/ISIC_0032634.jpg,masks/ISIC_0032634_segmentation.png
5429,train,ISIC_0027412,images/ISIC_0027412.jpg,masks/ISIC_0027412_segmentation.png
5430,train,ISIC_0025881,images/ISIC_0025881.jpg,masks/ISIC_0025881_segmentation.png
5431,train,ISIC_0025641,images/ISIC_0025641.jpg,masks/ISIC_0025641_segmentation.png
5432,train,ISIC_0026412,images/ISIC_0026412.jpg,masks/ISIC_0026412_segmentation.png
5433,train,ISIC_0031807,images/ISIC_0031807.jpg,masks/ISIC_0031807_segmentation.png
5434,train,ISIC_0029244,images/ISIC_0029244.jpg,masks/ISIC_0029244_segmentation.png
5435,train,ISIC_0032823,images/ISIC_0032823.jpg,masks/ISIC_0032823_segmentation.png
5436,train,ISIC_0026155,images/ISIC_0026155.jpg,masks/ISIC_0026155_segmentation.png
5437,train,ISIC_0025025,images/ISIC_0025025.jpg,masks/ISIC_0025025_segmentation.png
5438,train,ISIC_0026610,images/ISIC_0026610.jpg,masks/ISIC_0026610_segmentation.png
5439,train,ISIC_0027341,images/ISIC_0027341.jpg,masks/ISIC_0027341_segmentation.png
5440,train,ISIC_0028791,images/ISIC_0028791.jpg,masks/ISIC_0028791_segmentation.png
5441,train,ISIC_0029213,images/ISIC_0029213.jpg,masks/ISIC_0029213_segmentation.png
5442,train,ISIC_0025052,images/ISIC_0025052.jpg,masks/ISIC_0025052_segmentation.png
5443,train,ISIC_0024629,images/ISIC_0024629.jpg,masks/ISIC_0024629_segmentation.png
5444,train,ISIC_0025448,images/ISIC_0025448.jpg,masks/ISIC_0025448_segmentation.png
5445,train,ISIC_0033445,images/ISIC_0033445.jpg,masks/ISIC_0033445_segmentation.png
5446,train,ISIC_0024845,images/ISIC_0024845.jpg,masks/ISIC_0024845_segmentation.png
5447,train,ISIC_0024827,images/ISIC_0024827.jpg,masks/ISIC_0024827_segmentation.png
5448,train,ISIC_0029736,images/ISIC_0029736.jpg,masks/ISIC_0029736_segmentation.png
5449,train,ISIC_0032830,images/ISIC_0032830.jpg,masks/ISIC_0032830_segmentation.png
5450,train,ISIC_0027084,images/ISIC_0027084.jpg,masks/ISIC_0027084_segmentation.png
5451,train,ISIC_0027555,images/ISIC_0027555.jpg,masks/ISIC_0027555_segmentation.png
5452,train,ISIC_0030905,images/ISIC_0030905.jpg,masks/ISIC_0030905_segmentation.png
5453,train,ISIC_0027917,images/ISIC_0027917.jpg,masks/ISIC_0027917_segmentation.png
5454,train,ISIC_0024523,images/ISIC_0024523.jpg,masks/ISIC_0024523_segmentation.png
5455,train,ISIC_0028692,images/ISIC_0028692.jpg,masks/ISIC_0028692_segmentation.png
5456,train,ISIC_0034152,images/ISIC_0034152.jpg,masks/ISIC_0034152_segmentation.png
5457,train,ISIC_0030913,images/ISIC_0030913.jpg,masks/ISIC_0030913_segmentation.png
5458,train,ISIC_0033931,images/ISIC_0033931.jpg,masks/ISIC_0033931_segmentation.png
5459,train,ISIC_0033013,images/ISIC_0033013.jpg,masks/ISIC_0033013_segmentation.png
5460,train,ISIC_0028141,images/ISIC_0028141.jpg,masks/ISIC_0028141_segmentation.png
5461,train,ISIC_0026281,images/ISIC_0026281.jpg,masks/ISIC_0026281_segmentation.png
5462,train,ISIC_0026911,images/ISIC_0026911.jpg,masks/ISIC_0026911_segmentation.png
5463,train,ISIC_0029688,images/ISIC_0029688.jpg,masks/ISIC_0029688_segmentation.png
5464,train,ISIC_0033114,images/ISIC_0033114.jpg,masks/ISIC_0033114_segmentation.png
5465,train,ISIC_0032541,images/ISIC_0032541.jpg,masks/ISIC_0032541_segmentation.png
5466,train,ISIC_0025222,images/ISIC_0025222.jpg,masks/ISIC_0025222_segmentation.png
5467,train,ISIC_0032249,images/ISIC_0032249.jpg,masks/ISIC_0032249_segmentation.png
5468,train,ISIC_0029775,images/ISIC_0029775.jpg,masks/ISIC_0029775_segmentation.png
5469,train,ISIC_0033328,images/ISIC_0033328.jpg,masks/ISIC_0033328_segmentation.png
5470,train,ISIC_0034248,images/ISIC_0034248.jpg,masks/ISIC_0034248_segmentation.png
5471,train,ISIC_0026644,images/ISIC_0026644.jpg,masks/ISIC_0026644_segmentation.png
5472,train,ISIC_0028976,images/ISIC_0028976.jpg,masks/ISIC_0028976_segmentation.png
5473,train,ISIC_0033154,images/ISIC_0033154.jpg,masks/ISIC_0033154_segmentation.png
5474,train,ISIC_0027652,images/ISIC_0027652.jpg,masks/ISIC_0027652_segmentation.png
5475,train,ISIC_0030687,images/ISIC_0030687.jpg,masks/ISIC_0030687_segmentation.png
5476,train,ISIC_0025565,images/ISIC_0025565.jpg,masks/ISIC_0025565_segmentation.png
5477,train,ISIC_0033709,images/ISIC_0033709.jpg,masks/ISIC_0033709_segmentation.png
5478,train,ISIC_0026828,images/ISIC_0026828.jpg,masks/ISIC_0026828_segmentation.png
5479,train,ISIC_0026588,images/ISIC_0026588.jpg,masks/ISIC_0026588_segmentation.png
5480,train,ISIC_0024365,images/ISIC_0024365.jpg,masks/ISIC_0024365_segmentation.png
5481,train,ISIC_0024553,images/ISIC_0024553.jpg,masks/ISIC_0024553_segmentation.png
5482,train,ISIC_0025731,images/ISIC_0025731.jpg,masks/ISIC_0025731_segmentation.png
5483,train,ISIC_0034237,images/ISIC_0034237.jpg,masks/ISIC_0034237_segmentation.png
5484,train,ISIC_0032901,images/ISIC_0032901.jpg,masks/ISIC_0032901_segmentation.png
5485,train,ISIC_0028700,images/ISIC_0028700.jpg,masks/ISIC_0028700_segmentation.png
5486,train,ISIC_0025907,images/ISIC_0025907.jpg,masks/ISIC_0025907_segmentation.png
5487,train,ISIC_0027449,images/ISIC_0027449.jpg,masks/ISIC_0027449_segmentation.png
5488,train,ISIC_0024850,images/ISIC_0024850.jpg,masks/ISIC_0024850_segmentation.png
5489,train,ISIC_0025437,images/ISIC_0025437.jpg,masks/ISIC_0025437_segmentation.png
5490,train,ISIC_0031785,images/ISIC_0031785.jpg,masks/ISIC_0031785_segmentation.png
5491,train,ISIC_0031220,images/ISIC_0031220.jpg,masks/ISIC_0031220_segmentation.png
5492,train,ISIC_0029644,images/ISIC_0029644.jpg,masks/ISIC_0029644_segmentation.png
5493,train,ISIC_0029468,images/ISIC_0029468.jpg,masks/ISIC_0029468_segmentation.png
5494,train,ISIC_0025900,images/ISIC_0025900.jpg,masks/ISIC_0025900_segmentation.png
5495,train,ISIC_0028536,images/ISIC_0028536.jpg,masks/ISIC_0028536_segmentation.png
5496,train,ISIC_0027544,images/ISIC_0027544.jpg,masks/ISIC_0027544_segmentation.png
5497,train,ISIC_0032080,images/ISIC_0032080.jpg,masks/ISIC_0032080_segmentation.png
5498,train,ISIC_0027199,images/ISIC_0027199.jpg,masks/ISIC_0027199_segmentation.png
5499,train,ISIC_0025719,images/ISIC_0025719.jpg,masks/ISIC_0025719_segmentation.png
5500,train,ISIC_0031615,images/ISIC_0031615.jpg,masks/ISIC_0031615_segmentation.png
5501,train,ISIC_0028479,images/ISIC_0028479.jpg,masks/ISIC_0028479_segmentation.png
5502,train,ISIC_0033494,images/ISIC_0033494.jpg,masks/ISIC_0033494_segmentation.png
5503,train,ISIC_0027257,images/ISIC_0027257.jpg,masks/ISIC_0027257_segmentation.png
5504,train,ISIC_0032451,images/ISIC_0032451.jpg,masks/ISIC_0032451_segmentation.png
5505,train,ISIC_0028886,images/ISIC_0028886.jpg,masks/ISIC_0028886_segmentation.png
5506,train,ISIC_0028767,images/ISIC_0028767.jpg,masks/ISIC_0028767_segmentation.png
5507,train,ISIC_0031362,images/ISIC_0031362.jpg,masks/ISIC_0031362_segmentation.png
5508,train,ISIC_0025381,images/ISIC_0025381.jpg,masks/ISIC_0025381_segmentation.png
5509,train,ISIC_0025848,images/ISIC_0025848.jpg,masks/ISIC_0025848_segmentation.png
5510,train,ISIC_0028468,images/ISIC_0028468.jpg,masks/ISIC_0028468_segmentation.png
5511,train,ISIC_0025802,images/ISIC_0025802.jpg,masks/ISIC_0025802_segmentation.png
5512,train,ISIC_0026897,images/ISIC_0026897.jpg,masks/ISIC_0026897_segmentation.png
5513,train,ISIC_0030875,images/ISIC_0030875.jpg,masks/ISIC_0030875_segmentation.png
5514,train,ISIC_0025689,images/ISIC_0025689.jpg,masks/ISIC_0025689_segmentation.png
5515,train,ISIC_0025180,images/ISIC_0025180.jpg,masks/ISIC_0025180_segmentation.png
5516,train,ISIC_0024524,images/ISIC_0024524.jpg,masks/ISIC_0024524_segmentation.png
5517,train,ISIC_0030058,images/ISIC_0030058.jpg,masks/ISIC_0030058_segmentation.png
5518,train,ISIC_0031094,images/ISIC_0031094.jpg,masks/ISIC_0031094_segmentation.png
5519,train,ISIC_0025155,images/ISIC_0025155.jpg,masks/ISIC_0025155_segmentation.png
5520,train,ISIC_0029227,images/ISIC_0029227.jpg,masks/ISIC_0029227_segmentation.png
5521,train,ISIC_0030784,images/ISIC_0030784.jpg,masks/ISIC_0030784_segmentation.png
5522,train,ISIC_0027002,images/ISIC_0027002.jpg,masks/ISIC_0027002_segmentation.png
5523,train,ISIC_0031518,images/ISIC_0031518.jpg,masks/ISIC_0031518_segmentation.png
5524,train,ISIC_0030770,images/ISIC_0030770.jpg,masks/ISIC_0030770_segmentation.png
5525,train,ISIC_0024407,images/ISIC_0024407.jpg,masks/ISIC_0024407_segmentation.png
5526,train,ISIC_0028227,images/ISIC_0028227.jpg,masks/ISIC_0028227_segmentation.png
5527,train,ISIC_0026950,images/ISIC_0026950.jpg,masks/ISIC_0026950_segmentation.png
5528,train,ISIC_0029325,images/ISIC_0029325.jpg,masks/ISIC_0029325_segmentation.png
5529,train,ISIC_0029271,images/ISIC_0029271.jpg,masks/ISIC_0029271_segmentation.png
5530,train,ISIC_0029615,images/ISIC_0029615.jpg,masks/ISIC_0029615_segmentation.png
5531,train,ISIC_0026286,images/ISIC_0026286.jpg,masks/ISIC_0026286_segmentation.png
5532,train,ISIC_0024554,images/ISIC_0024554.jpg,masks/ISIC_0024554_segmentation.png
5533,train,ISIC_0031906,images/ISIC_0031906.jpg,masks/ISIC_0031906_segmentation.png
5534,train,ISIC_0030548,images/ISIC_0030548.jpg,masks/ISIC_0030548_segmentation.png
5535,train,ISIC_0027502,images/ISIC_0027502.jpg,masks/ISIC_0027502_segmentation.png
5536,train,ISIC_0032794,images/ISIC_0032794.jpg,masks/ISIC_0032794_segmentation.png
5537,train,ISIC_0025061,images/ISIC_0025061.jpg,masks/ISIC_0025061_segmentation.png
5538,train,ISIC_0033809,images/ISIC_0033809.jpg,masks/ISIC_0033809_segmentation.png
5539,train,ISIC_0032591,images/ISIC_0032591.jpg,masks/ISIC_0032591_segmentation.png
5540,train,ISIC_0033573,images/ISIC_0033573.jpg,masks/ISIC_0033573_segmentation.png
5541,train,ISIC_0026342,images/ISIC_0026342.jpg,masks/ISIC_0026342_segmentation.png
5542,train,ISIC_0024522,images/ISIC_0024522.jpg,masks/ISIC_0024522_segmentation.png
5543,train,ISIC_0024908,images/ISIC_0024908.jpg,masks/ISIC_0024908_segmentation.png
5544,train,ISIC_0033836,images/ISIC_0033836.jpg,masks/ISIC_0033836_segmentation.png
5545,train,ISIC_0030766,images/ISIC_0030766.jpg,masks/ISIC_0030766_segmentation.png
5546,train,ISIC_0027998,images/ISIC_0027998.jpg,masks/ISIC_0027998_segmentation.png
5547,train,ISIC_0032928,images/ISIC_0032928.jpg,masks/ISIC_0032928_segmentation.png
5548,train,ISIC_0033469,images/ISIC_0033469.jpg,masks/ISIC_0033469_segmentation.png
5549,train,ISIC_0032089,images/ISIC_0032089.jpg,masks/ISIC_0032089_segmentation.png
5550,train,ISIC_0026597,images/ISIC_0026597.jpg,masks/ISIC_0026597_segmentation.png
5551,train,ISIC_0031208,images/ISIC_0031208.jpg,masks/ISIC_0031208_segmentation.png
5552,train,ISIC_0029179,images/ISIC_0029179.jpg,masks/ISIC_0029179_segmentation.png
5553,train,ISIC_0027407,images/ISIC_0027407.jpg,masks/ISIC_0027407_segmentation.png
5554,train,ISIC_0025488,images/ISIC_0025488.jpg,masks/ISIC_0025488_segmentation.png
5555,train,ISIC_0029115,images/ISIC_0029115.jpg,masks/ISIC_0029115_segmentation.png
5556,train,ISIC_0030685,images/ISIC_0030685.jpg,masks/ISIC_0030685_segmentation.png
5557,train,ISIC_0027907,images/ISIC_0027907.jpg,masks/ISIC_0027907_segmentation.png
5558,train,ISIC_0024425,images/ISIC_0024425.jpg,masks/ISIC_0024425_segmentation.png
5559,train,ISIC_0025328,images/ISIC_0025328.jpg,masks/ISIC_0025328_segmentation.png
5560,train,ISIC_0027668,images/ISIC_0027668.jpg,masks/ISIC_0027668_segmentation.png
5561,train,ISIC_0032596,images/ISIC_0032596.jpg,masks/ISIC_0032596_segmentation.png
5562,train,ISIC_0027778,images/ISIC_0027778.jpg,masks/ISIC_0027778_segmentation.png
5563,train,ISIC_0030918,images/ISIC_0030918.jpg,masks/ISIC_0030918_segmentation.png
5564,train,ISIC_0029231,images/ISIC_0029231.jpg,masks/ISIC_0029231_segmentation.png
5565,train,ISIC_0033956,images/ISIC_0033956.jpg,masks/ISIC_0033956_segmentation.png
5566,train,ISIC_0024440,images/ISIC_0024440.jpg,masks/ISIC_0024440_segmentation.png
5567,train,ISIC_0034034,images/ISIC_0034034.jpg,masks/ISIC_0034034_segmentation.png
5568,train,ISIC_0028121,images/ISIC_0028121.jpg,masks/ISIC_0028121_segmentation.png
5569,train,ISIC_0031233,images/ISIC_0031233.jpg,masks/ISIC_0031233_segmentation.png
5570,train,ISIC_0032958,images/ISIC_0032958.jpg,masks/ISIC_0032958_segmentation.png
5571,train,ISIC_0026544,images/ISIC_0026544.jpg,masks/ISIC_0026544_segmentation.png
5572,train,ISIC_0033320,images/ISIC_0033320.jpg,masks/ISIC_0033320_segmentation.png
5573,train,ISIC_0032707,images/ISIC_0032707.jpg,masks/ISIC_0032707_segmentation.png
5574,train,ISIC_0025357,images/ISIC_0025357.jpg,masks/ISIC_0025357_segmentation.png
5575,train,ISIC_0030218,images/ISIC_0030218.jpg,masks/ISIC_0030218_segmentation.png
5576,train,ISIC_0031033,images/ISIC_0031033.jpg,masks/ISIC_0031033_segmentation.png
5577,train,ISIC_0024773,images/ISIC_0024773.jpg,masks/ISIC_0024773_segmentation.png
5578,train,ISIC_0032781,images/ISIC_0032781.jpg,masks/ISIC_0032781_segmentation.png
5579,train,ISIC_0026480,images/ISIC_0026480.jpg,masks/ISIC_0026480_segmentation.png
5580,train,ISIC_0034044,images/ISIC_0034044.jpg,masks/ISIC_0034044_segmentation.png
5581,train,ISIC_0033842,images/ISIC_0033842.jpg,masks/ISIC_0033842_segmentation.png
5582,train,ISIC_0027551,images/ISIC_0027551.jpg,masks/ISIC_0027551_segmentation.png
5583,train,ISIC_0033244,images/ISIC_0033244.jpg,masks/ISIC_0033244_segmentation.png
5584,train,ISIC_0030585,images/ISIC_0030585.jpg,masks/ISIC_0030585_segmentation.png
5585,train,ISIC_0024658,images/ISIC_0024658.jpg,masks/ISIC_0024658_segmentation.png
5586,train,ISIC_0029450,images/ISIC_0029450.jpg,masks/ISIC_0029450_segmentation.png
5587,train,ISIC_0031133,images/ISIC_0031133.jpg,masks/ISIC_0031133_segmentation.png
5588,train,ISIC_0025017,images/ISIC_0025017.jpg,masks/ISIC_0025017_segmentation.png
5589,train,ISIC_0031772,images/ISIC_0031772.jpg,masks/ISIC_0031772_segmentation.png
5590,train,ISIC_0027730,images/ISIC_0027730.jpg,masks/ISIC_0027730_segmentation.png
5591,train,ISIC_0024380,images/ISIC_0024380.jpg,masks/ISIC_0024380_segmentation.png
5592,train,ISIC_0032290,images/ISIC_0032290.jpg,masks/ISIC_0032290_segmentation.png
5593,train,ISIC_0025499,images/ISIC_0025499.jpg,masks/ISIC_0025499_segmentation.png
5594,train,ISIC_0024975,images/ISIC_0024975.jpg,masks/ISIC_0024975_segmentation.png
5595,train,ISIC_0033837,images/ISIC_0033837.jpg,masks/ISIC_0033837_segmentation.png
5596,train,ISIC_0025685,images/ISIC_0025685.jpg,masks/ISIC_0025685_segmentation.png
5597,train,ISIC_0024682,images/ISIC_0024682.jpg,masks/ISIC_0024682_segmentation.png
5598,train,ISIC_0024831,images/ISIC_0024831.jpg,masks/ISIC_0024831_segmentation.png
5599,train,ISIC_0033589,images/ISIC_0033589.jpg,masks/ISIC_0033589_segmentation.png
5600,train,ISIC_0031001,images/ISIC_0031001.jpg,masks/ISIC_0031001_segmentation.png
5601,train,ISIC_0027793,images/ISIC_0027793.jpg,masks/ISIC_0027793_segmentation.png
5602,train,ISIC_0030656,images/ISIC_0030656.jpg,masks/ISIC_0030656_segmentation.png
5603,train,ISIC_0024544,images/ISIC_0024544.jpg,masks/ISIC_0024544_segmentation.png
5604,train,ISIC_0024924,images/ISIC_0024924.jpg,masks/ISIC_0024924_segmentation.png
5605,train,ISIC_0030279,images/ISIC_0030279.jpg,masks/ISIC_0030279_segmentation.png
5606,train,ISIC_0031591,images/ISIC_0031591.jpg,masks/ISIC_0031591_segmentation.png
5607,train,ISIC_0030982,images/ISIC_0030982.jpg,masks/ISIC_0030982_segmentation.png
5608,train,ISIC_0025211,images/ISIC_0025211.jpg,masks/ISIC_0025211_segmentation.png
5609,train,ISIC_0026558,images/ISIC_0026558.jpg,masks/ISIC_0026558_segmentation.png
5610,train,ISIC_0024984,images/ISIC_0024984.jpg,masks/ISIC_0024984_segmentation.png
5611,train,ISIC_0032529,images/ISIC_0032529.jpg,masks/ISIC_0032529_segmentation.png
5612,train,ISIC_0028871,images/ISIC_0028871.jpg,masks/ISIC_0028871_segmentation.png
5613,train,ISIC_0029823,images/ISIC_0029823.jpg,masks/ISIC_0029823_segmentation.png
5614,train,ISIC_0026878,images/ISIC_0026878.jpg,masks/ISIC_0026878_segmentation.png
5615,train,ISIC_0029770,images/ISIC_0029770.jpg,masks/ISIC_0029770_segmentation.png
5616,train,ISIC_0029400,images/ISIC_0029400.jpg,masks/ISIC_0029400_segmentation.png
5617,train,ISIC_0028912,images/ISIC_0028912.jpg,masks/ISIC_0028912_segmentation.png
5618,train,ISIC_0033897,images/ISIC_0033897.jpg,masks/ISIC_0033897_segmentation.png
5619,train,ISIC_0026293,images/ISIC_0026293.jpg,masks/ISIC_0026293_segmentation.png
5620,train,ISIC_0027269,images/ISIC_0027269.jpg,masks/ISIC_0027269_segmentation.png
5621,train,ISIC_0027523,images/ISIC_0027523.jpg,masks/ISIC_0027523_segmentation.png
5622,train,ISIC_0025653,images/ISIC_0025653.jpg,masks/ISIC_0025653_segmentation.png
5623,train,ISIC_0030154,images/ISIC_0030154.jpg,masks/ISIC_0030154_segmentation.png
5624,train,ISIC_0027349,images/ISIC_0027349.jpg,masks/ISIC_0027349_segmentation.png
5625,train,ISIC_0033778,images/ISIC_0033778.jpg,masks/ISIC_0033778_segmentation.png
5626,train,ISIC_0028770,images/ISIC_0028770.jpg,masks/ISIC_0028770_segmentation.png
5627,train,ISIC_0034283,images/ISIC_0034283.jpg,masks/ISIC_0034283_segmentation.png
5628,train,ISIC_0026096,images/ISIC_0026096.jpg,masks/ISIC_0026096_segmentation.png
5629,train,ISIC_0030952,images/ISIC_0030952.jpg,masks/ISIC_0030952_segmentation.png
5630,train,ISIC_0030079,images/ISIC_0030079.jpg,masks/ISIC_0030079_segmentation.png
5631,train,ISIC_0030083,images/ISIC_0030083.jpg,masks/ISIC_0030083_segmentation.png
5632,train,ISIC_0033693,images/ISIC_0033693.jpg,masks/ISIC_0033693_segmentation.png
5633,train,ISIC_0024555,images/ISIC_0024555.jpg,masks/ISIC_0024555_segmentation.png
5634,train,ISIC_0029479,images/ISIC_0029479.jpg,masks/ISIC_0029479_segmentation.png
5635,train,ISIC_0025693,images/ISIC_0025693.jpg,masks/ISIC_0025693_segmentation.png
5636,train,ISIC_0026793,images/ISIC_0026793.jpg,masks/ISIC_0026793_segmentation.png
5637,train,ISIC_0030964,images/ISIC_0030964.jpg,masks/ISIC_0030964_segmentation.png
5638,train,ISIC_0033037,images/ISIC_0033037.jpg,masks/ISIC_0033037_segmentation.png
5639,train,ISIC_0026688,images/ISIC_0026688.jpg,masks/ISIC_0026688_segmentation.png
5640,train,ISIC_0031228,images/ISIC_0031228.jpg,masks/ISIC_0031228_segmentation.png
5641,train,ISIC_0031612,images/ISIC_0031612.jpg,masks/ISIC_0031612_segmentation.png
5642,train,ISIC_0032357,images/ISIC_0032357.jpg,masks/ISIC_0032357_segmentation.png
5643,train,ISIC_0033628,images/ISIC_0033628.jpg,masks/ISIC_0033628_segmentation.png
5644,train,ISIC_0032736,images/ISIC_0032736.jpg,masks/ISIC_0032736_segmentation.png
5645,train,ISIC_0029714,images/ISIC_0029714.jpg,masks/ISIC_0029714_segmentation.png
5646,train,ISIC_0030450,images/ISIC_0030450.jpg,masks/ISIC_0030450_segmentation.png
5647,train,ISIC_0029475,images/ISIC_0029475.jpg,masks/ISIC_0029475_segmentation.png
5648,train,ISIC_0032559,images/ISIC_0032559.jpg,masks/ISIC_0032559_segmentation.png
5649,train,ISIC_0027530,images/ISIC_0027530.jpg,masks/ISIC_0027530_segmentation.png
5650,train,ISIC_0032501,images/ISIC_0032501.jpg,masks/ISIC_0032501_segmentation.png
5651,train,ISIC_0030587,images/ISIC_0030587.jpg,masks/ISIC_0030587_segmentation.png
5652,train,ISIC_0032309,images/ISIC_0032309.jpg,masks/ISIC_0032309_segmentation.png
5653,train,ISIC_0025662,images/ISIC_0025662.jpg,masks/ISIC_0025662_segmentation.png
5654,train,ISIC_0028031,images/ISIC_0028031.jpg,masks/ISIC_0028031_segmentation.png
5655,train,ISIC_0027533,images/ISIC_0027533.jpg,masks/ISIC_0027533_segmentation.png
5656,train,ISIC_0027224,images/ISIC_0027224.jpg,masks/ISIC_0027224_segmentation.png
5657,train,ISIC_0030070,images/ISIC_0030070.jpg,masks/ISIC_0030070_segmentation.png
5658,train,ISIC_0031626,images/ISIC_0031626.jpg,masks/ISIC_0031626_segmentation.png
5659,train,ISIC_0025354,images/ISIC_0025354.jpg,masks/ISIC_0025354_segmentation.png
5660,train,ISIC_0032123,images/ISIC_0032123.jpg,masks/ISIC_0032123_segmentation.png
5661,train,ISIC_0031387,images/ISIC_0031387.jpg,masks/ISIC_0031387_segmentation.png
5662,train,ISIC_0026831,images/ISIC_0026831.jpg,masks/ISIC_0026831_segmentation.png
5663,train,ISIC_0028987,images/ISIC_0028987.jpg,masks/ISIC_0028987_segmentation.png
5664,train,ISIC_0028341,images/ISIC_0028341.jpg,masks/ISIC_0028341_segmentation.png
5665,train,ISIC_0024359,images/ISIC_0024359.jpg,masks/ISIC_0024359_segmentation.png
5666,train,ISIC_0029707,images/ISIC_0029707.jpg,masks/ISIC_0029707_segmentation.png
5667,train,ISIC_0024406,images/ISIC_0024406.jpg,masks/ISIC_0024406_segmentation.png
5668,train,ISIC_0033023,images/ISIC_0033023.jpg,masks/ISIC_0033023_segmentation.png
5669,train,ISIC_0024974,images/ISIC_0024974.jpg,masks/ISIC_0024974_segmentation.png
5670,train,ISIC_0026496,images/ISIC_0026496.jpg,masks/ISIC_0026496_segmentation.png
5671,train,ISIC_0026536,images/ISIC_0026536.jpg,masks/ISIC_0026536_segmentation.png
5672,train,ISIC_0030156,images/ISIC_0030156.jpg,masks/ISIC_0030156_segmentation.png
5673,train,ISIC_0031997,images/ISIC_0031997.jpg,masks/ISIC_0031997_segmentation.png
5674,train,ISIC_0026806,images/ISIC_0026806.jpg,masks/ISIC_0026806_segmentation.png
5675,train,ISIC_0027834,images/ISIC_0027834.jpg,masks/ISIC_0027834_segmentation.png
5676,train,ISIC_0029877,images/ISIC_0029877.jpg,masks/ISIC_0029877_segmentation.png
5677,train,ISIC_0032130,images/ISIC_0032130.jpg,masks/ISIC_0032130_segmentation.png
5678,train,ISIC_0029831,images/ISIC_0029831.jpg,masks/ISIC_0029831_segmentation.png
5679,train,ISIC_0029712,images/ISIC_0029712.jpg,masks/ISIC_0029712_segmentation.png
5680,train,ISIC_0028544,images/ISIC_0028544.jpg,masks/ISIC_0028544_segmentation.png
5681,train,ISIC_0031098,images/ISIC_0031098.jpg,masks/ISIC_0031098_segmentation.png
5682,train,ISIC_0031372,images/ISIC_0031372.jpg,masks/ISIC_0031372_segmentation.png
5683,train,ISIC_0027340,images/ISIC_0027340.jpg,masks/ISIC_0027340_segmentation.png
5684,train,ISIC_0027769,images/ISIC_0027769.jpg,masks/ISIC_0027769_segmentation.png
5685,train,ISIC_0029912,images/ISIC_0029912.jpg,masks/ISIC_0029912_segmentation.png
5686,train,ISIC_0026122,images/ISIC_0026122.jpg,masks/ISIC_0026122_segmentation.png
5687,train,ISIC_0029386,images/ISIC_0029386.jpg,masks/ISIC_0029386_segmentation.png
5688,train,ISIC_0024581,images/ISIC_0024581.jpg,masks/ISIC_0024581_segmentation.png
5689,train,ISIC_0026285,images/ISIC_0026285.jpg,masks/ISIC_0026285_segmentation.png
5690,train,ISIC_0033935,images/ISIC_0033935.jpg,masks/ISIC_0033935_segmentation.png
5691,train,ISIC_0029999,images/ISIC_0029999.jpg,masks/ISIC_0029999_segmentation.png
5692,train,ISIC_0028379,images/ISIC_0028379.jpg,masks/ISIC_0028379_segmentation.png
5693,train,ISIC_0030870,images/ISIC_0030870.jpg,masks/ISIC_0030870_segmentation.png
5694,train,ISIC_0024698,images/ISIC_0024698.jpg,masks/ISIC_0024698_segmentation.png
5695,train,ISIC_0031472,images/ISIC_0031472.jpg,masks/ISIC_0031472_segmentation.png
5696,train,ISIC_0030246,images/ISIC_0030246.jpg,masks/ISIC_0030246_segmentation.png
5697,train,ISIC_0032344,images/ISIC_0032344.jpg,masks/ISIC_0032344_segmentation.png
5698,train,ISIC_0033794,images/ISIC_0033794.jpg,masks/ISIC_0033794_segmentation.png
5699,train,ISIC_0034208,images/ISIC_0034208.jpg,masks/ISIC_0034208_segmentation.png
5700,train,ISIC_0032872,images/ISIC_0032872.jpg,masks/ISIC_0032872_segmentation.png
5701,train,ISIC_0033659,images/ISIC_0033659.jpg,masks/ISIC_0033659_segmentation.png
5702,train,ISIC_0025959,images/ISIC_0025959.jpg,masks/ISIC_0025959_segmentation.png
5703,train,ISIC_0031003,images/ISIC_0031003.jpg,masks/ISIC_0031003_segmentation.png
5704,train,ISIC_0024750,images/ISIC_0024750.jpg,masks/ISIC_0024750_segmentation.png
5705,train,ISIC_0026697,images/ISIC_0026697.jpg,masks/ISIC_0026697_segmentation.png
5706,train,ISIC_0028091,images/ISIC_0028091.jpg,masks/ISIC_0028091_segmentation.png
5707,train,ISIC_0032524,images/ISIC_0032524.jpg,masks/ISIC_0032524_segmentation.png
5708,train,ISIC_0032045,images/ISIC_0032045.jpg,masks/ISIC_0032045_segmentation.png
5709,train,ISIC_0025112,images/ISIC_0025112.jpg,masks/ISIC_0025112_segmentation.png
5710,train,ISIC_0031246,images/ISIC_0031246.jpg,masks/ISIC_0031246_segmentation.png
5711,train,ISIC_0033210,images/ISIC_0033210.jpg,masks/ISIC_0033210_segmentation.png
5712,train,ISIC_0025262,images/ISIC_0025262.jpg,masks/ISIC_0025262_segmentation.png
5713,train,ISIC_0027356,images/ISIC_0027356.jpg,masks/ISIC_0027356_segmentation.png
5714,train,ISIC_0026717,images/ISIC_0026717.jpg,masks/ISIC_0026717_segmentation.png
5715,train,ISIC_0031917,images/ISIC_0031917.jpg,masks/ISIC_0031917_segmentation.png
5716,train,ISIC_0032825,images/ISIC_0032825.jpg,masks/ISIC_0032825_segmentation.png
5717,train,ISIC_0029237,images/ISIC_0029237.jpg,masks/ISIC_0029237_segmentation.png
5718,train,ISIC_0024469,images/ISIC_0024469.jpg,masks/ISIC_0024469_segmentation.png
5719,train,ISIC_0031270,images/ISIC_0031270.jpg,masks/ISIC_0031270_segmentation.png
5720,train,ISIC_0031801,images/ISIC_0031801.jpg,masks/ISIC_0031801_segmentation.png
5721,train,ISIC_0029312,images/ISIC_0029312.jpg,masks/ISIC_0029312_segmentation.png
5722,train,ISIC_0031952,images/ISIC_0031952.jpg,masks/ISIC_0031952_segmentation.png
5723,train,ISIC_0024627,images/ISIC_0024627.jpg,masks/ISIC_0024627_segmentation.png
5724,train,ISIC_0031042,images/ISIC_0031042.jpg,masks/ISIC_0031042_segmentation.png
5725,train,ISIC_0029092,images/ISIC_0029092.jpg,masks/ISIC_0029092_segmentation.png
5726,train,ISIC_0029696,images/ISIC_0029696.jpg,masks/ISIC_0029696_segmentation.png
5727,train,ISIC_0030249,images/ISIC_0030249.jpg,masks/ISIC_0030249_segmentation.png
5728,train,ISIC_0029599,images/ISIC_0029599.jpg,masks/ISIC_0029599_segmentation.png
5729,train,ISIC_0033599,images/ISIC_0033599.jpg,masks/ISIC_0033599_segmentation.png
5730,train,ISIC_0027642,images/ISIC_0027642.jpg,masks/ISIC_0027642_segmentation.png
5731,train,ISIC_0034031,images/ISIC_0034031.jpg,masks/ISIC_0034031_segmentation.png
5732,train,ISIC_0032081,images/ISIC_0032081.jpg,masks/ISIC_0032081_segmentation.png
5733,train,ISIC_0026910,images/ISIC_0026910.jpg,masks/ISIC_0026910_segmentation.png
5734,train,ISIC_0026036,images/ISIC_0026036.jpg,masks/ISIC_0026036_segmentation.png
5735,train,ISIC_0029708,images/ISIC_0029708.jpg,masks/ISIC_0029708_segmentation.png
5736,train,ISIC_0028360,images/ISIC_0028360.jpg,masks/ISIC_0028360_segmentation.png
5737,train,ISIC_0031402,images/ISIC_0031402.jpg,masks/ISIC_0031402_segmentation.png
5738,train,ISIC_0028356,images/ISIC_0028356.jpg,masks/ISIC_0028356_segmentation.png
5739,train,ISIC_0032287,images/ISIC_0032287.jpg,masks/ISIC_0032287_segmentation.png
5740,train,ISIC_0026411,images/ISIC_0026411.jpg,masks/ISIC_0026411_segmentation.png
5741,train,ISIC_0026966,images/ISIC_0026966.jpg,masks/ISIC_0026966_segmentation.png
5742,train,ISIC_0027501,images/ISIC_0027501.jpg,masks/ISIC_0027501_segmentation.png
5743,train,ISIC_0024941,images/ISIC_0024941.jpg,masks/ISIC_0024941_segmentation.png
5744,train,ISIC_0030298,images/ISIC_0030298.jpg,masks/ISIC_0030298_segmentation.png
5745,train,ISIC_0026071,images/ISIC_0026071.jpg,masks/ISIC_0026071_segmentation.png
5746,train,ISIC_0027798,images/ISIC_0027798.jpg,masks/ISIC_0027798_segmentation.png
5747,train,ISIC_0031154,images/ISIC_0031154.jpg,masks/ISIC_0031154_segmentation.png
5748,train,ISIC_0031394,images/ISIC_0031394.jpg,masks/ISIC_0031394_segmentation.png
5749,train,ISIC_0031708,images/ISIC_0031708.jpg,masks/ISIC_0031708_segmentation.png
5750,train,ISIC_0032999,images/ISIC_0032999.jpg,masks/ISIC_0032999_segmentation.png
5751,train,ISIC_0030299,images/ISIC_0030299.jpg,masks/ISIC_0030299_segmentation.png
5752,train,ISIC_0030121,images/ISIC_0030121.jpg,masks/ISIC_0030121_segmentation.png
5753,train,ISIC_0034082,images/ISIC_0034082.jpg,masks/ISIC_0034082_segmentation.png
5754,train,ISIC_0029050,images/ISIC_0029050.jpg,masks/ISIC_0029050_segmentation.png
5755,train,ISIC_0029595,images/ISIC_0029595.jpg,masks/ISIC_0029595_segmentation.png
5756,train,ISIC_0025420,images/ISIC_0025420.jpg,masks/ISIC_0025420_segmentation.png
5757,train,ISIC_0027767,images/ISIC_0027767.jpg,masks/ISIC_0027767_segmentation.png
5758,train,ISIC_0026205,images/ISIC_0026205.jpg,masks/ISIC_0026205_segmentation.png
5759,train,ISIC_0024472,images/ISIC_0024472.jpg,masks/ISIC_0024472_segmentation.png
5760,train,ISIC_0027394,images/ISIC_0027394.jpg,masks/ISIC_0027394_segmentation.png
5761,train,ISIC_0025445,images/ISIC_0025445.jpg,masks/ISIC_0025445_segmentation.png
5762,train,ISIC_0024734,images/ISIC_0024734.jpg,masks/ISIC_0024734_segmentation.png
5763,train,ISIC_0029824,images/ISIC_0029824.jpg,masks/ISIC_0029824_segmentation.png
5764,train,ISIC_0029627,images/ISIC_0029627.jpg,masks/ISIC_0029627_segmentation.png
5765,train,ISIC_0027819,images/ISIC_0027819.jpg,masks/ISIC_0027819_segmentation.png
5766,train,ISIC_0025193,images/ISIC_0025193.jpg,masks/ISIC_0025193_segmentation.png
5767,train,ISIC_0024628,images/ISIC_0024628.jpg,masks/ISIC_0024628_segmentation.png
5768,train,ISIC_0031482,images/ISIC_0031482.jpg,masks/ISIC_0031482_segmentation.png
5769,train,ISIC_0025839,images/ISIC_0025839.jpg,masks/ISIC_0025839_segmentation.png
5770,train,ISIC_0025326,images/ISIC_0025326.jpg,masks/ISIC_0025326_segmentation.png
5771,train,ISIC_0032599,images/ISIC_0032599.jpg,masks/ISIC_0032599_segmentation.png
5772,train,ISIC_0033876,images/ISIC_0033876.jpg,masks/ISIC_0033876_segmentation.png
5773,train,ISIC_0027151,images/ISIC_0027151.jpg,masks/ISIC_0027151_segmentation.png
5774,train,ISIC_0033963,images/ISIC_0033963.jpg,masks/ISIC_0033963_segmentation.png
5775,train,ISIC_0029454,images/ISIC_0029454.jpg,masks/ISIC_0029454_segmentation.png
5776,train,ISIC_0026139,images/ISIC_0026139.jpg,masks/ISIC_0026139_segmentation.png
5777,train,ISIC_0026432,images/ISIC_0026432.jpg,masks/ISIC_0026432_segmentation.png
5778,train,ISIC_0033479,images/ISIC_0033479.jpg,masks/ISIC_0033479_segmentation.png
5779,train,ISIC_0034222,images/ISIC_0034222.jpg,masks/ISIC_0034222_segmentation.png
5780,train,ISIC_0033847,images/ISIC_0033847.jpg,masks/ISIC_0033847_segmentation.png
5781,train,ISIC_0031453,images/ISIC_0031453.jpg,masks/ISIC_0031453_segmentation.png
5782,train,ISIC_0031280,images/ISIC_0031280.jpg,masks/ISIC_0031280_segmentation.png
5783,train,ISIC_0026372,images/ISIC_0026372.jpg,masks/ISIC_0026372_segmentation.png
5784,train,ISIC_0028260,images/ISIC_0028260.jpg,masks/ISIC_0028260_segmentation.png
5785,train,ISIC_0028040,images/ISIC_0028040.jpg,masks/ISIC_0028040_segmentation.png
5786,train,ISIC_0024657,images/ISIC_0024657.jpg,masks/ISIC_0024657_segmentation.png
5787,train,ISIC_0032371,images/ISIC_0032371.jpg,masks/ISIC_0032371_segmentation.png
5788,train,ISIC_0028195,images/ISIC_0028195.jpg,masks/ISIC_0028195_segmentation.png
5789,train,ISIC_0027018,images/ISIC_0027018.jpg,masks/ISIC_0027018_segmentation.png
5790,train,ISIC_0025525,images/ISIC_0025525.jpg,masks/ISIC_0025525_segmentation.png
5791,train,ISIC_0034269,images/ISIC_0034269.jpg,masks/ISIC_0034269_segmentation.png
5792,train,ISIC_0033337,images/ISIC_0033337.jpg,masks/ISIC_0033337_segmentation.png
5793,train,ISIC_0027025,images/ISIC_0027025.jpg,masks/ISIC_0027025_segmentation.png
5794,train,ISIC_0033592,images/ISIC_0033592.jpg,masks/ISIC_0033592_segmentation.png
5795,train,ISIC_0032767,images/ISIC_0032767.jpg,masks/ISIC_0032767_segmentation.png
5796,train,ISIC_0024368,images/ISIC_0024368.jpg,masks/ISIC_0024368_segmentation.png
5797,train,ISIC_0033230,images/ISIC_0033230.jpg,masks/ISIC_0033230_segmentation.png
5798,train,ISIC_0024311,images/ISIC_0024311.jpg,masks/ISIC_0024311_segmentation.png
5799,train,ISIC_0028581,images/ISIC_0028581.jpg,masks/ISIC_0028581_segmentation.png
5800,train,ISIC_0024586,images/ISIC_0024586.jpg,masks/ISIC_0024586_segmentation.png
5801,train,ISIC_0029345,images/ISIC_0029345.jpg,masks/ISIC_0029345_segmentation.png
5802,train,ISIC_0026628,images/ISIC_0026628.jpg,masks/ISIC_0026628_segmentation.png
5803,train,ISIC_0033689,images/ISIC_0033689.jpg,masks/ISIC_0033689_segmentation.png
5804,train,ISIC_0026153,images/ISIC_0026153.jpg,masks/ISIC_0026153_segmentation.png
5805,train,ISIC_0028120,images/ISIC_0028120.jpg,masks/ISIC_0028120_segmentation.png
5806,train,ISIC_0030532,images/ISIC_0030532.jpg,masks/ISIC_0030532_segmentation.png
5807,train,ISIC_0030130,images/ISIC_0030130.jpg,masks/ISIC_0030130_segmentation.png
5808,train,ISIC_0025783,images/ISIC_0025783.jpg,masks/ISIC_0025783_segmentation.png
5809,train,ISIC_0033493,images/ISIC_0033493.jpg,masks/ISIC_0033493_segmentation.png
5810,train,ISIC_0024664,images/ISIC_0024664.jpg,masks/ISIC_0024664_segmentation.png
5811,train,ISIC_0032168,images/ISIC_0032168.jpg,masks/ISIC_0032168_segmentation.png
5812,train,ISIC_0025871,images/ISIC_0025871.jpg,masks/ISIC_0025871_segmentation.png
5813,train,ISIC_0025519,images/ISIC_0025519.jpg,masks/ISIC_0025519_segmentation.png
5814,train,ISIC_0033845,images/ISIC_0033845.jpg,masks/ISIC_0033845_segmentation.png
5815,train,ISIC_0032029,images/ISIC_0032029.jpg,masks/ISIC_0032029_segmentation.png
5816,train,ISIC_0026330,images/ISIC_0026330.jpg,masks/ISIC_0026330_segmentation.png
5817,train,ISIC_0025797,images/ISIC_0025797.jpg,masks/ISIC_0025797_segmentation.png
5818,train,ISIC_0025893,images/ISIC_0025893.jpg,masks/ISIC_0025893_segmentation.png
5819,train,ISIC_0027616,images/ISIC_0027616.jpg,masks/ISIC_0027616_segmentation.png
5820,train,ISIC_0033869,images/ISIC_0033869.jpg,masks/ISIC_0033869_segmentation.png
5821,train,ISIC_0033136,images/ISIC_0033136.jpg,masks/ISIC_0033136_segmentation.png
5822,train,ISIC_0031497,images/ISIC_0031497.jpg,masks/ISIC_0031497_segmentation.png
5823,train,ISIC_0029506,images/ISIC_0029506.jpg,masks/ISIC_0029506_segmentation.png
5824,train,ISIC_0031805,images/ISIC_0031805.jpg,masks/ISIC_0031805_segmentation.png
5825,train,ISIC_0032019,images/ISIC_0032019.jpg,masks/ISIC_0032019_segmentation.png
5826,train,ISIC_0028752,images/ISIC_0028752.jpg,masks/ISIC_0028752_segmentation.png
5827,train,ISIC_0030467,images/ISIC_0030467.jpg,masks/ISIC_0030467_segmentation.png
5828,train,ISIC_0024753,images/ISIC_0024753.jpg,masks/ISIC_0024753_segmentation.png
5829,train,ISIC_0031635,images/ISIC_0031635.jpg,masks/ISIC_0031635_segmentation.png
5830,train,ISIC_0026402,images/ISIC_0026402.jpg,masks/ISIC_0026402_segmentation.png
5831,train,ISIC_0028925,images/ISIC_0028925.jpg,masks/ISIC_0028925_segmentation.png
5832,train,ISIC_0033488,images/ISIC_0033488.jpg,masks/ISIC_0033488_segmentation.png
5833,train,ISIC_0027348,images/ISIC_0027348.jpg,masks/ISIC_0027348_segmentation.png
5834,train,ISIC_0032457,images/ISIC_0032457.jpg,masks/ISIC_0032457_segmentation.png
5835,train,ISIC_0027491,images/ISIC_0027491.jpg,masks/ISIC_0027491_segmentation.png
5836,train,ISIC_0025464,images/ISIC_0025464.jpg,masks/ISIC_0025464_segmentation.png
5837,train,ISIC_0032313,images/ISIC_0032313.jpg,masks/ISIC_0032313_segmentation.png
5838,train,ISIC_0033166,images/ISIC_0033166.jpg,masks/ISIC_0033166_segmentation.png
5839,train,ISIC_0024841,images/ISIC_0024841.jpg,masks/ISIC_0024841_segmentation.png
5840,train,ISIC_0032164,images/ISIC_0032164.jpg,masks/ISIC_0032164_segmentation.png
5841,train,ISIC_0027472,images/ISIC_0027472.jpg,masks/ISIC_0027472_segmentation.png
5842,train,ISIC_0030507,images/ISIC_0030507.jpg,masks/ISIC_0030507_segmentation.png
5843,train,ISIC_0033134,images/ISIC_0033134.jpg,masks/ISIC_0033134_segmentation.png
5844,train,ISIC_0032851,images/ISIC_0032851.jpg,masks/ISIC_0032851_segmentation.png
5845,train,ISIC_0030034,images/ISIC_0030034.jpg,masks/ISIC_0030034_segmentation.png
5846,train,ISIC_0025403,images/ISIC_0025403.jpg,masks/ISIC_0025403_segmentation.png
5847,train,ISIC_0033535,images/ISIC_0033535.jpg,masks/ISIC_0033535_segmentation.png
5848,train,ISIC_0027805,images/ISIC_0027805.jpg,masks/ISIC_0027805_segmentation.png
5849,train,ISIC_0028805,images/ISIC_0028805.jpg,masks/ISIC_0028805_segmentation.png
5850,train,ISIC_0027220,images/ISIC_0027220.jpg,masks/ISIC_0027220_segmentation.png
5851,train,ISIC_0028093,images/ISIC_0028093.jpg,masks/ISIC_0028093_segmentation.png
5852,train,ISIC_0034285,images/ISIC_0034285.jpg,masks/ISIC_0034285_segmentation.png
5853,train,ISIC_0030752,images/ISIC_0030752.jpg,masks/ISIC_0030752_segmentation.png
5854,train,ISIC_0030551,images/ISIC_0030551.jpg,masks/ISIC_0030551_segmentation.png
5855,train,ISIC_0025291,images/ISIC_0025291.jpg,masks/ISIC_0025291_segmentation.png
5856,train,ISIC_0033979,images/ISIC_0033979.jpg,masks/ISIC_0033979_segmentation.png
5857,train,ISIC_0027211,images/ISIC_0027211.jpg,masks/ISIC_0027211_segmentation.png
5858,train,ISIC_0033105,images/ISIC_0033105.jpg,masks/ISIC_0033105_segmentation.png
5859,train,ISIC_0029470,images/ISIC_0029470.jpg,masks/ISIC_0029470_segmentation.png
5860,train,ISIC_0026967,images/ISIC_0026967.jpg,masks/ISIC_0026967_segmentation.png
5861,train,ISIC_0025713,images/ISIC_0025713.jpg,masks/ISIC_0025713_segmentation.png
5862,train,ISIC_0031505,images/ISIC_0031505.jpg,masks/ISIC_0031505_segmentation.png
5863,train,ISIC_0030135,images/ISIC_0030135.jpg,masks/ISIC_0030135_segmentation.png
5864,train,ISIC_0029662,images/ISIC_0029662.jpg,masks/ISIC_0029662_segmentation.png
5865,train,ISIC_0024821,images/ISIC_0024821.jpg,masks/ISIC_0024821_segmentation.png
5866,train,ISIC_0032048,images/ISIC_0032048.jpg,masks/ISIC_0032048_segmentation.png
5867,train,ISIC_0030639,images/ISIC_0030639.jpg,masks/ISIC_0030639_segmentation.png
5868,train,ISIC_0027638,images/ISIC_0027638.jpg,masks/ISIC_0027638_segmentation.png
5869,train,ISIC_0028548,images/ISIC_0028548.jpg,masks/ISIC_0028548_segmentation.png
5870,train,ISIC_0026552,images/ISIC_0026552.jpg,masks/ISIC_0026552_segmentation.png
5871,train,ISIC_0030658,images/ISIC_0030658.jpg,masks/ISIC_0030658_segmentation.png
5872,train,ISIC_0033443,images/ISIC_0033443.jpg,masks/ISIC_0033443_segmentation.png
5873,train,ISIC_0034106,images/ISIC_0034106.jpg,masks/ISIC_0034106_segmentation.png
5874,train,ISIC_0025350,images/ISIC_0025350.jpg,masks/ISIC_0025350_segmentation.png
5875,train,ISIC_0028226,images/ISIC_0028226.jpg,masks/ISIC_0028226_segmentation.png
5876,train,ISIC_0025210,images/ISIC_0025210.jpg,masks/ISIC_0025210_segmentation.png
5877,train,ISIC_0029245,images/ISIC_0029245.jpg,masks/ISIC_0029245_segmentation.png
5878,train,ISIC_0029742,images/ISIC_0029742.jpg,masks/ISIC_0029742_segmentation.png
5879,train,ISIC_0029839,images/ISIC_0029839.jpg,masks/ISIC_0029839_segmentation.png
5880,train,ISIC_0025030,images/ISIC_0025030.jpg,masks/ISIC_0025030_segmentation.png
5881,train,ISIC_0031341,images/ISIC_0031341.jpg,masks/ISIC_0031341_segmentation.png
5882,train,ISIC_0030558,images/ISIC_0030558.jpg,masks/ISIC_0030558_segmentation.png
5883,train,ISIC_0032404,images/ISIC_0032404.jpg,masks/ISIC_0032404_segmentation.png
5884,train,ISIC_0025671,images/ISIC_0025671.jpg,masks/ISIC_0025671_segmentation.png
5885,train,ISIC_0028877,images/ISIC_0028877.jpg,masks/ISIC_0028877_segmentation.png
5886,train,ISIC_0027590,images/ISIC_0027590.jpg,masks/ISIC_0027590_segmentation.png
5887,train,ISIC_0032197,images/ISIC_0032197.jpg,masks/ISIC_0032197_segmentation.png
5888,train,ISIC_0032869,images/ISIC_0032869.jpg,masks/ISIC_0032869_segmentation.png
5889,train,ISIC_0025977,images/ISIC_0025977.jpg,masks/ISIC_0025977_segmentation.png
5890,train,ISIC_0032677,images/ISIC_0032677.jpg,masks/ISIC_0032677_segmentation.png
5891,train,ISIC_0028924,images/ISIC_0028924.jpg,masks/ISIC_0028924_segmentation.png
5892,train,ISIC_0032194,images/ISIC_0032194.jpg,masks/ISIC_0032194_segmentation.png
5893,train,ISIC_0026321,images/ISIC_0026321.jpg,masks/ISIC_0026321_segmentation.png
5894,train,ISIC_0033425,images/ISIC_0033425.jpg,masks/ISIC_0033425_segmentation.png
5895,train,ISIC_0029913,images/ISIC_0029913.jpg,masks/ISIC_0029913_segmentation.png
5896,train,ISIC_0031652,images/ISIC_0031652.jpg,masks/ISIC_0031652_segmentation.png
5897,train,ISIC_0026447,images/ISIC_0026447.jpg,masks/ISIC_0026447_segmentation.png
5898,train,ISIC_0025054,images/ISIC_0025054.jpg,masks/ISIC_0025054_segmentation.png
5899,train,ISIC_0025126,images/ISIC_0025126.jpg,masks/ISIC_0025126_segmentation.png
5900,train,ISIC_0024890,images/ISIC_0024890.jpg,masks/ISIC_0024890_segmentation.png
5901,train,ISIC_0025124,images/ISIC_0025124.jpg,masks/ISIC_0025124_segmentation.png
5902,train,ISIC_0024371,images/ISIC_0024371.jpg,masks/ISIC_0024371_segmentation.png
5903,train,ISIC_0027204,images/ISIC_0027204.jpg,masks/ISIC_0027204_segmentation.png
5904,train,ISIC_0024535,images/ISIC_0024535.jpg,masks/ISIC_0024535_segmentation.png
5905,train,ISIC_0026591,images/ISIC_0026591.jpg,masks/ISIC_0026591_segmentation.png
5906,train,ISIC_0027408,images/ISIC_0027408.jpg,masks/ISIC_0027408_segmentation.png
5907,train,ISIC_0030177,images/ISIC_0030177.jpg,masks/ISIC_0030177_segmentation.png
5908,train,ISIC_0024889,images/ISIC_0024889.jpg,masks/ISIC_0024889_segmentation.png
5909,train,ISIC_0028929,images/ISIC_0028929.jpg,masks/ISIC_0028929_segmentation.png
5910,train,ISIC_0028873,images/ISIC_0028873.jpg,masks/ISIC_0028873_segmentation.png
5911,train,ISIC_0028082,images/ISIC_0028082.jpg,masks/ISIC_0028082_segmentation.png
5912,train,ISIC_0024873,images/ISIC_0024873.jpg,masks/ISIC_0024873_segmentation.png
5913,train,ISIC_0029145,images/ISIC_0029145.jpg,masks/ISIC_0029145_segmentation.png
5914,train,ISIC_0027561,images/ISIC_0027561.jpg,masks/ISIC_0027561_segmentation.png
5915,train,ISIC_0025132,images/ISIC_0025132.jpg,masks/ISIC_0025132_segmentation.png
5916,train,ISIC_0029076,images/ISIC_0029076.jpg,masks/ISIC_0029076_segmentation.png
5917,train,ISIC_0024894,images/ISIC_0024894.jpg,masks/ISIC_0024894_segmentation.png
5918,train,ISIC_0027239,images/ISIC_0027239.jpg,masks/ISIC_0027239_segmentation.png
5919,train,ISIC_0030366,images/ISIC_0030366.jpg,masks/ISIC_0030366_segmentation.png
5920,train,ISIC_0024385,images/ISIC_0024385.jpg,masks/ISIC_0024385_segmentation.png
5921,train,ISIC_0032897,images/ISIC_0032897.jpg,masks/ISIC_0032897_segmentation.png
5922,train,ISIC_0024836,images/ISIC_0024836.jpg,masks/ISIC_0024836_segmentation.png
5923,train,ISIC_0024916,images/ISIC_0024916.jpg,masks/ISIC_0024916_segmentation.png
5924,train,ISIC_0030840,images/ISIC_0030840.jpg,masks/ISIC_0030840_segmentation.png
5925,train,ISIC_0031126,images/ISIC_0031126.jpg,masks/ISIC_0031126_segmentation.png
5926,train,ISIC_0033388,images/ISIC_0033388.jpg,masks/ISIC_0033388_segmentation.png
5927,train,ISIC_0034112,images/ISIC_0034112.jpg,masks/ISIC_0034112_segmentation.png
5928,train,ISIC_0026519,images/ISIC_0026519.jpg,masks/ISIC_0026519_segmentation.png
5929,train,ISIC_0027747,images/ISIC_0027747.jpg,masks/ISIC_0027747_segmentation.png
5930,train,ISIC_0030326,images/ISIC_0030326.jpg,masks/ISIC_0030326_segmentation.png
5931,train,ISIC_0032261,images/ISIC_0032261.jpg,masks/ISIC_0032261_segmentation.png
5932,train,ISIC_0032521,images/ISIC_0032521.jpg,masks/ISIC_0032521_segmentation.png
5933,train,ISIC_0027069,images/ISIC_0027069.jpg,masks/ISIC_0027069_segmentation.png
5934,train,ISIC_0033450,images/ISIC_0033450.jpg,masks/ISIC_0033450_segmentation.png
5935,train,ISIC_0033815,images/ISIC_0033815.jpg,masks/ISIC_0033815_segmentation.png
5936,train,ISIC_0029075,images/ISIC_0029075.jpg,masks/ISIC_0029075_segmentation.png
5937,train,ISIC_0024319,images/ISIC_0024319.jpg,masks/ISIC_0024319_segmentation.png
5938,train,ISIC_0026955,images/ISIC_0026955.jpg,masks/ISIC_0026955_segmentation.png
5939,train,ISIC_0030987,images/ISIC_0030987.jpg,masks/ISIC_0030987_segmentation.png
5940,train,ISIC_0030688,images/ISIC_0030688.jpg,masks/ISIC_0030688_segmentation.png
5941,train,ISIC_0028763,images/ISIC_0028763.jpg,masks/ISIC_0028763_segmentation.png
5942,train,ISIC_0027852,images/ISIC_0027852.jpg,masks/ISIC_0027852_segmentation.png
5943,train,ISIC_0033522,images/ISIC_0033522.jpg,masks/ISIC_0033522_segmentation.png
5944,train,ISIC_0027547,images/ISIC_0027547.jpg,masks/ISIC_0027547_segmentation.png
5945,train,ISIC_0029814,images/ISIC_0029814.jpg,masks/ISIC_0029814_segmentation.png
5946,train,ISIC_0026282,images/ISIC_0026282.jpg,masks/ISIC_0026282_segmentation.png
5947,train,ISIC_0028376,images/ISIC_0028376.jpg,masks/ISIC_0028376_segmentation.png
5948,train,ISIC_0032702,images/ISIC_0032702.jpg,masks/ISIC_0032702_segmentation.png
5949,train,ISIC_0029650,images/ISIC_0029650.jpg,masks/ISIC_0029650_segmentation.png
5950,train,ISIC_0026231,images/ISIC_0026231.jpg,masks/ISIC_0026231_segmentation.png
5951,train,ISIC_0027650,images/ISIC_0027650.jpg,masks/ISIC_0027650_segmentation.png
5952,train,ISIC_0024939,images/ISIC_0024939.jpg,masks/ISIC_0024939_segmentation.png
5953,train,ISIC_0032709,images/ISIC_0032709.jpg,masks/ISIC_0032709_segmentation.png
5954,train,ISIC_0028170,images/ISIC_0028170.jpg,masks/ISIC_0028170_segmentation.png
5955,train,ISIC_0031637,images/ISIC_0031637.jpg,masks/ISIC_0031637_segmentation.png
5956,train,ISIC_0033064,images/ISIC_0033064.jpg,masks/ISIC_0033064_segmentation.png
5957,train,ISIC_0033763,images/ISIC_0033763.jpg,masks/ISIC_0033763_segmentation.png
5958,train,ISIC_0033964,images/ISIC_0033964.jpg,masks/ISIC_0033964_segmentation.png
5959,train,ISIC_0028199,images/ISIC_0028199.jpg,masks/ISIC_0028199_segmentation.png
5960,train,ISIC_0025026,images/ISIC_0025026.jpg,masks/ISIC_0025026_segmentation.png
5961,train,ISIC_0033942,images/ISIC_0033942.jpg,masks/ISIC_0033942_segmentation.png
5962,train,ISIC_0028765,images/ISIC_0028765.jpg,masks/ISIC_0028765_segmentation.png
5963,train,ISIC_0031994,images/ISIC_0031994.jpg,masks/ISIC_0031994_segmentation.png
5964,train,ISIC_0026277,images/ISIC_0026277.jpg,masks/ISIC_0026277_segmentation.png
5965,train,ISIC_0028825,images/ISIC_0028825.jpg,masks/ISIC_0028825_segmentation.png
5966,train,ISIC_0025987,images/ISIC_0025987.jpg,masks/ISIC_0025987_segmentation.png
5967,train,ISIC_0028362,images/ISIC_0028362.jpg,masks/ISIC_0028362_segmentation.png
5968,train,ISIC_0031479,images/ISIC_0031479.jpg,masks/ISIC_0031479_segmentation.png
5969,train,ISIC_0025537,images/ISIC_0025537.jpg,masks/ISIC_0025537_segmentation.png
5970,train,ISIC_0033884,images/ISIC_0033884.jpg,masks/ISIC_0033884_segmentation.png
5971,train,ISIC_0025236,images/ISIC_0025236.jpg,masks/ISIC_0025236_segmentation.png
5972,train,ISIC_0024663,images/ISIC_0024663.jpg,masks/ISIC_0024663_segmentation.png
5973,train,ISIC_0030270,images/ISIC_0030270.jpg,masks/ISIC_0030270_segmentation.png
5974,train,ISIC_0030824,images/ISIC_0030824.jpg,masks/ISIC_0030824_segmentation.png
5975,train,ISIC_0025108,images/ISIC_0025108.jpg,masks/ISIC_0025108_segmentation.png
5976,train,ISIC_0026769,images/ISIC_0026769.jpg,masks/ISIC_0026769_segmentation.png
5977,train,ISIC_0027894,images/ISIC_0027894.jpg,masks/ISIC_0027894_segmentation.png
5978,train,ISIC_0025250,images/ISIC_0025250.jpg,masks/ISIC_0025250_segmentation.png
5979,train,ISIC_0033652,images/ISIC_0033652.jpg,masks/ISIC_0033652_segmentation.png
5980,train,ISIC_0033116,images/ISIC_0033116.jpg,masks/ISIC_0033116_segmentation.png
5981,train,ISIC_0030469,images/ISIC_0030469.jpg,masks/ISIC_0030469_segmentation.png
5982,train,ISIC_0025995,images/ISIC_0025995.jpg,masks/ISIC_0025995_segmentation.png
5983,train,ISIC_0026946,images/ISIC_0026946.jpg,masks/ISIC_0026946_segmentation.png
5984,train,ISIC_0028680,images/ISIC_0028680.jpg,masks/ISIC_0028680_segmentation.png
5985,train,ISIC_0032010,images/ISIC_0032010.jpg,masks/ISIC_0032010_segmentation.png
5986,train,ISIC_0033021,images/ISIC_0033021.jpg,masks/ISIC_0033021_segmentation.png
5987,train,ISIC_0027608,images/ISIC_0027608.jpg,masks/ISIC_0027608_segmentation.png
5988,train,ISIC_0025342,images/ISIC_0025342.jpg,masks/ISIC_0025342_segmentation.png
5989,train,ISIC_0024351,images/ISIC_0024351.jpg,masks/ISIC_0024351_segmentation.png
5990,train,ISIC_0025843,images/ISIC_0025843.jpg,masks/ISIC_0025843_segmentation.png
5991,train,ISIC_0025082,images/ISIC_0025082.jpg,masks/ISIC_0025082_segmentation.png
5992,train,ISIC_0026665,images/ISIC_0026665.jpg,masks/ISIC_0026665_segmentation.png
5993,train,ISIC_0032987,images/ISIC_0032987.jpg,masks/ISIC_0032987_segmentation.png
5994,train,ISIC_0027964,images/ISIC_0027964.jpg,masks/ISIC_0027964_segmentation.png
5995,train,ISIC_0031451,images/ISIC_0031451.jpg,masks/ISIC_0031451_segmentation.png
5996,train,ISIC_0026421,images/ISIC_0026421.jpg,masks/ISIC_0026421_segmentation.png
5997,train,ISIC_0026018,images/ISIC_0026018.jpg,masks/ISIC_0026018_segmentation.png
5998,train,ISIC_0025010,images/ISIC_0025010.jpg,masks/ISIC_0025010_segmentation.png
5999,train,ISIC_0024417,images/ISIC_0024417.jpg,masks/ISIC_0024417_segmentation.png
6000,train,ISIC_0027215,images/ISIC_0027215.jpg,masks/ISIC_0027215_segmentation.png
6001,train,ISIC_0030663,images/ISIC_0030663.jpg,masks/ISIC_0030663_segmentation.png
6002,train,ISIC_0029794,images/ISIC_0029794.jpg,masks/ISIC_0029794_segmentation.png
6003,train,ISIC_0030612,images/ISIC_0030612.jpg,masks/ISIC_0030612_segmentation.png
6004,train,ISIC_0027484,images/ISIC_0027484.jpg,masks/ISIC_0027484_segmentation.png
6005,train,ISIC_0025043,images/ISIC_0025043.jpg,masks/ISIC_0025043_segmentation.png
6006,train,ISIC_0024996,images/ISIC_0024996.jpg,masks/ISIC_0024996_segmentation.png
6007,train,ISIC_0028750,images/ISIC_0028750.jpg,masks/ISIC_0028750_segmentation.png
6008,train,ISIC_0033892,images/ISIC_0033892.jpg,masks/ISIC_0033892_segmentation.png
6009,train,ISIC_0032160,images/ISIC_0032160.jpg,masks/ISIC_0032160_segmentation.png
6010,train,ISIC_0025128,images/ISIC_0025128.jpg,masks/ISIC_0025128_segmentation.png
6011,train,ISIC_0034193,images/ISIC_0034193.jpg,masks/ISIC_0034193_segmentation.png
6012,train,ISIC_0029859,images/ISIC_0029859.jpg,masks/ISIC_0029859_segmentation.png
6013,train,ISIC_0029376,images/ISIC_0029376.jpg,masks/ISIC_0029376_segmentation.png
6014,train,ISIC_0033656,images/ISIC_0033656.jpg,masks/ISIC_0033656_segmentation.png
6015,train,ISIC_0028329,images/ISIC_0028329.jpg,masks/ISIC_0028329_segmentation.png
6016,train,ISIC_0032093,images/ISIC_0032093.jpg,masks/ISIC_0032093_segmentation.png
6017,train,ISIC_0025545,images/ISIC_0025545.jpg,masks/ISIC_0025545_segmentation.png
6018,train,ISIC_0026240,images/ISIC_0026240.jpg,masks/ISIC_0026240_segmentation.png
6019,train,ISIC_0026142,images/ISIC_0026142.jpg,masks/ISIC_0026142_segmentation.png
6020,train,ISIC_0031148,images/ISIC_0031148.jpg,masks/ISIC_0031148_segmentation.png
6021,train,ISIC_0030475,images/ISIC_0030475.jpg,masks/ISIC_0030475_segmentation.png
6022,train,ISIC_0033462,images/ISIC_0033462.jpg,masks/ISIC_0033462_segmentation.png
6023,train,ISIC_0030600,images/ISIC_0030600.jpg,masks/ISIC_0030600_segmentation.png
6024,train,ISIC_0031702,images/ISIC_0031702.jpg,masks/ISIC_0031702_segmentation.png
6025,train,ISIC_0031026,images/ISIC_0031026.jpg,masks/ISIC_0031026_segmentation.png
6026,train,ISIC_0024847,images/ISIC_0024847.jpg,masks/ISIC_0024847_segmentation.png
6027,train,ISIC_0029807,images/ISIC_0029807.jpg,masks/ISIC_0029807_segmentation.png
6028,train,ISIC_0031880,images/ISIC_0031880.jpg,masks/ISIC_0031880_segmentation.png
6029,train,ISIC_0033263,images/ISIC_0033263.jpg,masks/ISIC_0033263_segmentation.png
6030,train,ISIC_0026398,images/ISIC_0026398.jpg,masks/ISIC_0026398_segmentation.png
6031,train,ISIC_0032285,images/ISIC_0032285.jpg,masks/ISIC_0032285_segmentation.png
6032,train,ISIC_0024645,images/ISIC_0024645.jpg,masks/ISIC_0024645_segmentation.png
6033,train,ISIC_0033351,images/ISIC_0033351.jpg,masks/ISIC_0033351_segmentation.png
6034,train,ISIC_0033430,images/ISIC_0033430.jpg,masks/ISIC_0033430_segmentation.png
6035,train,ISIC_0033377,images/ISIC_0033377.jpg,masks/ISIC_0033377_segmentation.png
6036,train,ISIC_0027543,images/ISIC_0027543.jpg,masks/ISIC_0027543_segmentation.png
6037,train,ISIC_0029123,images/ISIC_0029123.jpg,masks/ISIC_0029123_segmentation.png
6038,train,ISIC_0030509,images/ISIC_0030509.jpg,masks/ISIC_0030509_segmentation.png
6039,train,ISIC_0025664,images/ISIC_0025664.jpg,masks/ISIC_0025664_segmentation.png
6040,train,ISIC_0032861,images/ISIC_0032861.jpg,masks/ISIC_0032861_segmentation.png
6041,train,ISIC_0029104,images/ISIC_0029104.jpg,masks/ISIC_0029104_segmentation.png
6042,train,ISIC_0027465,images/ISIC_0027465.jpg,masks/ISIC_0027465_segmentation.png
6043,train,ISIC_0032047,images/ISIC_0032047.jpg,masks/ISIC_0032047_segmentation.png
6044,train,ISIC_0031119,images/ISIC_0031119.jpg,masks/ISIC_0031119_segmentation.png
6045,train,ISIC_0027124,images/ISIC_0027124.jpg,masks/ISIC_0027124_segmentation.png
6046,train,ISIC_0027354,images/ISIC_0027354.jpg,masks/ISIC_0027354_segmentation.png
6047,train,ISIC_0024471,images/ISIC_0024471.jpg,masks/ISIC_0024471_segmentation.png
6048,train,ISIC_0030486,images/ISIC_0030486.jpg,masks/ISIC_0030486_segmentation.png
6049,train,ISIC_0030282,images/ISIC_0030282.jpg,masks/ISIC_0030282_segmentation.png
6050,train,ISIC_0025172,images/ISIC_0025172.jpg,masks/ISIC_0025172_segmentation.png
6051,train,ISIC_0025939,images/ISIC_0025939.jpg,masks/ISIC_0025939_segmentation.png
6052,train,ISIC_0026584,images/ISIC_0026584.jpg,masks/ISIC_0026584_segmentation.png
6053,train,ISIC_0031565,images/ISIC_0031565.jpg,masks/ISIC_0031565_segmentation.png
6054,train,ISIC_0031179,images/ISIC_0031179.jpg,masks/ISIC_0031179_segmentation.png
6055,train,ISIC_0032692,images/ISIC_0032692.jpg,masks/ISIC_0032692_segmentation.png
6056,train,ISIC_0029373,images/ISIC_0029373.jpg,masks/ISIC_0029373_segmentation.png
6057,train,ISIC_0031661,images/ISIC_0031661.jpg,masks/ISIC_0031661_segmentation.png
6058,train,ISIC_0033770,images/ISIC_0033770.jpg,masks/ISIC_0033770_segmentation.png
6059,train,ISIC_0025049,images/ISIC_0025049.jpg,masks/ISIC_0025049_segmentation.png
6060,train,ISIC_0024989,images/ISIC_0024989.jpg,masks/ISIC_0024989_segmentation.png
6061,train,ISIC_0032323,images/ISIC_0032323.jpg,masks/ISIC_0032323_segmentation.png
6062,train,ISIC_0026995,images/ISIC_0026995.jpg,masks/ISIC_0026995_segmentation.png
6063,train,ISIC_0032152,images/ISIC_0032152.jpg,masks/ISIC_0032152_segmentation.png
6064,train,ISIC_0029132,images/ISIC_0029132.jpg,masks/ISIC_0029132_segmentation.png
6065,train,ISIC_0027048,images/ISIC_0027048.jpg,masks/ISIC_0027048_segmentation.png
6066,train,ISIC_0032065,images/ISIC_0032065.jpg,masks/ISIC_0032065_segmentation.png
6067,train,ISIC_0031389,images/ISIC_0031389.jpg,masks/ISIC_0031389_segmentation.png
6068,train,ISIC_0025161,images/ISIC_0025161.jpg,masks/ISIC_0025161_segmentation.png
6069,train,ISIC_0029864,images/ISIC_0029864.jpg,masks/ISIC_0029864_segmentation.png
6070,train,ISIC_0027610,images/ISIC_0027610.jpg,masks/ISIC_0027610_segmentation.png
6071,train,ISIC_0026002,images/ISIC_0026002.jpg,masks/ISIC_0026002_segmentation.png
6072,train,ISIC_0024430,images/ISIC_0024430.jpg,masks/ISIC_0024430_segmentation.png
6073,train,ISIC_0024562,images/ISIC_0024562.jpg,masks/ISIC_0024562_segmentation.png
6074,train,ISIC_0026112,images/ISIC_0026112.jpg,masks/ISIC_0026112_segmentation.png
6075,train,ISIC_0028537,images/ISIC_0028537.jpg,masks/ISIC_0028537_segmentation.png
6076,train,ISIC_0029632,images/ISIC_0029632.jpg,masks/ISIC_0029632_segmentation.png
6077,train,ISIC_0030651,images/ISIC_0030651.jpg,masks/ISIC_0030651_segmentation.png
6078,train,ISIC_0030583,images/ISIC_0030583.jpg,masks/ISIC_0030583_segmentation.png
6079,train,ISIC_0026651,images/ISIC_0026651.jpg,masks/ISIC_0026651_segmentation.png
6080,train,ISIC_0032588,images/ISIC_0032588.jpg,masks/ISIC_0032588_segmentation.png
6081,train,ISIC_0026845,images/ISIC_0026845.jpg,masks/ISIC_0026845_segmentation.png
6082,train,ISIC_0032228,images/ISIC_0032228.jpg,masks/ISIC_0032228_segmentation.png
6083,train,ISIC_0031336,images/ISIC_0031336.jpg,masks/ISIC_0031336_segmentation.png
6084,train,ISIC_0030805,images/ISIC_0030805.jpg,masks/ISIC_0030805_segmentation.png
6085,train,ISIC_0027061,images/ISIC_0027061.jpg,masks/ISIC_0027061_segmentation.png
6086,train,ISIC_0030984,images/ISIC_0030984.jpg,masks/ISIC_0030984_segmentation.png
6087,train,ISIC_0031399,images/ISIC_0031399.jpg,masks/ISIC_0031399_segmentation.png
6088,train,ISIC_0024326,images/ISIC_0024326.jpg,masks/ISIC_0024326_segmentation.png
6089,train,ISIC_0031611,images/ISIC_0031611.jpg,masks/ISIC_0031611_segmentation.png
6090,train,ISIC_0026239,images/ISIC_0026239.jpg,masks/ISIC_0026239_segmentation.png
6091,train,ISIC_0027572,images/ISIC_0027572.jpg,masks/ISIC_0027572_segmentation.png
6092,train,ISIC_0027816,images/ISIC_0027816.jpg,masks/ISIC_0027816_segmentation.png
6093,train,ISIC_0026013,images/ISIC_0026013.jpg,masks/ISIC_0026013_segmentation.png
6094,train,ISIC_0025606,images/ISIC_0025606.jpg,masks/ISIC_0025606_segmentation.png
6095,train,ISIC_0032420,images/ISIC_0032420.jpg,masks/ISIC_0032420_segmentation.png
6096,train,ISIC_0034080,images/ISIC_0034080.jpg,masks/ISIC_0034080_segmentation.png
6097,train,ISIC_0030433,images/ISIC_0030433.jpg,masks/ISIC_0030433_segmentation.png
6098,train,ISIC_0030102,images/ISIC_0030102.jpg,masks/ISIC_0030102_segmentation.png
6099,train,ISIC_0027980,images/ISIC_0027980.jpg,masks/ISIC_0027980_segmentation.png
6100,train,ISIC_0033918,images/ISIC_0033918.jpg,masks/ISIC_0033918_segmentation.png
6101,train,ISIC_0033141,images/ISIC_0033141.jpg,masks/ISIC_0033141_segmentation.png
6102,train,ISIC_0027877,images/ISIC_0027877.jpg,masks/ISIC_0027877_segmentation.png
6103,train,ISIC_0024703,images/ISIC_0024703.jpg,masks/ISIC_0024703_segmentation.png
6104,train,ISIC_0032473,images/ISIC_0032473.jpg,masks/ISIC_0032473_segmentation.png
6105,train,ISIC_0028036,images/ISIC_0028036.jpg,masks/ISIC_0028036_segmentation.png
6106,train,ISIC_0029512,images/ISIC_0029512.jpg,masks/ISIC_0029512_segmentation.png
6107,train,ISIC_0030654,images/ISIC_0030654.jpg,masks/ISIC_0030654_segmentation.png
6108,train,ISIC_0032073,images/ISIC_0032073.jpg,masks/ISIC_0032073_segmentation.png
6109,train,ISIC_0026556,images/ISIC_0026556.jpg,masks/ISIC_0026556_segmentation.png
6110,train,ISIC_0031580,images/ISIC_0031580.jpg,masks/ISIC_0031580_segmentation.png
6111,train,ISIC_0033117,images/ISIC_0033117.jpg,masks/ISIC_0033117_segmentation.png
6112,train,ISIC_0032665,images/ISIC_0032665.jpg,masks/ISIC_0032665_segmentation.png
6113,train,ISIC_0025377,images/ISIC_0025377.jpg,masks/ISIC_0025377_segmentation.png
6114,train,ISIC_0032515,images/ISIC_0032515.jpg,masks/ISIC_0032515_segmentation.png
6115,train,ISIC_0027604,images/ISIC_0027604.jpg,masks/ISIC_0027604_segmentation.png
6116,train,ISIC_0026173,images/ISIC_0026173.jpg,masks/ISIC_0026173_segmentation.png
6117,train,ISIC_0025533,images/ISIC_0025533.jpg,masks/ISIC_0025533_segmentation.png
6118,train,ISIC_0031728,images/ISIC_0031728.jpg,masks/ISIC_0031728_segmentation.png
6119,train,ISIC_0024652,images/ISIC_0024652.jpg,masks/ISIC_0024652_segmentation.png
6120,train,ISIC_0024852,images/ISIC_0024852.jpg,masks/ISIC_0024852_segmentation.png
6121,train,ISIC_0031871,images/ISIC_0031871.jpg,masks/ISIC_0031871_segmentation.png
6122,train,ISIC_0033402,images/ISIC_0033402.jpg,masks/ISIC_0033402_segmentation.png
6123,train,ISIC_0033697,images/ISIC_0033697.jpg,masks/ISIC_0033697_segmentation.png
6124,train,ISIC_0025480,images/ISIC_0025480.jpg,masks/ISIC_0025480_segmentation.png
6125,train,ISIC_0029113,images/ISIC_0029113.jpg,masks/ISIC_0029113_segmentation.png
6126,train,ISIC_0031295,images/ISIC_0031295.jpg,masks/ISIC_0031295_segmentation.png
6127,train,ISIC_0028238,images/ISIC_0028238.jpg,masks/ISIC_0028238_segmentation.png
6128,train,ISIC_0031313,images/ISIC_0031313.jpg,masks/ISIC_0031313_segmentation.png
6129,train,ISIC_0029847,images/ISIC_0029847.jpg,masks/ISIC_0029847_segmentation.png
6130,train,ISIC_0025187,images/ISIC_0025187.jpg,masks/ISIC_0025187_segmentation.png
6131,train,ISIC_0031947,images/ISIC_0031947.jpg,masks/ISIC_0031947_segmentation.png
6132,train,ISIC_0033540,images/ISIC_0033540.jpg,masks/ISIC_0033540_segmentation.png
6133,train,ISIC_0025702,images/ISIC_0025702.jpg,masks/ISIC_0025702_segmentation.png
6134,train,ISIC_0031745,images/ISIC_0031745.jpg,masks/ISIC_0031745_segmentation.png
6135,train,ISIC_0027947,images/ISIC_0027947.jpg,masks/ISIC_0027947_segmentation.png
6136,train,ISIC_0024516,images/ISIC_0024516.jpg,masks/ISIC_0024516_segmentation.png
6137,train,ISIC_0030068,images/ISIC_0030068.jpg,masks/ISIC_0030068_segmentation.png
6138,train,ISIC_0033092,images/ISIC_0033092.jpg,masks/ISIC_0033092_segmentation.png
6139,train,ISIC_0030827,images/ISIC_0030827.jpg,masks/ISIC_0030827_segmentation.png
6140,train,ISIC_0031888,images/ISIC_0031888.jpg,masks/ISIC_0031888_segmentation.png
6141,train,ISIC_0025422,images/ISIC_0025422.jpg,masks/ISIC_0025422_segmentation.png
6142,train,ISIC_0029753,images/ISIC_0029753.jpg,masks/ISIC_0029753_segmentation.png
6143,train,ISIC_0025496,images/ISIC_0025496.jpg,masks/ISIC_0025496_segmentation.png
6144,train,ISIC_0030818,images/ISIC_0030818.jpg,masks/ISIC_0030818_segmentation.png
6145,train,ISIC_0030648,images/ISIC_0030648.jpg,masks/ISIC_0030648_segmentation.png
6146,train,ISIC_0025027,images/ISIC_0025027.jpg,masks/ISIC_0025027_segmentation.png
6147,train,ISIC_0027598,images/ISIC_0027598.jpg,masks/ISIC_0027598_segmentation.png
6148,train,ISIC_0028649,images/ISIC_0028649.jpg,masks/ISIC_0028649_segmentation.png
6149,train,ISIC_0026916,images/ISIC_0026916.jpg,masks/ISIC_0026916_segmentation.png
6150,train,ISIC_0025351,images/ISIC_0025351.jpg,masks/ISIC_0025351_segmentation.png
6151,train,ISIC_0025313,images/ISIC_0025313.jpg,masks/ISIC_0025313_segmentation.png
6152,train,ISIC_0029014,images/ISIC_0029014.jpg,masks/ISIC_0029014_segmentation.png
6153,train,ISIC_0025016,images/ISIC_0025016.jpg,masks/ISIC_0025016_segmentation.png
6154,train,ISIC_0032259,images/ISIC_0032259.jpg,masks/ISIC_0032259_segmentation.png
6155,train,ISIC_0028776,images/ISIC_0028776.jpg,masks/ISIC_0028776_segmentation.png
6156,train,ISIC_0025883,images/ISIC_0025883.jpg,masks/ISIC_0025883_segmentation.png
6157,train,ISIC_0032399,images/ISIC_0032399.jpg,masks/ISIC_0032399_segmentation.png
6158,train,ISIC_0030395,images/ISIC_0030395.jpg,masks/ISIC_0030395_segmentation.png
6159,train,ISIC_0032032,images/ISIC_0032032.jpg,masks/ISIC_0032032_segmentation.png
6160,train,ISIC_0026737,images/ISIC_0026737.jpg,masks/ISIC_0026737_segmentation.png
6161,train,ISIC_0031594,images/ISIC_0031594.jpg,masks/ISIC_0031594_segmentation.png
6162,train,ISIC_0025450,images/ISIC_0025450.jpg,masks/ISIC_0025450_segmentation.png
6163,train,ISIC_0029940,images/ISIC_0029940.jpg,masks/ISIC_0029940_segmentation.png
6164,train,ISIC_0032523,images/ISIC_0032523.jpg,masks/ISIC_0032523_segmentation.png
6165,train,ISIC_0029181,images/ISIC_0029181.jpg,masks/ISIC_0029181_segmentation.png
6166,train,ISIC_0024536,images/ISIC_0024536.jpg,masks/ISIC_0024536_segmentation.png
6167,train,ISIC_0029571,images/ISIC_0029571.jpg,masks/ISIC_0029571_segmentation.png
6168,train,ISIC_0027529,images/ISIC_0027529.jpg,masks/ISIC_0027529_segmentation.png
6169,train,ISIC_0026731,images/ISIC_0026731.jpg,masks/ISIC_0026731_segmentation.png
6170,train,ISIC_0027722,images/ISIC_0027722.jpg,masks/ISIC_0027722_segmentation.png
6171,train,ISIC_0031562,images/ISIC_0031562.jpg,masks/ISIC_0031562_segmentation.png
6172,train,ISIC_0031333,images/ISIC_0031333.jpg,masks/ISIC_0031333_segmentation.png
6173,train,ISIC_0024678,images/ISIC_0024678.jpg,masks/ISIC_0024678_segmentation.png
6174,train,ISIC_0032815,images/ISIC_0032815.jpg,masks/ISIC_0032815_segmentation.png
6175,train,ISIC_0027848,images/ISIC_0027848.jpg,masks/ISIC_0027848_segmentation.png
6176,train,ISIC_0028673,images/ISIC_0028673.jpg,masks/ISIC_0028673_segmentation.png
6177,train,ISIC_0026177,images/ISIC_0026177.jpg,masks/ISIC_0026177_segmentation.png
6178,train,ISIC_0027013,images/ISIC_0027013.jpg,masks/ISIC_0027013_segmentation.png
6179,train,ISIC_0030090,images/ISIC_0030090.jpg,masks/ISIC_0030090_segmentation.png
6180,train,ISIC_0033265,images/ISIC_0033265.jpg,masks/ISIC_0033265_segmentation.png
6181,train,ISIC_0033126,images/ISIC_0033126.jpg,masks/ISIC_0033126_segmentation.png
6182,train,ISIC_0032142,images/ISIC_0032142.jpg,masks/ISIC_0032142_segmentation.png
6183,train,ISIC_0026593,images/ISIC_0026593.jpg,masks/ISIC_0026593_segmentation.png
6184,train,ISIC_0032800,images/ISIC_0032800.jpg,masks/ISIC_0032800_segmentation.png
6185,train,ISIC_0028719,images/ISIC_0028719.jpg,masks/ISIC_0028719_segmentation.png
6186,train,ISIC_0032387,images/ISIC_0032387.jpg,masks/ISIC_0032387_segmentation.png
6187,train,ISIC_0026307,images/ISIC_0026307.jpg,masks/ISIC_0026307_segmentation.png
6188,train,ISIC_0033677,images/ISIC_0033677.jpg,masks/ISIC_0033677_segmentation.png
6189,train,ISIC_0032739,images/ISIC_0032739.jpg,masks/ISIC_0032739_segmentation.png
6190,train,ISIC_0033350,images/ISIC_0033350.jpg,masks/ISIC_0033350_segmentation.png
6191,train,ISIC_0030603,images/ISIC_0030603.jpg,masks/ISIC_0030603_segmentation.png
6192,train,ISIC_0026156,images/ISIC_0026156.jpg,masks/ISIC_0026156_segmentation.png
6193,train,ISIC_0027812,images/ISIC_0027812.jpg,masks/ISIC_0027812_segmentation.png
6194,train,ISIC_0029285,images/ISIC_0029285.jpg,masks/ISIC_0029285_segmentation.png
6195,train,ISIC_0032648,images/ISIC_0032648.jpg,masks/ISIC_0032648_segmentation.png
6196,train,ISIC_0024917,images/ISIC_0024917.jpg,masks/ISIC_0024917_segmentation.png
6197,train,ISIC_0031862,images/ISIC_0031862.jpg,masks/ISIC_0031862_segmentation.png
6198,train,ISIC_0031567,images/ISIC_0031567.jpg,masks/ISIC_0031567_segmentation.png
6199,train,ISIC_0033056,images/ISIC_0033056.jpg,masks/ISIC_0033056_segmentation.png
6200,train,ISIC_0032930,images/ISIC_0032930.jpg,masks/ISIC_0032930_segmentation.png
6201,train,ISIC_0027782,images/ISIC_0027782.jpg,masks/ISIC_0027782_segmentation.png
6202,train,ISIC_0030607,images/ISIC_0030607.jpg,masks/ISIC_0030607_segmentation.png
6203,train,ISIC_0031793,images/ISIC_0031793.jpg,masks/ISIC_0031793_segmentation.png
6204,train,ISIC_0030182,images/ISIC_0030182.jpg,masks/ISIC_0030182_segmentation.png
6205,train,ISIC_0032115,images/ISIC_0032115.jpg,masks/ISIC_0032115_segmentation.png
6206,train,ISIC_0033269,images/ISIC_0033269.jpg,masks/ISIC_0033269_segmentation.png
6207,train,ISIC_0033030,images/ISIC_0033030.jpg,masks/ISIC_0033030_segmentation.png
6208,train,ISIC_0034107,images/ISIC_0034107.jpg,masks/ISIC_0034107_segmentation.png
6209,train,ISIC_0025213,images/ISIC_0025213.jpg,masks/ISIC_0025213_segmentation.png
6210,train,ISIC_0027393,images/ISIC_0027393.jpg,masks/ISIC_0027393_segmentation.png
6211,train,ISIC_0031250,images/ISIC_0031250.jpg,masks/ISIC_0031250_segmentation.png
6212,train,ISIC_0024948,images/ISIC_0024948.jpg,masks/ISIC_0024948_segmentation.png
6213,train,ISIC_0031975,images/ISIC_0031975.jpg,masks/ISIC_0031975_segmentation.png
6214,train,ISIC_0031088,images/ISIC_0031088.jpg,masks/ISIC_0031088_segmentation.png
6215,train,ISIC_0033150,images/ISIC_0033150.jpg,masks/ISIC_0033150_segmentation.png
6216,train,ISIC_0025950,images/ISIC_0025950.jpg,masks/ISIC_0025950_segmentation.png
6217,train,ISIC_0033657,images/ISIC_0033657.jpg,masks/ISIC_0033657_segmentation.png
6218,train,ISIC_0028408,images/ISIC_0028408.jpg,masks/ISIC_0028408_segmentation.png
6219,train,ISIC_0024394,images/ISIC_0024394.jpg,masks/ISIC_0024394_segmentation.png
6220,train,ISIC_0033907,images/ISIC_0033907.jpg,masks/ISIC_0033907_segmentation.png
6221,train,ISIC_0028136,images/ISIC_0028136.jpg,masks/ISIC_0028136_segmentation.png
6222,train,ISIC_0034169,images/ISIC_0034169.jpg,masks/ISIC_0034169_segmentation.png
6223,train,ISIC_0031117,images/ISIC_0031117.jpg,masks/ISIC_0031117_segmentation.png
6224,train,ISIC_0031060,images/ISIC_0031060.jpg,masks/ISIC_0031060_segmentation.png
6225,train,ISIC_0025468,images/ISIC_0025468.jpg,masks/ISIC_0025468_segmentation.png
6226,train,ISIC_0029829,images/ISIC_0029829.jpg,masks/ISIC_0029829_segmentation.png
6227,train,ISIC_0031340,images/ISIC_0031340.jpg,masks/ISIC_0031340_segmentation.png
6228,train,ISIC_0028393,images/ISIC_0028393.jpg,masks/ISIC_0028393_segmentation.png
6229,train,ISIC_0025039,images/ISIC_0025039.jpg,masks/ISIC_0025039_segmentation.png
6230,train,ISIC_0030910,images/ISIC_0030910.jpg,masks/ISIC_0030910_segmentation.png
6231,train,ISIC_0032834,images/ISIC_0032834.jpg,masks/ISIC_0032834_segmentation.png
6232,train,ISIC_0032110,images/ISIC_0032110.jpg,masks/ISIC_0032110_segmentation.png
6233,train,ISIC_0024737,images/ISIC_0024737.jpg,masks/ISIC_0024737_segmentation.png
6234,train,ISIC_0028666,images/ISIC_0028666.jpg,masks/ISIC_0028666_segmentation.png
6235,train,ISIC_0025014,images/ISIC_0025014.jpg,masks/ISIC_0025014_segmentation.png
6236,train,ISIC_0024517,images/ISIC_0024517.jpg,masks/ISIC_0024517_segmentation.png
6237,train,ISIC_0033626,images/ISIC_0033626.jpg,masks/ISIC_0033626_segmentation.png
6238,train,ISIC_0024716,images/ISIC_0024716.jpg,masks/ISIC_0024716_segmentation.png
6239,train,ISIC_0024579,images/ISIC_0024579.jpg,masks/ISIC_0024579_segmentation.png
6240,train,ISIC_0033186,images/ISIC_0033186.jpg,masks/ISIC_0033186_segmentation.png
6241,train,ISIC_0033306,images/ISIC_0033306.jpg,masks/ISIC_0033306_segmentation.png
6242,train,ISIC_0033607,images/ISIC_0033607.jpg,masks/ISIC_0033607_segmentation.png
6243,train,ISIC_0026169,images/ISIC_0026169.jpg,masks/ISIC_0026169_segmentation.png
6244,train,ISIC_0034316,images/ISIC_0034316.jpg,masks/ISIC_0034316_segmentation.png
6245,train,ISIC_0027430,images/ISIC_0027430.jpg,masks/ISIC_0027430_segmentation.png
6246,train,ISIC_0031701,images/ISIC_0031701.jpg,masks/ISIC_0031701_segmentation.png
6247,train,ISIC_0032828,images/ISIC_0032828.jpg,masks/ISIC_0032828_segmentation.png
6248,train,ISIC_0031537,images/ISIC_0031537.jpg,masks/ISIC_0031537_segmentation.png
6249,train,ISIC_0027659,images/ISIC_0027659.jpg,masks/ISIC_0027659_segmentation.png
6250,train,ISIC_0028736,images/ISIC_0028736.jpg,masks/ISIC_0028736_segmentation.png
6251,train,ISIC_0033877,images/ISIC_0033877.jpg,masks/ISIC_0033877_segmentation.png
6252,train,ISIC_0027232,images/ISIC_0027232.jpg,masks/ISIC_0027232_segmentation.png
6253,train,ISIC_0034225,images/ISIC_0034225.jpg,masks/ISIC_0034225_segmentation.png
6254,train,ISIC_0031798,images/ISIC_0031798.jpg,masks/ISIC_0031798_segmentation.png
6255,train,ISIC_0029963,images/ISIC_0029963.jpg,masks/ISIC_0029963_segmentation.png
6256,train,ISIC_0026906,images/ISIC_0026906.jpg,masks/ISIC_0026906_segmentation.png
6257,train,ISIC_0026655,images/ISIC_0026655.jpg,masks/ISIC_0026655_segmentation.png
6258,train,ISIC_0026003,images/ISIC_0026003.jpg,masks/ISIC_0026003_segmentation.png
6259,train,ISIC_0031831,images/ISIC_0031831.jpg,masks/ISIC_0031831_segmentation.png
6260,train,ISIC_0033637,images/ISIC_0033637.jpg,masks/ISIC_0033637_segmentation.png
6261,train,ISIC_0025866,images/ISIC_0025866.jpg,masks/ISIC_0025866_segmentation.png
6262,train,ISIC_0033028,images/ISIC_0033028.jpg,masks/ISIC_0033028_segmentation.png
6263,train,ISIC_0029391,images/ISIC_0029391.jpg,masks/ISIC_0029391_segmentation.png
6264,train,ISIC_0027017,images/ISIC_0027017.jpg,masks/ISIC_0027017_segmentation.png
6265,train,ISIC_0032687,images/ISIC_0032687.jpg,masks/ISIC_0032687_segmentation.png
6266,train,ISIC_0026434,images/ISIC_0026434.jpg,masks/ISIC_0026434_segmentation.png
6267,train,ISIC_0029108,images/ISIC_0029108.jpg,masks/ISIC_0029108_segmentation.png
6268,train,ISIC_0026782,images/ISIC_0026782.jpg,masks/ISIC_0026782_segmentation.png
6269,train,ISIC_0026616,images/ISIC_0026616.jpg,masks/ISIC_0026616_segmentation.png
6270,train,ISIC_0024757,images/ISIC_0024757.jpg,masks/ISIC_0024757_segmentation.png
6271,train,ISIC_0031796,images/ISIC_0031796.jpg,masks/ISIC_0031796_segmentation.png
6272,train,ISIC_0030868,images/ISIC_0030868.jpg,masks/ISIC_0030868_segmentation.png
6273,train,ISIC_0029128,images/ISIC_0029128.jpg,masks/ISIC_0029128_segmentation.png
6274,train,ISIC_0025990,images/ISIC_0025990.jpg,masks/ISIC_0025990_segmentation.png
6275,train,ISIC_0030567,images/ISIC_0030567.jpg,masks/ISIC_0030567_segmentation.png
6276,train,ISIC_0025185,images/ISIC_0025185.jpg,masks/ISIC_0025185_segmentation.png
6277,train,ISIC_0027922,images/ISIC_0027922.jpg,masks/ISIC_0027922_segmentation.png
6278,train,ISIC_0024748,images/ISIC_0024748.jpg,masks/ISIC_0024748_segmentation.png
6279,train,ISIC_0026808,images/ISIC_0026808.jpg,masks/ISIC_0026808_segmentation.png
6280,train,ISIC_0025239,images/ISIC_0025239.jpg,masks/ISIC_0025239_segmentation.png
6281,train,ISIC_0027421,images/ISIC_0027421.jpg,masks/ISIC_0027421_segmentation.png
6282,train,ISIC_0030943,images/ISIC_0030943.jpg,masks/ISIC_0030943_segmentation.png
6283,train,ISIC_0031146,images/ISIC_0031146.jpg,masks/ISIC_0031146_segmentation.png
6284,train,ISIC_0027975,images/ISIC_0027975.jpg,masks/ISIC_0027975_segmentation.png
6285,train,ISIC_0030915,images/ISIC_0030915.jpg,masks/ISIC_0030915_segmentation.png
6286,train,ISIC_0026292,images/ISIC_0026292.jpg,masks/ISIC_0026292_segmentation.png
6287,train,ISIC_0024493,images/ISIC_0024493.jpg,masks/ISIC_0024493_segmentation.png
6288,train,ISIC_0030138,images/ISIC_0030138.jpg,masks/ISIC_0030138_segmentation.png
6289,train,ISIC_0026670,images/ISIC_0026670.jpg,masks/ISIC_0026670_segmentation.png
6290,train,ISIC_0028490,images/ISIC_0028490.jpg,masks/ISIC_0028490_segmentation.png
6291,train,ISIC_0033538,images/ISIC_0033538.jpg,masks/ISIC_0033538_segmentation.png
6292,train,ISIC_0029203,images/ISIC_0029203.jpg,masks/ISIC_0029203_segmentation.png
6293,train,ISIC_0033002,images/ISIC_0033002.jpg,masks/ISIC_0033002_segmentation.png
6294,train,ISIC_0024603,images/ISIC_0024603.jpg,masks/ISIC_0024603_segmentation.png
6295,train,ISIC_0033178,images/ISIC_0033178.jpg,masks/ISIC_0033178_segmentation.png
6296,train,ISIC_0030471,images/ISIC_0030471.jpg,masks/ISIC_0030471_segmentation.png
6297,train,ISIC_0024689,images/ISIC_0024689.jpg,masks/ISIC_0024689_segmentation.png
6298,train,ISIC_0027773,images/ISIC_0027773.jpg,masks/ISIC_0027773_segmentation.png
6299,train,ISIC_0029959,images/ISIC_0029959.jpg,masks/ISIC_0029959_segmentation.png
6300,train,ISIC_0030756,images/ISIC_0030756.jpg,masks/ISIC_0030756_segmentation.png
6301,train,ISIC_0027343,images/ISIC_0027343.jpg,masks/ISIC_0027343_segmentation.png
6302,train,ISIC_0030451,images/ISIC_0030451.jpg,masks/ISIC_0030451_segmentation.png
6303,train,ISIC_0025365,images/ISIC_0025365.jpg,masks/ISIC_0025365_segmentation.png
6304,train,ISIC_0027099,images/ISIC_0027099.jpg,masks/ISIC_0027099_segmentation.png
6305,train,ISIC_0034009,images/ISIC_0034009.jpg,masks/ISIC_0034009_segmentation.png
6306,train,ISIC_0030877,images/ISIC_0030877.jpg,masks/ISIC_0030877_segmentation.png
6307,train,ISIC_0031707,images/ISIC_0031707.jpg,masks/ISIC_0031707_segmentation.png
6308,train,ISIC_0027888,images/ISIC_0027888.jpg,masks/ISIC_0027888_segmentation.png
6309,train,ISIC_0026346,images/ISIC_0026346.jpg,masks/ISIC_0026346_segmentation.png
6310,train,ISIC_0032795,images/ISIC_0032795.jpg,masks/ISIC_0032795_segmentation.png
6311,train,ISIC_0032442,images/ISIC_0032442.jpg,masks/ISIC_0032442_segmentation.png
6312,train,ISIC_0025796,images/ISIC_0025796.jpg,masks/ISIC_0025796_segmentation.png
6313,train,ISIC_0027718,images/ISIC_0027718.jpg,masks/ISIC_0027718_segmentation.png
6314,train,ISIC_0032593,images/ISIC_0032593.jpg,masks/ISIC_0032593_segmentation.png
6315,train,ISIC_0026545,images/ISIC_0026545.jpg,masks/ISIC_0026545_segmentation.png
6316,train,ISIC_0027864,images/ISIC_0027864.jpg,masks/ISIC_0027864_segmentation.png
6317,train,ISIC_0032368,images/ISIC_0032368.jpg,masks/ISIC_0032368_segmentation.png
6318,train,ISIC_0031043,images/ISIC_0031043.jpg,masks/ISIC_0031043_segmentation.png
6319,train,ISIC_0025776,images/ISIC_0025776.jpg,masks/ISIC_0025776_segmentation.png
6320,train,ISIC_0026855,images/ISIC_0026855.jpg,masks/ISIC_0026855_segmentation.png
6321,train,ISIC_0030056,images/ISIC_0030056.jpg,masks/ISIC_0030056_segmentation.png
6322,train,ISIC_0029403,images/ISIC_0029403.jpg,masks/ISIC_0029403_segmentation.png
6323,train,ISIC_0033802,images/ISIC_0033802.jpg,masks/ISIC_0033802_segmentation.png
6324,train,ISIC_0032500,images/ISIC_0032500.jpg,masks/ISIC_0032500_segmentation.png
6325,train,ISIC_0024983,images/ISIC_0024983.jpg,masks/ISIC_0024983_segmentation.png
6326,train,ISIC_0031430,images/ISIC_0031430.jpg,masks/ISIC_0031430_segmentation.png
6327,train,ISIC_0034259,images/ISIC_0034259.jpg,masks/ISIC_0034259_segmentation.png
6328,train,ISIC_0024612,images/ISIC_0024612.jpg,masks/ISIC_0024612_segmentation.png
6329,train,ISIC_0028020,images/ISIC_0028020.jpg,masks/ISIC_0028020_segmentation.png
6330,train,ISIC_0031180,images/ISIC_0031180.jpg,masks/ISIC_0031180_segmentation.png
6331,train,ISIC_0028423,images/ISIC_0028423.jpg,masks/ISIC_0028423_segmentation.png
6332,train,ISIC_0026807,images/ISIC_0026807.jpg,masks/ISIC_0026807_segmentation.png
6333,train,ISIC_0027564,images/ISIC_0027564.jpg,masks/ISIC_0027564_segmentation.png
6334,train,ISIC_0026493,images/ISIC_0026493.jpg,masks/ISIC_0026493_segmentation.png
6335,train,ISIC_0029441,images/ISIC_0029441.jpg,masks/ISIC_0029441_segmentation.png
6336,train,ISIC_0032335,images/ISIC_0032335.jpg,masks/ISIC_0032335_segmentation.png
6337,train,ISIC_0026392,images/ISIC_0026392.jpg,masks/ISIC_0026392_segmentation.png
6338,train,ISIC_0024911,images/ISIC_0024911.jpg,masks/ISIC_0024911_segmentation.png
6339,train,ISIC_0031465,images/ISIC_0031465.jpg,masks/ISIC_0031465_segmentation.png
6340,train,ISIC_0033198,images/ISIC_0033198.jpg,masks/ISIC_0033198_segmentation.png
6341,train,ISIC_0027887,images/ISIC_0027887.jpg,masks/ISIC_0027887_segmentation.png
6342,train,ISIC_0025810,images/ISIC_0025810.jpg,masks/ISIC_0025810_segmentation.png
6343,train,ISIC_0034308,images/ISIC_0034308.jpg,masks/ISIC_0034308_segmentation.png
6344,train,ISIC_0034117,images/ISIC_0034117.jpg,masks/ISIC_0034117_segmentation.png
6345,train,ISIC_0030762,images/ISIC_0030762.jpg,masks/ISIC_0030762_segmentation.png
6346,train,ISIC_0025549,images/ISIC_0025549.jpg,masks/ISIC_0025549_segmentation.png
6347,train,ISIC_0028936,images/ISIC_0028936.jpg,masks/ISIC_0028936_segmentation.png
6348,train,ISIC_0029766,images/ISIC_0029766.jpg,masks/ISIC_0029766_segmentation.png
6349,train,ISIC_0027693,images/ISIC_0027693.jpg,masks/ISIC_0027693_segmentation.png
6350,train,ISIC_0026956,images/ISIC_0026956.jpg,masks/ISIC_0026956_segmentation.png
6351,train,ISIC_0024624,images/ISIC_0024624.jpg,masks/ISIC_0024624_segmentation.png
6352,train,ISIC_0029547,images/ISIC_0029547.jpg,masks/ISIC_0029547_segmentation.png
6353,train,ISIC_0029072,images/ISIC_0029072.jpg,masks/ISIC_0029072_segmentation.png
6354,train,ISIC_0032698,images/ISIC_0032698.jpg,masks/ISIC_0032698_segmentation.png
6355,train,ISIC_0026324,images/ISIC_0026324.jpg,masks/ISIC_0026324_segmentation.png
6356,train,ISIC_0026132,images/ISIC_0026132.jpg,masks/ISIC_0026132_segmentation.png
6357,train,ISIC_0028607,images/ISIC_0028607.jpg,masks/ISIC_0028607_segmentation.png
6358,train,ISIC_0033017,images/ISIC_0033017.jpg,masks/ISIC_0033017_segmentation.png
6359,train,ISIC_0025954,images/ISIC_0025954.jpg,masks/ISIC_0025954_segmentation.png
6360,train,ISIC_0028801,images/ISIC_0028801.jpg,masks/ISIC_0028801_segmentation.png
6361,train,ISIC_0026090,images/ISIC_0026090.jpg,masks/ISIC_0026090_segmentation.png
6362,train,ISIC_0024947,images/ISIC_0024947.jpg,masks/ISIC_0024947_segmentation.png
6363,train,ISIC_0026940,images/ISIC_0026940.jpg,masks/ISIC_0026940_segmentation.png
6364,train,ISIC_0033428,images/ISIC_0033428.jpg,masks/ISIC_0033428_segmentation.png
6365,train,ISIC_0028756,images/ISIC_0028756.jpg,masks/ISIC_0028756_segmentation.png
6366,train,ISIC_0027893,images/ISIC_0027893.jpg,masks/ISIC_0027893_segmentation.png
6367,train,ISIC_0033102,images/ISIC_0033102.jpg,masks/ISIC_0033102_segmentation.png
6368,train,ISIC_0033803,images/ISIC_0033803.jpg,masks/ISIC_0033803_segmentation.png
6369,train,ISIC_0033951,images/ISIC_0033951.jpg,masks/ISIC_0033951_segmentation.png
6370,train,ISIC_0028789,images/ISIC_0028789.jpg,masks/ISIC_0028789_segmentation.png
6371,train,ISIC_0027542,images/ISIC_0027542.jpg,masks/ISIC_0027542_segmentation.png
6372,train,ISIC_0029972,images/ISIC_0029972.jpg,masks/ISIC_0029972_segmentation.png
6373,train,ISIC_0027068,images/ISIC_0027068.jpg,masks/ISIC_0027068_segmentation.png
6374,train,ISIC_0030415,images/ISIC_0030415.jpg,masks/ISIC_0030415_segmentation.png
6375,train,ISIC_0026005,images/ISIC_0026005.jpg,masks/ISIC_0026005_segmentation.png
6376,train,ISIC_0026514,images/ISIC_0026514.jpg,masks/ISIC_0026514_segmentation.png
6377,train,ISIC_0028941,images/ISIC_0028941.jpg,masks/ISIC_0028941_segmentation.png
6378,train,ISIC_0032907,images/ISIC_0032907.jpg,masks/ISIC_0032907_segmentation.png
6379,train,ISIC_0027575,images/ISIC_0027575.jpg,masks/ISIC_0027575_segmentation.png
6380,train,ISIC_0033171,images/ISIC_0033171.jpg,masks/ISIC_0033171_segmentation.png
6381,train,ISIC_0028950,images/ISIC_0028950.jpg,masks/ISIC_0028950_segmentation.png
6382,train,ISIC_0030815,images/ISIC_0030815.jpg,masks/ISIC_0030815_segmentation.png
6383,train,ISIC_0027627,images/ISIC_0027627.jpg,masks/ISIC_0027627_segmentation.png
6384,train,ISIC_0025165,images/ISIC_0025165.jpg,masks/ISIC_0025165_segmentation.png
6385,train,ISIC_0032526,images/ISIC_0032526.jpg,masks/ISIC_0032526_segmentation.png
6386,train,ISIC_0033762,images/ISIC_0033762.jpg,masks/ISIC_0033762_segmentation.png
6387,train,ISIC_0033272,images/ISIC_0033272.jpg,masks/ISIC_0033272_segmentation.png
6388,train,ISIC_0025197,images/ISIC_0025197.jpg,masks/ISIC_0025197_segmentation.png
6389,train,ISIC_0029593,images/ISIC_0029593.jpg,masks/ISIC_0029593_segmentation.png
6390,train,ISIC_0026233,images/ISIC_0026233.jpg,masks/ISIC_0026233_segmentation.png
6391,train,ISIC_0025854,images/ISIC_0025854.jpg,masks/ISIC_0025854_segmentation.png
6392,train,ISIC_0028585,images/ISIC_0028585.jpg,masks/ISIC_0028585_segmentation.png
6393,train,ISIC_0025164,images/ISIC_0025164.jpg,masks/ISIC_0025164_segmentation.png
6394,train,ISIC_0026145,images/ISIC_0026145.jpg,masks/ISIC_0026145_segmentation.png
6395,train,ISIC_0027660,images/ISIC_0027660.jpg,masks/ISIC_0027660_segmentation.png
6396,train,ISIC_0026745,images/ISIC_0026745.jpg,masks/ISIC_0026745_segmentation.png
6397,train,ISIC_0028274,images/ISIC_0028274.jpg,masks/ISIC_0028274_segmentation.png
6398,train,ISIC_0026904,images/ISIC_0026904.jpg,masks/ISIC_0026904_segmentation.png
6399,train,ISIC_0031685,images/ISIC_0031685.jpg,masks/ISIC_0031685_segmentation.png
6400,train,ISIC_0026573,images/ISIC_0026573.jpg,masks/ISIC_0026573_segmentation.png
6401,train,ISIC_0024559,images/ISIC_0024559.jpg,masks/ISIC_0024559_segmentation.png
6402,train,ISIC_0026201,images/ISIC_0026201.jpg,masks/ISIC_0026201_segmentation.png
6403,train,ISIC_0024646,images/ISIC_0024646.jpg,masks/ISIC_0024646_segmentation.png
6404,train,ISIC_0033329,images/ISIC_0033329.jpg,masks/ISIC_0033329_segmentation.png
6405,train,ISIC_0029729,images/ISIC_0029729.jpg,masks/ISIC_0029729_segmentation.png
6406,train,ISIC_0032601,images/ISIC_0032601.jpg,masks/ISIC_0032601_segmentation.png
6407,train,ISIC_0029898,images/ISIC_0029898.jpg,masks/ISIC_0029898_segmentation.png
6408,train,ISIC_0032916,images/ISIC_0032916.jpg,masks/ISIC_0032916_segmentation.png
6409,train,ISIC_0029592,images/ISIC_0029592.jpg,masks/ISIC_0029592_segmentation.png
6410,train,ISIC_0030236,images/ISIC_0030236.jpg,masks/ISIC_0030236_segmentation.png
6411,train,ISIC_0032497,images/ISIC_0032497.jpg,masks/ISIC_0032497_segmentation.png
6412,train,ISIC_0025727,images/ISIC_0025727.jpg,masks/ISIC_0025727_segmentation.png
6413,train,ISIC_0026889,images/ISIC_0026889.jpg,masks/ISIC_0026889_segmentation.png
6414,train,ISIC_0025232,images/ISIC_0025232.jpg,masks/ISIC_0025232_segmentation.png
6415,train,ISIC_0032902,images/ISIC_0032902.jpg,masks/ISIC_0032902_segmentation.png
6416,train,ISIC_0033219,images/ISIC_0033219.jpg,masks/ISIC_0033219_segmentation.png
6417,train,ISIC_0026291,images/ISIC_0026291.jpg,masks/ISIC_0026291_segmentation.png
6418,train,ISIC_0033202,images/ISIC_0033202.jpg,masks/ISIC_0033202_segmentation.png
6419,train,ISIC_0032242,images/ISIC_0032242.jpg,masks/ISIC_0032242_segmentation.png
6420,train,ISIC_0031073,images/ISIC_0031073.jpg,masks/ISIC_0031073_segmentation.png
6421,train,ISIC_0029437,images/ISIC_0029437.jpg,masks/ISIC_0029437_segmentation.png
6422,train,ISIC_0025287,images/ISIC_0025287.jpg,masks/ISIC_0025287_segmentation.png
6423,train,ISIC_0028513,images/ISIC_0028513.jpg,masks/ISIC_0028513_segmentation.png
6424,train,ISIC_0031838,images/ISIC_0031838.jpg,masks/ISIC_0031838_segmentation.png
6425,train,ISIC_0028565,images/ISIC_0028565.jpg,masks/ISIC_0028565_segmentation.png
6426,train,ISIC_0029071,images/ISIC_0029071.jpg,masks/ISIC_0029071_segmentation.png
6427,train,ISIC_0028973,images/ISIC_0028973.jpg,masks/ISIC_0028973_segmentation.png
6428,train,ISIC_0027719,images/ISIC_0027719.jpg,masks/ISIC_0027719_segmentation.png
6429,train,ISIC_0030008,images/ISIC_0030008.jpg,masks/ISIC_0030008_segmentation.png
6430,train,ISIC_0029554,images/ISIC_0029554.jpg,masks/ISIC_0029554_segmentation.png
6431,train,ISIC_0029434,images/ISIC_0029434.jpg,masks/ISIC_0029434_segmentation.png
6432,train,ISIC_0030457,images/ISIC_0030457.jpg,masks/ISIC_0030457_segmentation.png
6433,train,ISIC_0033401,images/ISIC_0033401.jpg,masks/ISIC_0033401_segmentation.png
6434,train,ISIC_0031243,images/ISIC_0031243.jpg,masks/ISIC_0031243_segmentation.png
6435,train,ISIC_0032101,images/ISIC_0032101.jpg,masks/ISIC_0032101_segmentation.png
6436,train,ISIC_0031566,images/ISIC_0031566.jpg,masks/ISIC_0031566_segmentation.png
6437,train,ISIC_0034077,images/ISIC_0034077.jpg,masks/ISIC_0034077_segmentation.png
6438,train,ISIC_0025107,images/ISIC_0025107.jpg,masks/ISIC_0025107_segmentation.png
6439,train,ISIC_0032522,images/ISIC_0032522.jpg,masks/ISIC_0032522_segmentation.png
6440,train,ISIC_0027787,images/ISIC_0027787.jpg,masks/ISIC_0027787_segmentation.png
6441,train,ISIC_0034068,images/ISIC_0034068.jpg,masks/ISIC_0034068_segmentation.png
6442,train,ISIC_0025805,images/ISIC_0025805.jpg,masks/ISIC_0025805_segmentation.png
6443,train,ISIC_0029749,images/ISIC_0029749.jpg,masks/ISIC_0029749_segmentation.png
6444,train,ISIC_0031461,images/ISIC_0031461.jpg,masks/ISIC_0031461_segmentation.png
6445,train,ISIC_0034150,images/ISIC_0034150.jpg,masks/ISIC_0034150_segmentation.png
6446,train,ISIC_0033566,images/ISIC_0033566.jpg,masks/ISIC_0033566_segmentation.png
6447,train,ISIC_0029974,images/ISIC_0029974.jpg,masks/ISIC_0029974_segmentation.png
6448,train,ISIC_0028834,images/ISIC_0028834.jpg,masks/ISIC_0028834_segmentation.png
6449,train,ISIC_0024683,images/ISIC_0024683.jpg,masks/ISIC_0024683_segmentation.png
6450,train,ISIC_0025414,images/ISIC_0025414.jpg,masks/ISIC_0025414_segmentation.png
6451,train,ISIC_0027885,images/ISIC_0027885.jpg,masks/ISIC_0027885_segmentation.png
6452,train,ISIC_0033373,images/ISIC_0033373.jpg,masks/ISIC_0033373_segmentation.png
6453,train,ISIC_0032386,images/ISIC_0032386.jpg,masks/ISIC_0032386_segmentation.png
6454,train,ISIC_0029950,images/ISIC_0029950.jpg,masks/ISIC_0029950_segmentation.png
6455,train,ISIC_0032174,images/ISIC_0032174.jpg,masks/ISIC_0032174_segmentation.png
6456,train,ISIC_0030497,images/ISIC_0030497.jpg,masks/ISIC_0030497_segmentation.png
6457,train,ISIC_0033902,images/ISIC_0033902.jpg,masks/ISIC_0033902_segmentation.png
6458,train,ISIC_0026784,images/ISIC_0026784.jpg,masks/ISIC_0026784_segmentation.png
6459,train,ISIC_0024573,images/ISIC_0024573.jpg,masks/ISIC_0024573_segmentation.png
6460,train,ISIC_0027031,images/ISIC_0027031.jpg,masks/ISIC_0027031_segmentation.png
6461,train,ISIC_0027957,images/ISIC_0027957.jpg,masks/ISIC_0027957_segmentation.png
6462,train,ISIC_0027454,images/ISIC_0027454.jpg,masks/ISIC_0027454_segmentation.png
6463,train,ISIC_0032944,images/ISIC_0032944.jpg,masks/ISIC_0032944_segmentation.png
6464,train,ISIC_0030363,images/ISIC_0030363.jpg,masks/ISIC_0030363_segmentation.png
6465,train,ISIC_0024641,images/ISIC_0024641.jpg,masks/ISIC_0024641_segmentation.png
6466,train,ISIC_0028840,images/ISIC_0028840.jpg,masks/ISIC_0028840_segmentation.png
6467,train,ISIC_0032655,images/ISIC_0032655.jpg,masks/ISIC_0032655_segmentation.png
6468,train,ISIC_0026633,images/ISIC_0026633.jpg,masks/ISIC_0026633_segmentation.png
6469,train,ISIC_0031327,images/ISIC_0031327.jpg,masks/ISIC_0031327_segmentation.png
6470,train,ISIC_0029553,images/ISIC_0029553.jpg,masks/ISIC_0029553_segmentation.png
6471,train,ISIC_0025334,images/ISIC_0025334.jpg,masks/ISIC_0025334_segmentation.png
6472,train,ISIC_0034110,images/ISIC_0034110.jpg,masks/ISIC_0034110_segmentation.png
6473,train,ISIC_0033330,images/ISIC_0033330.jpg,masks/ISIC_0033330_segmentation.png
6474,train,ISIC_0028385,images/ISIC_0028385.jpg,masks/ISIC_0028385_segmentation.png
6475,train,ISIC_0027286,images/ISIC_0027286.jpg,masks/ISIC_0027286_segmentation.png
6476,train,ISIC_0032746,images/ISIC_0032746.jpg,masks/ISIC_0032746_segmentation.png
6477,train,ISIC_0025903,images/ISIC_0025903.jpg,masks/ISIC_0025903_segmentation.png
6478,train,ISIC_0032783,images/ISIC_0032783.jpg,masks/ISIC_0032783_segmentation.png
6479,train,ISIC_0032785,images/ISIC_0032785.jpg,masks/ISIC_0032785_segmentation.png
6480,train,ISIC_0033686,images/ISIC_0033686.jpg,masks/ISIC_0033686_segmentation.png
6481,train,ISIC_0028610,images/ISIC_0028610.jpg,masks/ISIC_0028610_segmentation.png
6482,train,ISIC_0032740,images/ISIC_0032740.jpg,masks/ISIC_0032740_segmentation.png
6483,train,ISIC_0029608,images/ISIC_0029608.jpg,masks/ISIC_0029608_segmentation.png
6484,train,ISIC_0033511,images/ISIC_0033511.jpg,masks/ISIC_0033511_segmentation.png
6485,train,ISIC_0028845,images/ISIC_0028845.jpg,masks/ISIC_0028845_segmentation.png
6486,train,ISIC_0033861,images/ISIC_0033861.jpg,masks/ISIC_0033861_segmentation.png
6487,train,ISIC_0026022,images/ISIC_0026022.jpg,masks/ISIC_0026022_segmentation.png
6488,train,ISIC_0028802,images/ISIC_0028802.jpg,masks/ISIC_0028802_segmentation.png
6489,train,ISIC_0025872,images/ISIC_0025872.jpg,masks/ISIC_0025872_segmentation.png
6490,train,ISIC_0031757,images/ISIC_0031757.jpg,masks/ISIC_0031757_segmentation.png
6491,train,ISIC_0028854,images/ISIC_0028854.jpg,masks/ISIC_0028854_segmentation.png
6492,train,ISIC_0027951,images/ISIC_0027951.jpg,masks/ISIC_0027951_segmentation.png
6493,train,ISIC_0026118,images/ISIC_0026118.jpg,masks/ISIC_0026118_segmentation.png
6494,train,ISIC_0034306,images/ISIC_0034306.jpg,masks/ISIC_0034306_segmentation.png
6495,train,ISIC_0025838,images/ISIC_0025838.jpg,masks/ISIC_0025838_segmentation.png
6496,train,ISIC_0032214,images/ISIC_0032214.jpg,masks/ISIC_0032214_segmentation.png
6497,train,ISIC_0025284,images/ISIC_0025284.jpg,masks/ISIC_0025284_segmentation.png
6498,train,ISIC_0028562,images/ISIC_0028562.jpg,masks/ISIC_0028562_segmentation.png
6499,train,ISIC_0031373,images/ISIC_0031373.jpg,masks/ISIC_0031373_segmentation.png
6500,train,ISIC_0032745,images/ISIC_0032745.jpg,masks/ISIC_0032745_segmentation.png
6501,train,ISIC_0029343,images/ISIC_0029343.jpg,masks/ISIC_0029343_segmentation.png
6502,train,ISIC_0027506,images/ISIC_0027506.jpg,masks/ISIC_0027506_segmentation.png
6503,train,ISIC_0031687,images/ISIC_0031687.jpg,masks/ISIC_0031687_segmentation.png
6504,train,ISIC_0025968,images/ISIC_0025968.jpg,masks/ISIC_0025968_segmentation.png
6505,train,ISIC_0024904,images/ISIC_0024904.jpg,masks/ISIC_0024904_segmentation.png
6506,train,ISIC_0025844,images/ISIC_0025844.jpg,masks/ISIC_0025844_segmentation.png
6507,train,ISIC_0028115,images/ISIC_0028115.jpg,masks/ISIC_0028115_segmentation.png
6508,train,ISIC_0032798,images/ISIC_0032798.jpg,masks/ISIC_0032798_segmentation.png
6509,train,ISIC_0032932,images/ISIC_0032932.jpg,masks/ISIC_0032932_segmentation.png
6510,train,ISIC_0034016,images/ISIC_0034016.jpg,masks/ISIC_0034016_segmentation.png
6511,train,ISIC_0027080,images/ISIC_0027080.jpg,masks/ISIC_0027080_segmentation.png
6512,train,ISIC_0026484,images/ISIC_0026484.jpg,masks/ISIC_0026484_segmentation.png
6513,train,ISIC_0030795,images/ISIC_0030795.jpg,masks/ISIC_0030795_segmentation.png
6514,train,ISIC_0027314,images/ISIC_0027314.jpg,masks/ISIC_0027314_segmentation.png
6515,train,ISIC_0025178,images/ISIC_0025178.jpg,masks/ISIC_0025178_segmentation.png
6516,train,ISIC_0026288,images/ISIC_0026288.jpg,masks/ISIC_0026288_segmentation.png
6517,train,ISIC_0032908,images/ISIC_0032908.jpg,masks/ISIC_0032908_segmentation.png
6518,train,ISIC_0030203,images/ISIC_0030203.jpg,masks/ISIC_0030203_segmentation.png
6519,train,ISIC_0032063,images/ISIC_0032063.jpg,masks/ISIC_0032063_segmentation.png
6520,train,ISIC_0030184,images/ISIC_0030184.jpg,masks/ISIC_0030184_segmentation.png
6521,train,ISIC_0028466,images/ISIC_0028466.jpg,masks/ISIC_0028466_segmentation.png
6522,train,ISIC_0024557,images/ISIC_0024557.jpg,masks/ISIC_0024557_segmentation.png
6523,train,ISIC_0024886,images/ISIC_0024886.jpg,masks/ISIC_0024886_segmentation.png
6524,train,ISIC_0031424,images/ISIC_0031424.jpg,masks/ISIC_0031424_segmentation.png
6525,train,ISIC_0024851,images/ISIC_0024851.jpg,masks/ISIC_0024851_segmentation.png
6526,train,ISIC_0029319,images/ISIC_0029319.jpg,masks/ISIC_0029319_segmentation.png
6527,train,ISIC_0024470,images/ISIC_0024470.jpg,masks/ISIC_0024470_segmentation.png
6528,train,ISIC_0028682,images/ISIC_0028682.jpg,masks/ISIC_0028682_segmentation.png
6529,train,ISIC_0034230,images/ISIC_0034230.jpg,masks/ISIC_0034230_segmentation.png
6530,train,ISIC_0031334,images/ISIC_0031334.jpg,masks/ISIC_0031334_segmentation.png
6531,train,ISIC_0032760,images/ISIC_0032760.jpg,masks/ISIC_0032760_segmentation.png
6532,train,ISIC_0030161,images/ISIC_0030161.jpg,masks/ISIC_0030161_segmentation.png
6533,train,ISIC_0029602,images/ISIC_0029602.jpg,masks/ISIC_0029602_segmentation.png
6534,train,ISIC_0034238,images/ISIC_0034238.jpg,masks/ISIC_0034238_segmentation.png
6535,train,ISIC_0032548,images/ISIC_0032548.jpg,masks/ISIC_0032548_segmentation.png
6536,train,ISIC_0032597,images/ISIC_0032597.jpg,masks/ISIC_0032597_segmentation.png
6537,train,ISIC_0027860,images/ISIC_0027860.jpg,masks/ISIC_0027860_segmentation.png
6538,train,ISIC_0024819,images/ISIC_0024819.jpg,masks/ISIC_0024819_segmentation.png
6539,train,ISIC_0026322,images/ISIC_0026322.jpg,masks/ISIC_0026322_segmentation.png
6540,train,ISIC_0025408,images/ISIC_0025408.jpg,masks/ISIC_0025408_segmentation.png
6541,train,ISIC_0032272,images/ISIC_0032272.jpg,masks/ISIC_0032272_segmentation.png
6542,train,ISIC_0030158,images/ISIC_0030158.jpg,masks/ISIC_0030158_segmentation.png
6543,train,ISIC_0032343,images/ISIC_0032343.jpg,masks/ISIC_0032343_segmentation.png
6544,train,ISIC_0024588,images/ISIC_0024588.jpg,masks/ISIC_0024588_segmentation.png
6545,train,ISIC_0033672,images/ISIC_0033672.jpg,masks/ISIC_0033672_segmentation.png
6546,train,ISIC_0025643,images/ISIC_0025643.jpg,masks/ISIC_0025643_segmentation.png
6547,train,ISIC_0025220,images/ISIC_0025220.jpg,masks/ISIC_0025220_segmentation.png
6548,train,ISIC_0033256,images/ISIC_0033256.jpg,masks/ISIC_0033256_segmentation.png
6549,train,ISIC_0033281,images/ISIC_0033281.jpg,masks/ISIC_0033281_segmentation.png
6550,train,ISIC_0028392,images/ISIC_0028392.jpg,masks/ISIC_0028392_segmentation.png
6551,train,ISIC_0024512,images/ISIC_0024512.jpg,masks/ISIC_0024512_segmentation.png
6552,train,ISIC_0032279,images/ISIC_0032279.jpg,masks/ISIC_0032279_segmentation.png
6553,train,ISIC_0031682,images/ISIC_0031682.jpg,masks/ISIC_0031682_segmentation.png
6554,train,ISIC_0031248,images/ISIC_0031248.jpg,masks/ISIC_0031248_segmentation.png
6555,train,ISIC_0025712,images/ISIC_0025712.jpg,masks/ISIC_0025712_segmentation.png
6556,train,ISIC_0024928,images/ISIC_0024928.jpg,masks/ISIC_0024928_segmentation.png
6557,train,ISIC_0028705,images/ISIC_0028705.jpg,masks/ISIC_0028705_segmentation.png
6558,train,ISIC_0025514,images/ISIC_0025514.jpg,masks/ISIC_0025514_segmentation.png
6559,train,ISIC_0032490,images/ISIC_0032490.jpg,masks/ISIC_0032490_segmentation.png
6560,train,ISIC_0029598,images/ISIC_0029598.jpg,masks/ISIC_0029598_segmentation.png
6561,train,ISIC_0024602,images/ISIC_0024602.jpg,masks/ISIC_0024602_segmentation.png
6562,train,ISIC_0030798,images/ISIC_0030798.jpg,masks/ISIC_0030798_segmentation.png
6563,train,ISIC_0030906,images/ISIC_0030906.jpg,masks/ISIC_0030906_segmentation.png
6564,train,ISIC_0032675,images/ISIC_0032675.jpg,masks/ISIC_0032675_segmentation.png
6565,train,ISIC_0024950,images/ISIC_0024950.jpg,masks/ISIC_0024950_segmentation.png
6566,train,ISIC_0028597,images/ISIC_0028597.jpg,masks/ISIC_0028597_segmentation.png
6567,train,ISIC_0029206,images/ISIC_0029206.jpg,masks/ISIC_0029206_segmentation.png
6568,train,ISIC_0025458,images/ISIC_0025458.jpg,masks/ISIC_0025458_segmentation.png
6569,train,ISIC_0025825,images/ISIC_0025825.jpg,masks/ISIC_0025825_segmentation.png
6570,train,ISIC_0029579,images/ISIC_0029579.jpg,masks/ISIC_0029579_segmentation.png
6571,train,ISIC_0034078,images/ISIC_0034078.jpg,masks/ISIC_0034078_segmentation.png
6572,train,ISIC_0026114,images/ISIC_0026114.jpg,masks/ISIC_0026114_segmentation.png
6573,train,ISIC_0030220,images/ISIC_0030220.jpg,masks/ISIC_0030220_segmentation.png
6574,train,ISIC_0029543,images/ISIC_0029543.jpg,masks/ISIC_0029543_segmentation.png
6575,train,ISIC_0032611,images/ISIC_0032611.jpg,masks/ISIC_0032611_segmentation.png
6576,train,ISIC_0033094,images/ISIC_0033094.jpg,masks/ISIC_0033094_segmentation.png
6577,train,ISIC_0031282,images/ISIC_0031282.jpg,masks/ISIC_0031282_segmentation.png
6578,train,ISIC_0032157,images/ISIC_0032157.jpg,masks/ISIC_0032157_segmentation.png
6579,train,ISIC_0024577,images/ISIC_0024577.jpg,masks/ISIC_0024577_segmentation.png
6580,train,ISIC_0031480,images/ISIC_0031480.jpg,masks/ISIC_0031480_segmentation.png
6581,train,ISIC_0031284,images/ISIC_0031284.jpg,masks/ISIC_0031284_segmentation.png
6582,train,ISIC_0031194,images/ISIC_0031194.jpg,masks/ISIC_0031194_segmentation.png
6583,train,ISIC_0025795,images/ISIC_0025795.jpg,masks/ISIC_0025795_segmentation.png
6584,train,ISIC_0026364,images/ISIC_0026364.jpg,masks/ISIC_0026364_segmentation.png
6585,train,ISIC_0027933,images/ISIC_0027933.jpg,masks/ISIC_0027933_segmentation.png
6586,train,ISIC_0024811,images/ISIC_0024811.jpg,masks/ISIC_0024811_segmentation.png
6587,train,ISIC_0025594,images/ISIC_0025594.jpg,masks/ISIC_0025594_segmentation.png
6588,train,ISIC_0025394,images/ISIC_0025394.jpg,masks/ISIC_0025394_segmentation.png
6589,train,ISIC_0026377,images/ISIC_0026377.jpg,masks/ISIC_0026377_segmentation.png
6590,train,ISIC_0026821,images/ISIC_0026821.jpg,masks/ISIC_0026821_segmentation.png
6591,train,ISIC_0032555,images/ISIC_0032555.jpg,masks/ISIC_0032555_segmentation.png
6592,train,ISIC_0026258,images/ISIC_0026258.jpg,masks/ISIC_0026258_segmentation.png
6593,train,ISIC_0028331,images/ISIC_0028331.jpg,masks/ISIC_0028331_segmentation.png
6594,train,ISIC_0032441,images/ISIC_0032441.jpg,masks/ISIC_0032441_segmentation.png
6595,train,ISIC_0032372,images/ISIC_0032372.jpg,masks/ISIC_0032372_segmentation.png
6596,train,ISIC_0024993,images/ISIC_0024993.jpg,masks/ISIC_0024993_segmentation.png
6597,train,ISIC_0025205,images/ISIC_0025205.jpg,masks/ISIC_0025205_segmentation.png
6598,train,ISIC_0028613,images/ISIC_0028613.jpg,masks/ISIC_0028613_segmentation.png
6599,train,ISIC_0029609,images/ISIC_0029609.jpg,masks/ISIC_0029609_segmentation.png
6600,train,ISIC_0030004,images/ISIC_0030004.jpg,masks/ISIC_0030004_segmentation.png
6601,train,ISIC_0032935,images/ISIC_0032935.jpg,masks/ISIC_0032935_segmentation.png
6602,train,ISIC_0029465,images/ISIC_0029465.jpg,masks/ISIC_0029465_segmentation.png
6603,train,ISIC_0034211,images/ISIC_0034211.jpg,masks/ISIC_0034211_segmentation.png
6604,train,ISIC_0032394,images/ISIC_0032394.jpg,masks/ISIC_0032394_segmentation.png
6605,train,ISIC_0032923,images/ISIC_0032923.jpg,masks/ISIC_0032923_segmentation.png
6606,train,ISIC_0031680,images/ISIC_0031680.jpg,masks/ISIC_0031680_segmentation.png
6607,train,ISIC_0027503,images/ISIC_0027503.jpg,masks/ISIC_0027503_segmentation.png
6608,train,ISIC_0029172,images/ISIC_0029172.jpg,masks/ISIC_0029172_segmentation.png
6609,train,ISIC_0032037,images/ISIC_0032037.jpg,masks/ISIC_0032037_segmentation.png
6610,train,ISIC_0032061,images/ISIC_0032061.jpg,masks/ISIC_0032061_segmentation.png
6611,train,ISIC_0025359,images/ISIC_0025359.jpg,masks/ISIC_0025359_segmentation.png
6612,train,ISIC_0030413,images/ISIC_0030413.jpg,masks/ISIC_0030413_segmentation.png
6613,train,ISIC_0032381,images/ISIC_0032381.jpg,masks/ISIC_0032381_segmentation.png
6614,train,ISIC_0031427,images/ISIC_0031427.jpg,masks/ISIC_0031427_segmentation.png
6615,train,ISIC_0032856,images/ISIC_0032856.jpg,masks/ISIC_0032856_segmentation.png
6616,train,ISIC_0027242,images/ISIC_0027242.jpg,masks/ISIC_0027242_segmentation.png
6617,train,ISIC_0029074,images/ISIC_0029074.jpg,masks/ISIC_0029074_segmentation.png
6618,train,ISIC_0030748,images/ISIC_0030748.jpg,masks/ISIC_0030748_segmentation.png
6619,train,ISIC_0026780,images/ISIC_0026780.jpg,masks/ISIC_0026780_segmentation.png
6620,train,ISIC_0028511,images/ISIC_0028511.jpg,masks/ISIC_0028511_segmentation.png
6621,train,ISIC_0032107,images/ISIC_0032107.jpg,masks/ISIC_0032107_segmentation.png
6622,train,ISIC_0033047,images/ISIC_0033047.jpg,masks/ISIC_0033047_segmentation.png
6623,train,ISIC_0028169,images/ISIC_0028169.jpg,masks/ISIC_0028169_segmentation.png
6624,train,ISIC_0027093,images/ISIC_0027093.jpg,masks/ISIC_0027093_segmentation.png
6625,train,ISIC_0030398,images/ISIC_0030398.jpg,masks/ISIC_0030398_segmentation.png
6626,train,ISIC_0032349,images/ISIC_0032349.jpg,masks/ISIC_0032349_segmentation.png
6627,train,ISIC_0028224,images/ISIC_0028224.jpg,masks/ISIC_0028224_segmentation.png
6628,train,ISIC_0028191,images/ISIC_0028191.jpg,masks/ISIC_0028191_segmentation.png
6629,train,ISIC_0025884,images/ISIC_0025884.jpg,masks/ISIC_0025884_segmentation.png
6630,train,ISIC_0025746,images/ISIC_0025746.jpg,masks/ISIC_0025746_segmentation.png
6631,train,ISIC_0029197,images/ISIC_0029197.jpg,masks/ISIC_0029197_segmentation.png
6632,train,ISIC_0032605,images/ISIC_0032605.jpg,masks/ISIC_0032605_segmentation.png
6633,train,ISIC_0024318,images/ISIC_0024318.jpg,masks/ISIC_0024318_segmentation.png
6634,train,ISIC_0032671,images/ISIC_0032671.jpg,masks/ISIC_0032671_segmentation.png
6635,train,ISIC_0032968,images/ISIC_0032968.jpg,masks/ISIC_0032968_segmentation.png
6636,train,ISIC_0030652,images/ISIC_0030652.jpg,masks/ISIC_0030652_segmentation.png
6637,train,ISIC_0029541,images/ISIC_0029541.jpg,masks/ISIC_0029541_segmentation.png
6638,train,ISIC_0024920,images/ISIC_0024920.jpg,masks/ISIC_0024920_segmentation.png
6639,train,ISIC_0027524,images/ISIC_0027524.jpg,masks/ISIC_0027524_segmentation.png
6640,train,ISIC_0033276,images/ISIC_0033276.jpg,masks/ISIC_0033276_segmentation.png
6641,train,ISIC_0032899,images/ISIC_0032899.jpg,masks/ISIC_0032899_segmentation.png
6642,train,ISIC_0030317,images/ISIC_0030317.jpg,masks/ISIC_0030317_segmentation.png
6643,train,ISIC_0032096,images/ISIC_0032096.jpg,masks/ISIC_0032096_segmentation.png
6644,train,ISIC_0027665,images/ISIC_0027665.jpg,masks/ISIC_0027665_segmentation.png
6645,train,ISIC_0029988,images/ISIC_0029988.jpg,masks/ISIC_0029988_segmentation.png
6646,train,ISIC_0030197,images/ISIC_0030197.jpg,masks/ISIC_0030197_segmentation.png
6647,train,ISIC_0025156,images/ISIC_0025156.jpg,masks/ISIC_0025156_segmentation.png
6648,train,ISIC_0028105,images/ISIC_0028105.jpg,masks/ISIC_0028105_segmentation.png
6649,train,ISIC_0033547,images/ISIC_0033547.jpg,masks/ISIC_0033547_segmentation.png
6650,train,ISIC_0026809,images/ISIC_0026809.jpg,masks/ISIC_0026809_segmentation.png
6651,train,ISIC_0024956,images/ISIC_0024956.jpg,masks/ISIC_0024956_segmentation.png
6652,train,ISIC_0029263,images/ISIC_0029263.jpg,masks/ISIC_0029263_segmentation.png
6653,train,ISIC_0028688,images/ISIC_0028688.jpg,masks/ISIC_0028688_segmentation.png
6654,train,ISIC_0027040,images/ISIC_0027040.jpg,masks/ISIC_0027040_segmentation.png
6655,train,ISIC_0028097,images/ISIC_0028097.jpg,masks/ISIC_0028097_segmentation.png
6656,train,ISIC_0029857,images/ISIC_0029857.jpg,masks/ISIC_0029857_segmentation.png
6657,train,ISIC_0029157,images/ISIC_0029157.jpg,masks/ISIC_0029157_segmentation.png
6658,train,ISIC_0033889,images/ISIC_0033889.jpg,masks/ISIC_0033889_segmentation.png
6659,train,ISIC_0028413,images/ISIC_0028413.jpg,masks/ISIC_0028413_segmentation.png
6660,train,ISIC_0027762,images/ISIC_0027762.jpg,masks/ISIC_0027762_segmentation.png
6661,train,ISIC_0032728,images/ISIC_0032728.jpg,masks/ISIC_0032728_segmentation.png
6662,train,ISIC_0031605,images/ISIC_0031605.jpg,masks/ISIC_0031605_segmentation.png
6663,train,ISIC_0031377,images/ISIC_0031377.jpg,masks/ISIC_0031377_segmentation.png
6664,train,ISIC_0028771,images/ISIC_0028771.jpg,masks/ISIC_0028771_segmentation.png
6665,train,ISIC_0033620,images/ISIC_0033620.jpg,masks/ISIC_0033620_segmentation.png
6666,train,ISIC_0024497,images/ISIC_0024497.jpg,masks/ISIC_0024497_segmentation.png
6667,train,ISIC_0029605,images/ISIC_0029605.jpg,masks/ISIC_0029605_segmentation.png
6668,train,ISIC_0029600,images/ISIC_0029600.jpg,masks/ISIC_0029600_segmentation.png
6669,train,ISIC_0026203,images/ISIC_0026203.jpg,masks/ISIC_0026203_segmentation.png
6670,train,ISIC_0027796,images/ISIC_0027796.jpg,masks/ISIC_0027796_segmentation.png
6671,train,ISIC_0029675,images/ISIC_0029675.jpg,masks/ISIC_0029675_segmentation.png
6672,train,ISIC_0033947,images/ISIC_0033947.jpg,masks/ISIC_0033947_segmentation.png
6673,train,ISIC_0027752,images/ISIC_0027752.jpg,masks/ISIC_0027752_segmentation.png
6674,train,ISIC_0029287,images/ISIC_0029287.jpg,masks/ISIC_0029287_segmentation.png
6675,train,ISIC_0032176,images/ISIC_0032176.jpg,masks/ISIC_0032176_segmentation.png
6676,train,ISIC_0033347,images/ISIC_0033347.jpg,masks/ISIC_0033347_segmentation.png
6677,train,ISIC_0030365,images/ISIC_0030365.jpg,masks/ISIC_0030365_segmentation.png
6678,train,ISIC_0027500,images/ISIC_0027500.jpg,masks/ISIC_0027500_segmentation.png
6679,train,ISIC_0029189,images/ISIC_0029189.jpg,masks/ISIC_0029189_segmentation.png
6680,train,ISIC_0032263,images/ISIC_0032263.jpg,masks/ISIC_0032263_segmentation.png
6681,train,ISIC_0031467,images/ISIC_0031467.jpg,masks/ISIC_0031467_segmentation.png
6682,train,ISIC_0030576,images/ISIC_0030576.jpg,masks/ISIC_0030576_segmentation.png
6683,train,ISIC_0030741,images/ISIC_0030741.jpg,masks/ISIC_0030741_segmentation.png
6684,train,ISIC_0029397,images/ISIC_0029397.jpg,masks/ISIC_0029397_segmentation.png
6685,train,ISIC_0033894,images/ISIC_0033894.jpg,masks/ISIC_0033894_segmentation.png
6686,train,ISIC_0025380,images/ISIC_0025380.jpg,masks/ISIC_0025380_segmentation.png
6687,train,ISIC_0034204,images/ISIC_0034204.jpg,masks/ISIC_0034204_segmentation.png
6688,train,ISIC_0025358,images/ISIC_0025358.jpg,masks/ISIC_0025358_segmentation.png
6689,train,ISIC_0033544,images/ISIC_0033544.jpg,masks/ISIC_0033544_segmentation.png
6690,train,ISIC_0031762,images/ISIC_0031762.jpg,masks/ISIC_0031762_segmentation.png
6691,train,ISIC_0034155,images/ISIC_0034155.jpg,masks/ISIC_0034155_segmentation.png
6692,train,ISIC_0032000,images/ISIC_0032000.jpg,masks/ISIC_0032000_segmentation.png
6693,train,ISIC_0030917,images/ISIC_0030917.jpg,masks/ISIC_0030917_segmentation.png
6694,train,ISIC_0032919,images/ISIC_0032919.jpg,masks/ISIC_0032919_segmentation.png
6695,train,ISIC_0029328,images/ISIC_0029328.jpg,masks/ISIC_0029328_segmentation.png
6696,train,ISIC_0032779,images/ISIC_0032779.jpg,masks/ISIC_0032779_segmentation.png
6697,train,ISIC_0025650,images/ISIC_0025650.jpg,masks/ISIC_0025650_segmentation.png
6698,train,ISIC_0028023,images/ISIC_0028023.jpg,masks/ISIC_0028023_segmentation.png
6699,train,ISIC_0034116,images/ISIC_0034116.jpg,masks/ISIC_0034116_segmentation.png
6700,train,ISIC_0032710,images/ISIC_0032710.jpg,masks/ISIC_0032710_segmentation.png
6701,train,ISIC_0031493,images/ISIC_0031493.jpg,masks/ISIC_0031493_segmentation.png
6702,train,ISIC_0032949,images/ISIC_0032949.jpg,masks/ISIC_0032949_segmentation.png
6703,train,ISIC_0033759,images/ISIC_0033759.jpg,masks/ISIC_0033759_segmentation.png
6704,train,ISIC_0031693,images/ISIC_0031693.jpg,masks/ISIC_0031693_segmentation.png
6705,train,ISIC_0027358,images/ISIC_0027358.jpg,masks/ISIC_0027358_segmentation.png
6706,train,ISIC_0031016,images/ISIC_0031016.jpg,masks/ISIC_0031016_segmentation.png
6707,train,ISIC_0033977,images/ISIC_0033977.jpg,masks/ISIC_0033977_segmentation.png
6708,train,ISIC_0030862,images/ISIC_0030862.jpg,masks/ISIC_0030862_segmentation.png
6709,train,ISIC_0025272,images/ISIC_0025272.jpg,masks/ISIC_0025272_segmentation.png
6710,train,ISIC_0029232,images/ISIC_0029232.jpg,masks/ISIC_0029232_segmentation.png
6711,train,ISIC_0031106,images/ISIC_0031106.jpg,masks/ISIC_0031106_segmentation.png
6712,train,ISIC_0024687,images/ISIC_0024687.jpg,masks/ISIC_0024687_segmentation.png
6713,train,ISIC_0033061,images/ISIC_0033061.jpg,masks/ISIC_0033061_segmentation.png
6714,train,ISIC_0027872,images/ISIC_0027872.jpg,masks/ISIC_0027872_segmentation.png
6715,train,ISIC_0026224,images/ISIC_0026224.jpg,masks/ISIC_0026224_segmentation.png
6716,train,ISIC_0031205,images/ISIC_0031205.jpg,masks/ISIC_0031205_segmentation.png
6717,train,ISIC_0025327,images/ISIC_0025327.jpg,masks/ISIC_0025327_segmentation.png
6718,train,ISIC_0024771,images/ISIC_0024771.jpg,masks/ISIC_0024771_segmentation.png
6719,train,ISIC_0031346,images/ISIC_0031346.jpg,masks/ISIC_0031346_segmentation.png
6720,train,ISIC_0028220,images/ISIC_0028220.jpg,masks/ISIC_0028220_segmentation.png
6721,train,ISIC_0032787,images/ISIC_0032787.jpg,masks/ISIC_0032787_segmentation.png
6722,train,ISIC_0029315,images/ISIC_0029315.jpg,masks/ISIC_0029315_segmentation.png
6723,train,ISIC_0026502,images/ISIC_0026502.jpg,masks/ISIC_0026502_segmentation.png
6724,train,ISIC_0026283,images/ISIC_0026283.jpg,masks/ISIC_0026283_segmentation.png
6725,train,ISIC_0027028,images/ISIC_0027028.jpg,masks/ISIC_0027028_segmentation.png
6726,train,ISIC_0028761,images/ISIC_0028761.jpg,masks/ISIC_0028761_segmentation.png
6727,train,ISIC_0026212,images/ISIC_0026212.jpg,masks/ISIC_0026212_segmentation.png
6728,train,ISIC_0025389,images/ISIC_0025389.jpg,masks/ISIC_0025389_segmentation.png
6729,train,ISIC_0025878,images/ISIC_0025878.jpg,masks/ISIC_0025878_segmentation.png
6730,train,ISIC_0027921,images/ISIC_0027921.jpg,masks/ISIC_0027921_segmentation.png
6731,train,ISIC_0028939,images/ISIC_0028939.jpg,masks/ISIC_0028939_segmentation.png
6732,train,ISIC_0027350,images/ISIC_0027350.jpg,masks/ISIC_0027350_segmentation.png
6733,train,ISIC_0029569,images/ISIC_0029569.jpg,masks/ISIC_0029569_segmentation.png
6734,train,ISIC_0030882,images/ISIC_0030882.jpg,masks/ISIC_0030882_segmentation.png
6735,train,ISIC_0025595,images/ISIC_0025595.jpg,masks/ISIC_0025595_segmentation.png
6736,train,ISIC_0030153,images/ISIC_0030153.jpg,masks/ISIC_0030153_segmentation.png
6737,train,ISIC_0025830,images/ISIC_0025830.jpg,masks/ISIC_0025830_segmentation.png
6738,train,ISIC_0033509,images/ISIC_0033509.jpg,masks/ISIC_0033509_segmentation.png
6739,train,ISIC_0032310,images/ISIC_0032310.jpg,masks/ISIC_0032310_segmentation.png
6740,train,ISIC_0030397,images/ISIC_0030397.jpg,masks/ISIC_0030397_segmentation.png
6741,train,ISIC_0030588,images/ISIC_0030588.jpg,masks/ISIC_0030588_segmentation.png
6742,train,ISIC_0034287,images/ISIC_0034287.jpg,masks/ISIC_0034287_segmentation.png
6743,train,ISIC_0033651,images/ISIC_0033651.jpg,masks/ISIC_0033651_segmentation.png
6744,train,ISIC_0032982,images/ISIC_0032982.jpg,masks/ISIC_0032982_segmentation.png
6745,train,ISIC_0026724,images/ISIC_0026724.jpg,masks/ISIC_0026724_segmentation.png
6746,train,ISIC_0034119,images/ISIC_0034119.jpg,masks/ISIC_0034119_segmentation.png
6747,train,ISIC_0024801,images/ISIC_0024801.jpg,masks/ISIC_0024801_segmentation.png
6748,train,ISIC_0030030,images/ISIC_0030030.jpg,masks/ISIC_0030030_segmentation.png
6749,train,ISIC_0030773,images/ISIC_0030773.jpg,masks/ISIC_0030773_segmentation.png
6750,train,ISIC_0027206,images/ISIC_0027206.jpg,masks/ISIC_0027206_segmentation.png
6751,train,ISIC_0028603,images/ISIC_0028603.jpg,masks/ISIC_0028603_segmentation.png
6752,train,ISIC_0032512,images/ISIC_0032512.jpg,masks/ISIC_0032512_segmentation.png
6753,train,ISIC_0029848,images/ISIC_0029848.jpg,masks/ISIC_0029848_segmentation.png
6754,train,ISIC_0034296,images/ISIC_0034296.jpg,masks/ISIC_0034296_segmentation.png
6755,train,ISIC_0026987,images/ISIC_0026987.jpg,masks/ISIC_0026987_segmentation.png
6756,train,ISIC_0030345,images/ISIC_0030345.jpg,masks/ISIC_0030345_segmentation.png
6757,train,ISIC_0031677,images/ISIC_0031677.jpg,masks/ISIC_0031677_segmentation.png
6758,train,ISIC_0034303,images/ISIC_0034303.jpg,masks/ISIC_0034303_segmentation.png
6759,train,ISIC_0030903,images/ISIC_0030903.jpg,masks/ISIC_0030903_segmentation.png
6760,train,ISIC_0033119,images/ISIC_0033119.jpg,masks/ISIC_0033119_segmentation.png
6761,train,ISIC_0033156,images/ISIC_0033156.jpg,masks/ISIC_0033156_segmentation.png
6762,train,ISIC_0025190,images/ISIC_0025190.jpg,masks/ISIC_0025190_segmentation.png
6763,train,ISIC_0032776,images/ISIC_0032776.jpg,masks/ISIC_0032776_segmentation.png
6764,train,ISIC_0028677,images/ISIC_0028677.jpg,masks/ISIC_0028677_segmentation.png
6765,train,ISIC_0030256,images/ISIC_0030256.jpg,masks/ISIC_0030256_segmentation.png
6766,train,ISIC_0031660,images/ISIC_0031660.jpg,masks/ISIC_0031660_segmentation.png
6767,train,ISIC_0027985,images/ISIC_0027985.jpg,masks/ISIC_0027985_segmentation.png
6768,train,ISIC_0029669,images/ISIC_0029669.jpg,masks/ISIC_0029669_segmentation.png
6769,train,ISIC_0034001,images/ISIC_0034001.jpg,masks/ISIC_0034001_segmentation.png
6770,train,ISIC_0033553,images/ISIC_0033553.jpg,masks/ISIC_0033553_segmentation.png
6771,train,ISIC_0031845,images/ISIC_0031845.jpg,masks/ISIC_0031845_segmentation.png
6772,train,ISIC_0033323,images/ISIC_0033323.jpg,masks/ISIC_0033323_segmentation.png
6773,train,ISIC_0033624,images/ISIC_0033624.jpg,masks/ISIC_0033624_segmentation.png
6774,train,ISIC_0033647,images/ISIC_0033647.jpg,masks/ISIC_0033647_segmentation.png
6775,train,ISIC_0027016,images/ISIC_0027016.jpg,masks/ISIC_0027016_segmentation.png
6776,train,ISIC_0026016,images/ISIC_0026016.jpg,masks/ISIC_0026016_segmentation.png
6777,train,ISIC_0027476,images/ISIC_0027476.jpg,masks/ISIC_0027476_segmentation.png
6778,train,ISIC_0024672,images/ISIC_0024672.jpg,masks/ISIC_0024672_segmentation.png
6779,train,ISIC_0033741,images/ISIC_0033741.jpg,masks/ISIC_0033741_segmentation.png
6780,train,ISIC_0026237,images/ISIC_0026237.jpg,masks/ISIC_0026237_segmentation.png
6781,train,ISIC_0029016,images/ISIC_0029016.jpg,masks/ISIC_0029016_segmentation.png
6782,train,ISIC_0031417,images/ISIC_0031417.jpg,masks/ISIC_0031417_segmentation.png
6783,train,ISIC_0024402,images/ISIC_0024402.jpg,masks/ISIC_0024402_segmentation.png
6784,train,ISIC_0026463,images/ISIC_0026463.jpg,masks/ISIC_0026463_segmentation.png
6785,train,ISIC_0032893,images/ISIC_0032893.jpg,masks/ISIC_0032893_segmentation.png
6786,train,ISIC_0027126,images/ISIC_0027126.jpg,masks/ISIC_0027126_segmentation.png
6787,train,ISIC_0027890,images/ISIC_0027890.jpg,masks/ISIC_0027890_segmentation.png
6788,train,ISIC_0024926,images/ISIC_0024926.jpg,masks/ISIC_0024926_segmentation.png
6789,train,ISIC_0029260,images/ISIC_0029260.jpg,masks/ISIC_0029260_segmentation.png
6790,train,ISIC_0032443,images/ISIC_0032443.jpg,masks/ISIC_0032443_segmentation.png
6791,train,ISIC_0026039,images/ISIC_0026039.jpg,masks/ISIC_0026039_segmentation.png
6792,train,ISIC_0025062,images/ISIC_0025062.jpg,masks/ISIC_0025062_segmentation.png
6793,train,ISIC_0028187,images/ISIC_0028187.jpg,masks/ISIC_0028187_segmentation.png
6794,train,ISIC_0025055,images/ISIC_0025055.jpg,masks/ISIC_0025055_segmentation.png
6795,train,ISIC_0034015,images/ISIC_0034015.jpg,masks/ISIC_0034015_segmentation.png
6796,train,ISIC_0032845,images/ISIC_0032845.jpg,masks/ISIC_0032845_segmentation.png
6797,train,ISIC_0028508,images/ISIC_0028508.jpg,masks/ISIC_0028508_segmentation.png
6798,train,ISIC_0027223,images/ISIC_0027223.jpg,masks/ISIC_0027223_segmentation.png
6799,train,ISIC_0031499,images/ISIC_0031499.jpg,masks/ISIC_0031499_segmentation.png
6800,train,ISIC_0032837,images/ISIC_0032837.jpg,masks/ISIC_0032837_segmentation.png
6801,train,ISIC_0031434,images/ISIC_0031434.jpg,masks/ISIC_0031434_segmentation.png
6802,train,ISIC_0025070,images/ISIC_0025070.jpg,masks/ISIC_0025070_segmentation.png
6803,train,ISIC_0029513,images/ISIC_0029513.jpg,masks/ISIC_0029513_segmentation.png
6804,train,ISIC_0033414,images/ISIC_0033414.jpg,masks/ISIC_0033414_segmentation.png
6805,train,ISIC_0029103,images/ISIC_0029103.jpg,masks/ISIC_0029103_segmentation.png
6806,train,ISIC_0029055,images/ISIC_0029055.jpg,masks/ISIC_0029055_segmentation.png
6807,train,ISIC_0028978,images/ISIC_0028978.jpg,masks/ISIC_0028978_segmentation.png
6808,train,ISIC_0029182,images/ISIC_0029182.jpg,masks/ISIC_0029182_segmentation.png
6809,train,ISIC_0026043,images/ISIC_0026043.jpg,masks/ISIC_0026043_segmentation.png
6810,train,ISIC_0033797,images/ISIC_0033797.jpg,masks/ISIC_0033797_segmentation.png
6811,train,ISIC_0029035,images/ISIC_0029035.jpg,masks/ISIC_0029035_segmentation.png
6812,train,ISIC_0030822,images/ISIC_0030822.jpg,masks/ISIC_0030822_segmentation.png
6813,train,ISIC_0029889,images/ISIC_0029889.jpg,masks/ISIC_0029889_segmentation.png
6814,train,ISIC_0031140,images/ISIC_0031140.jpg,masks/ISIC_0031140_segmentation.png
6815,train,ISIC_0030303,images/ISIC_0030303.jpg,masks/ISIC_0030303_segmentation.png
6816,train,ISIC_0031294,images/ISIC_0031294.jpg,masks/ISIC_0031294_segmentation.png
6817,train,ISIC_0029384,images/ISIC_0029384.jpg,masks/ISIC_0029384_segmentation.png
6818,train,ISIC_0025225,images/ISIC_0025225.jpg,masks/ISIC_0025225_segmentation.png
6819,train,ISIC_0034272,images/ISIC_0034272.jpg,masks/ISIC_0034272_segmentation.png
6820,train,ISIC_0028515,images/ISIC_0028515.jpg,masks/ISIC_0028515_segmentation.png
6821,train,ISIC_0032654,images/ISIC_0032654.jpg,masks/ISIC_0032654_segmentation.png
6822,train,ISIC_0029752,images/ISIC_0029752.jpg,masks/ISIC_0029752_segmentation.png
6823,train,ISIC_0032097,images/ISIC_0032097.jpg,masks/ISIC_0032097_segmentation.png
6824,train,ISIC_0026235,images/ISIC_0026235.jpg,masks/ISIC_0026235_segmentation.png
6825,train,ISIC_0026997,images/ISIC_0026997.jpg,masks/ISIC_0026997_segmentation.png
6826,train,ISIC_0029900,images/ISIC_0029900.jpg,masks/ISIC_0029900_segmentation.png
6827,train,ISIC_0025254,images/ISIC_0025254.jpg,masks/ISIC_0025254_segmentation.png
6828,train,ISIC_0033914,images/ISIC_0033914.jpg,masks/ISIC_0033914_segmentation.png
6829,train,ISIC_0025789,images/ISIC_0025789.jpg,masks/ISIC_0025789_segmentation.png
6830,train,ISIC_0033437,images/ISIC_0033437.jpg,masks/ISIC_0033437_segmentation.png
6831,train,ISIC_0033298,images/ISIC_0033298.jpg,masks/ISIC_0033298_segmentation.png
6832,train,ISIC_0025806,images/ISIC_0025806.jpg,masks/ISIC_0025806_segmentation.png
6833,train,ISIC_0034114,images/ISIC_0034114.jpg,masks/ISIC_0034114_segmentation.png
6834,train,ISIC_0034017,images/ISIC_0034017.jpg,masks/ISIC_0034017_segmentation.png
6835,train,ISIC_0033745,images/ISIC_0033745.jpg,masks/ISIC_0033745_segmentation.png
6836,train,ISIC_0028916,images/ISIC_0028916.jpg,masks/ISIC_0028916_segmentation.png
6837,train,ISIC_0024367,images/ISIC_0024367.jpg,masks/ISIC_0024367_segmentation.png
6838,train,ISIC_0026832,images/ISIC_0026832.jpg,masks/ISIC_0026832_segmentation.png
6839,train,ISIC_0027973,images/ISIC_0027973.jpg,masks/ISIC_0027973_segmentation.png
6840,train,ISIC_0029574,images/ISIC_0029574.jpg,masks/ISIC_0029574_segmentation.png
6841,train,ISIC_0028458,images/ISIC_0028458.jpg,masks/ISIC_0028458_segmentation.png
6842,train,ISIC_0029168,images/ISIC_0029168.jpg,masks/ISIC_0029168_segmentation.png
6843,train,ISIC_0031718,images/ISIC_0031718.jpg,masks/ISIC_0031718_segmentation.png
6844,train,ISIC_0030257,images/ISIC_0030257.jpg,masks/ISIC_0030257_segmentation.png
6845,train,ISIC_0025605,images/ISIC_0025605.jpg,masks/ISIC_0025605_segmentation.png
6846,train,ISIC_0033292,images/ISIC_0033292.jpg,masks/ISIC_0033292_segmentation.png
6847,train,ISIC_0028106,images/ISIC_0028106.jpg,masks/ISIC_0028106_segmentation.png
6848,train,ISIC_0026530,images/ISIC_0026530.jpg,masks/ISIC_0026530_segmentation.png
6849,train,ISIC_0033971,images/ISIC_0033971.jpg,masks/ISIC_0033971_segmentation.png
6850,train,ISIC_0027738,images/ISIC_0027738.jpg,masks/ISIC_0027738_segmentation.png
6851,train,ISIC_0027184,images/ISIC_0027184.jpg,masks/ISIC_0027184_segmentation.png
6852,train,ISIC_0027478,images/ISIC_0027478.jpg,masks/ISIC_0027478_segmentation.png
6853,train,ISIC_0029929,images/ISIC_0029929.jpg,masks/ISIC_0029929_segmentation.png
6854,train,ISIC_0030947,images/ISIC_0030947.jpg,masks/ISIC_0030947_segmentation.png
6855,train,ISIC_0030589,images/ISIC_0030589.jpg,masks/ISIC_0030589_segmentation.png
6856,train,ISIC_0032713,images/ISIC_0032713.jpg,masks/ISIC_0032713_segmentation.png
6857,train,ISIC_0025162,images/ISIC_0025162.jpg,masks/ISIC_0025162_segmentation.png
6858,train,ISIC_0033200,images/ISIC_0033200.jpg,masks/ISIC_0033200_segmentation.png
6859,train,ISIC_0024686,images/ISIC_0024686.jpg,masks/ISIC_0024686_segmentation.png
6860,train,ISIC_0033290,images/ISIC_0033290.jpg,masks/ISIC_0033290_segmentation.png
6861,train,ISIC_0026299,images/ISIC_0026299.jpg,masks/ISIC_0026299_segmentation.png
6862,train,ISIC_0029740,images/ISIC_0029740.jpg,masks/ISIC_0029740_segmentation.png
6863,train,ISIC_0032844,images/ISIC_0032844.jpg,masks/ISIC_0032844_segmentation.png
6864,train,ISIC_0025335,images/ISIC_0025335.jpg,masks/ISIC_0025335_segmentation.png
6865,train,ISIC_0025822,images/ISIC_0025822.jpg,masks/ISIC_0025822_segmentation.png
6866,train,ISIC_0025256,images/ISIC_0025256.jpg,masks/ISIC_0025256_segmentation.png
6867,train,ISIC_0027335,images/ISIC_0027335.jpg,masks/ISIC_0027335_segmentation.png
6868,train,ISIC_0031045,images/ISIC_0031045.jpg,masks/ISIC_0031045_segmentation.png
6869,train,ISIC_0031704,images/ISIC_0031704.jpg,masks/ISIC_0031704_segmentation.png
6870,train,ISIC_0028963,images/ISIC_0028963.jpg,masks/ISIC_0028963_segmentation.png
6871,train,ISIC_0030028,images/ISIC_0030028.jpg,masks/ISIC_0030028_segmentation.png
6872,train,ISIC_0029041,images/ISIC_0029041.jpg,masks/ISIC_0029041_segmentation.png
6873,train,ISIC_0028798,images/ISIC_0028798.jpg,masks/ISIC_0028798_segmentation.png
6874,train,ISIC_0028734,images/ISIC_0028734.jpg,masks/ISIC_0028734_segmentation.png
6875,train,ISIC_0033504,images/ISIC_0033504.jpg,masks/ISIC_0033504_segmentation.png
6876,train,ISIC_0027528,images/ISIC_0027528.jpg,masks/ISIC_0027528_segmentation.png
6877,train,ISIC_0033515,images/ISIC_0033515.jpg,masks/ISIC_0033515_segmentation.png
6878,train,ISIC_0025770,images/ISIC_0025770.jpg,masks/ISIC_0025770_segmentation.png
6879,train,ISIC_0026800,images/ISIC_0026800.jpg,masks/ISIC_0026800_segmentation.png
6880,train,ISIC_0028934,images/ISIC_0028934.jpg,masks/ISIC_0028934_segmentation.png
6881,train,ISIC_0029208,images/ISIC_0029208.jpg,masks/ISIC_0029208_segmentation.png
6882,train,ISIC_0024344,images/ISIC_0024344.jpg,masks/ISIC_0024344_segmentation.png
6883,train,ISIC_0027285,images/ISIC_0027285.jpg,masks/ISIC_0027285_segmentation.png
6884,train,ISIC_0025551,images/ISIC_0025551.jpg,masks/ISIC_0025551_segmentation.png
6885,train,ISIC_0026284,images/ISIC_0026284.jpg,masks/ISIC_0026284_segmentation.png
6886,train,ISIC_0027832,images/ISIC_0027832.jpg,masks/ISIC_0027832_segmentation.png
6887,train,ISIC_0029851,images/ISIC_0029851.jpg,masks/ISIC_0029851_segmentation.png
6888,train,ISIC_0028344,images/ISIC_0028344.jpg,masks/ISIC_0028344_segmentation.png
6889,train,ISIC_0033433,images/ISIC_0033433.jpg,masks/ISIC_0033433_segmentation.png
6890,train,ISIC_0034216,images/ISIC_0034216.jpg,masks/ISIC_0034216_segmentation.png
6891,train,ISIC_0026127,images/ISIC_0026127.jpg,masks/ISIC_0026127_segmentation.png
6892,train,ISIC_0025649,images/ISIC_0025649.jpg,masks/ISIC_0025649_segmentation.png
6893,train,ISIC_0027663,images/ISIC_0027663.jpg,masks/ISIC_0027663_segmentation.png
6894,train,ISIC_0027952,images/ISIC_0027952.jpg,masks/ISIC_0027952_segmentation.png
6895,train,ISIC_0034317,images/ISIC_0034317.jpg,masks/ISIC_0034317_segmentation.png
6896,train,ISIC_0033882,images/ISIC_0033882.jpg,masks/ISIC_0033882_segmentation.png
6897,train,ISIC_0025865,images/ISIC_0025865.jpg,masks/ISIC_0025865_segmentation.png
6898,train,ISIC_0028234,images/ISIC_0028234.jpg,masks/ISIC_0028234_segmentation.png
6899,train,ISIC_0028684,images/ISIC_0028684.jpg,masks/ISIC_0028684_segmentation.png
6900,train,ISIC_0026638,images/ISIC_0026638.jpg,masks/ISIC_0026638_segmentation.png
6901,train,ISIC_0031730,images/ISIC_0031730.jpg,masks/ISIC_0031730_segmentation.png
6902,train,ISIC_0029029,images/ISIC_0029029.jpg,masks/ISIC_0029029_segmentation.png
6903,train,ISIC_0027554,images/ISIC_0027554.jpg,masks/ISIC_0027554_segmentation.png
6904,train,ISIC_0028499,images/ISIC_0028499.jpg,masks/ISIC_0028499_segmentation.png
6905,train,ISIC_0025201,images/ISIC_0025201.jpg,masks/ISIC_0025201_segmentation.png
6906,train,ISIC_0024637,images/ISIC_0024637.jpg,masks/ISIC_0024637_segmentation.png
6907,train,ISIC_0024650,images/ISIC_0024650.jpg,masks/ISIC_0024650_segmentation.png
6908,train,ISIC_0033744,images/ISIC_0033744.jpg,masks/ISIC_0033744_segmentation.png
6909,train,ISIC_0025274,images/ISIC_0025274.jpg,masks/ISIC_0025274_segmentation.png
6910,train,ISIC_0030390,images/ISIC_0030390.jpg,masks/ISIC_0030390_segmentation.png
6911,train,ISIC_0028251,images/ISIC_0028251.jpg,masks/ISIC_0028251_segmentation.png
6912,train,ISIC_0030618,images/ISIC_0030618.jpg,masks/ISIC_0030618_segmentation.png
6913,train,ISIC_0025742,images/ISIC_0025742.jpg,masks/ISIC_0025742_segmentation.png
6914,train,ISIC_0031351,images/ISIC_0031351.jpg,masks/ISIC_0031351_segmentation.png
6915,train,ISIC_0033678,images/ISIC_0033678.jpg,masks/ISIC_0033678_segmentation.png
6916,train,ISIC_0031633,images/ISIC_0031633.jpg,masks/ISIC_0031633_segmentation.png
6917,train,ISIC_0026294,images/ISIC_0026294.jpg,masks/ISIC_0026294_segmentation.png
6918,train,ISIC_0027305,images/ISIC_0027305.jpg,masks/ISIC_0027305_segmentation.png
6919,train,ISIC_0027861,images/ISIC_0027861.jpg,masks/ISIC_0027861_segmentation.png
6920,train,ISIC_0032647,images/ISIC_0032647.jpg,masks/ISIC_0032647_segmentation.png
6921,train,ISIC_0031555,images/ISIC_0031555.jpg,masks/ISIC_0031555_segmentation.png
6922,train,ISIC_0033688,images/ISIC_0033688.jpg,masks/ISIC_0033688_segmentation.png
6923,train,ISIC_0025582,images/ISIC_0025582.jpg,masks/ISIC_0025582_segmentation.png
6924,train,ISIC_0033811,images/ISIC_0033811.jpg,masks/ISIC_0033811_segmentation.png
6925,train,ISIC_0028450,images/ISIC_0028450.jpg,masks/ISIC_0028450_segmentation.png
6926,train,ISIC_0032811,images/ISIC_0032811.jpg,masks/ISIC_0032811_segmentation.png
6927,train,ISIC_0032209,images/ISIC_0032209.jpg,masks/ISIC_0032209_segmentation.png
6928,train,ISIC_0024529,images/ISIC_0024529.jpg,masks/ISIC_0024529_segmentation.png
6929,train,ISIC_0027098,images/ISIC_0027098.jpg,masks/ISIC_0027098_segmentation.png
6930,train,ISIC_0031647,images/ISIC_0031647.jpg,masks/ISIC_0031647_segmentation.png
6931,train,ISIC_0031303,images/ISIC_0031303.jpg,masks/ISIC_0031303_segmentation.png
6932,train,ISIC_0027268,images/ISIC_0027268.jpg,masks/ISIC_0027268_segmentation.png
6933,train,ISIC_0033389,images/ISIC_0033389.jpg,masks/ISIC_0033389_segmentation.png
6934,train,ISIC_0030286,images/ISIC_0030286.jpg,masks/ISIC_0030286_segmentation.png
6935,train,ISIC_0030527,images/ISIC_0030527.jpg,masks/ISIC_0030527_segmentation.png
6936,train,ISIC_0027179,images/ISIC_0027179.jpg,masks/ISIC_0027179_segmentation.png
6937,train,ISIC_0031940,images/ISIC_0031940.jpg,masks/ISIC_0031940_segmentation.png
6938,train,ISIC_0026126,images/ISIC_0026126.jpg,masks/ISIC_0026126_segmentation.png
6939,train,ISIC_0028535,images/ISIC_0028535.jpg,masks/ISIC_0028535_segmentation.png
6940,train,ISIC_0025491,images/ISIC_0025491.jpg,masks/ISIC_0025491_segmentation.png
6941,train,ISIC_0024839,images/ISIC_0024839.jpg,masks/ISIC_0024839_segmentation.png
6942,train,ISIC_0033807,images/ISIC_0033807.jpg,masks/ISIC_0033807_segmentation.png
6943,train,ISIC_0032940,images/ISIC_0032940.jpg,masks/ISIC_0032940_segmentation.png
6944,train,ISIC_0028542,images/ISIC_0028542.jpg,masks/ISIC_0028542_segmentation.png
6945,train,ISIC_0025094,images/ISIC_0025094.jpg,masks/ISIC_0025094_segmentation.png
6946,train,ISIC_0032282,images/ISIC_0032282.jpg,masks/ISIC_0032282_segmentation.png
6947,train,ISIC_0031041,images/ISIC_0031041.jpg,masks/ISIC_0031041_segmentation.png
6948,train,ISIC_0029699,images/ISIC_0029699.jpg,masks/ISIC_0029699_segmentation.png
6949,train,ISIC_0028787,images/ISIC_0028787.jpg,masks/ISIC_0028787_segmentation.png
6950,train,ISIC_0034246,images/ISIC_0034246.jpg,masks/ISIC_0034246_segmentation.png
6951,train,ISIC_0028885,images/ISIC_0028885.jpg,masks/ISIC_0028885_segmentation.png
6952,train,ISIC_0027052,images/ISIC_0027052.jpg,masks/ISIC_0027052_segmentation.png
6953,train,ISIC_0024662,images/ISIC_0024662.jpg,masks/ISIC_0024662_segmentation.png
6954,train,ISIC_0024439,images/ISIC_0024439.jpg,masks/ISIC_0024439_segmentation.png
6955,train,ISIC_0033616,images/ISIC_0033616.jpg,masks/ISIC_0033616_segmentation.png
6956,train,ISIC_0032221,images/ISIC_0032221.jpg,masks/ISIC_0032221_segmentation.png
6957,train,ISIC_0030536,images/ISIC_0030536.jpg,masks/ISIC_0030536_segmentation.png
6958,train,ISIC_0032570,images/ISIC_0032570.jpg,masks/ISIC_0032570_segmentation.png
6959,train,ISIC_0033718,images/ISIC_0033718.jpg,masks/ISIC_0033718_segmentation.png
6960,train,ISIC_0025624,images/ISIC_0025624.jpg,masks/ISIC_0025624_segmentation.png
6961,train,ISIC_0033131,images/ISIC_0033131.jpg,masks/ISIC_0033131_segmentation.png
6962,train,ISIC_0026872,images/ISIC_0026872.jpg,masks/ISIC_0026872_segmentation.png
6963,train,ISIC_0028799,images/ISIC_0028799.jpg,masks/ISIC_0028799_segmentation.png
6964,train,ISIC_0027319,images/ISIC_0027319.jpg,masks/ISIC_0027319_segmentation.png
6965,train,ISIC_0025973,images/ISIC_0025973.jpg,masks/ISIC_0025973_segmentation.png
6966,train,ISIC_0031290,images/ISIC_0031290.jpg,masks/ISIC_0031290_segmentation.png
6967,train,ISIC_0030499,images/ISIC_0030499.jpg,masks/ISIC_0030499_segmentation.png
6968,train,ISIC_0028648,images/ISIC_0028648.jpg,masks/ISIC_0028648_segmentation.png
6969,train,ISIC_0029878,images/ISIC_0029878.jpg,masks/ISIC_0029878_segmentation.png
6970,train,ISIC_0030715,images/ISIC_0030715.jpg,masks/ISIC_0030715_segmentation.png
6971,train,ISIC_0028653,images/ISIC_0028653.jpg,masks/ISIC_0028653_segmentation.png
6972,train,ISIC_0030106,images/ISIC_0030106.jpg,masks/ISIC_0030106_segmentation.png
6973,train,ISIC_0025134,images/ISIC_0025134.jpg,masks/ISIC_0025134_segmentation.png
6974,train,ISIC_0031463,images/ISIC_0031463.jpg,masks/ISIC_0031463_segmentation.png
6975,train,ISIC_0034315,images/ISIC_0034315.jpg,masks/ISIC_0034315_segmentation.png
6976,train,ISIC_0032937,images/ISIC_0032937.jpg,masks/ISIC_0032937_segmentation.png
6977,train,ISIC_0027584,images/ISIC_0027584.jpg,masks/ISIC_0027584_segmentation.png
6978,train,ISIC_0026040,images/ISIC_0026040.jpg,masks/ISIC_0026040_segmentation.png
6979,train,ISIC_0032027,images/ISIC_0032027.jpg,masks/ISIC_0032027_segmentation.png
6980,train,ISIC_0025790,images/ISIC_0025790.jpg,masks/ISIC_0025790_segmentation.png
6981,train,ISIC_0033346,images/ISIC_0033346.jpg,masks/ISIC_0033346_segmentation.png
6982,train,ISIC_0024340,images/ISIC_0024340.jpg,masks/ISIC_0024340_segmentation.png
6983,train,ISIC_0025853,images/ISIC_0025853.jpg,masks/ISIC_0025853_segmentation.png
6984,train,ISIC_0026851,images/ISIC_0026851.jpg,masks/ISIC_0026851_segmentation.png
6985,train,ISIC_0031998,images/ISIC_0031998.jpg,masks/ISIC_0031998_segmentation.png
6986,train,ISIC_0026363,images/ISIC_0026363.jpg,masks/ISIC_0026363_segmentation.png
6987,train,ISIC_0031084,images/ISIC_0031084.jpg,masks/ISIC_0031084_segmentation.png
6988,train,ISIC_0026469,images/ISIC_0026469.jpg,masks/ISIC_0026469_segmentation.png
6989,train,ISIC_0024531,images/ISIC_0024531.jpg,masks/ISIC_0024531_segmentation.png
6990,train,ISIC_0029316,images/ISIC_0029316.jpg,masks/ISIC_0029316_segmentation.png
6991,train,ISIC_0027372,images/ISIC_0027372.jpg,masks/ISIC_0027372_segmentation.png
6992,train,ISIC_0029762,images/ISIC_0029762.jpg,masks/ISIC_0029762_segmentation.png
6993,train,ISIC_0026576,images/ISIC_0026576.jpg,masks/ISIC_0026576_segmentation.png
6994,train,ISIC_0029069,images/ISIC_0029069.jpg,masks/ISIC_0029069_segmentation.png
6995,train,ISIC_0029866,images/ISIC_0029866.jpg,masks/ISIC_0029866_segmentation.png
6996,train,ISIC_0024427,images/ISIC_0024427.jpg,masks/ISIC_0024427_segmentation.png
6997,train,ISIC_0032568,images/ISIC_0032568.jpg,masks/ISIC_0032568_segmentation.png
6998,train,ISIC_0029469,images/ISIC_0029469.jpg,masks/ISIC_0029469_segmentation.png
6999,train,ISIC_0026959,images/ISIC_0026959.jpg,masks/ISIC_0026959_segmentation.png
7000,train,ISIC_0028652,images/ISIC_0028652.jpg,masks/ISIC_0028652_segmentation.png
7001,train,ISIC_0031804,images/ISIC_0031804.jpg,masks/ISIC_0031804_segmentation.png
7002,train,ISIC_0028786,images/ISIC_0028786.jpg,masks/ISIC_0028786_segmentation.png
7003,train,ISIC_0026898,images/ISIC_0026898.jpg,masks/ISIC_0026898_segmentation.png
7004,train,ISIC_0031255,images/ISIC_0031255.jpg,masks/ISIC_0031255_segmentation.png
7005,train,ISIC_0032481,images/ISIC_0032481.jpg,masks/ISIC_0032481_segmentation.png
7006,train,ISIC_0027814,images/ISIC_0027814.jpg,masks/ISIC_0027814_segmentation.png
7007,train,ISIC_0024701,images/ISIC_0024701.jpg,masks/ISIC_0024701_segmentation.png
7008,train,ISIC_0024644,images/ISIC_0024644.jpg,masks/ISIC_0024644_segmentation.png
7009,train,ISIC_0032989,images/ISIC_0032989.jpg,masks/ISIC_0032989_segmentation.png
7010,train,ISIC_0032328,images/ISIC_0032328.jpg,masks/ISIC_0032328_segmentation.png
7011,train,ISIC_0026356,images/ISIC_0026356.jpg,masks/ISIC_0026356_segmentation.png
7012,train,ISIC_0029419,images/ISIC_0029419.jpg,masks/ISIC_0029419_segmentation.png
7013,train,ISIC_0026467,images/ISIC_0026467.jpg,masks/ISIC_0026467_segmentation.png
7014,train,ISIC_0031699,images/ISIC_0031699.jpg,masks/ISIC_0031699_segmentation.png
7015,train,ISIC_0028478,images/ISIC_0028478.jpg,masks/ISIC_0028478_segmentation.png
7016,train,ISIC_0033885,images/ISIC_0033885.jpg,masks/ISIC_0033885_segmentation.png
7017,train,ISIC_0028452,images/ISIC_0028452.jpg,masks/ISIC_0028452_segmentation.png
7018,train,ISIC_0033270,images/ISIC_0033270.jpg,masks/ISIC_0033270_segmentation.png
7019,train,ISIC_0024797,images/ISIC_0024797.jpg,masks/ISIC_0024797_segmentation.png
7020,train,ISIC_0025515,images/ISIC_0025515.jpg,masks/ISIC_0025515_segmentation.png
7021,train,ISIC_0031513,images/ISIC_0031513.jpg,masks/ISIC_0031513_segmentation.png
7022,train,ISIC_0032308,images/ISIC_0032308.jpg,masks/ISIC_0032308_segmentation.png
7023,train,ISIC_0029371,images/ISIC_0029371.jpg,masks/ISIC_0029371_segmentation.png
7024,train,ISIC_0033325,images/ISIC_0033325.jpg,masks/ISIC_0033325_segmentation.png
7025,train,ISIC_0028619,images/ISIC_0028619.jpg,masks/ISIC_0028619_segmentation.png
7026,train,ISIC_0029641,images/ISIC_0029641.jpg,masks/ISIC_0029641_segmentation.png
7027,train,ISIC_0028358,images/ISIC_0028358.jpg,masks/ISIC_0028358_segmentation.png
7028,train,ISIC_0031764,images/ISIC_0031764.jpg,masks/ISIC_0031764_segmentation.png
7029,train,ISIC_0030211,images/ISIC_0030211.jpg,masks/ISIC_0030211_segmentation.png
7030,train,ISIC_0033838,images/ISIC_0033838.jpg,masks/ISIC_0033838_segmentation.png
7031,train,ISIC_0024432,images/ISIC_0024432.jpg,masks/ISIC_0024432_segmentation.png
7032,train,ISIC_0028250,images/ISIC_0028250.jpg,masks/ISIC_0028250_segmentation.png
7033,train,ISIC_0026839,images/ISIC_0026839.jpg,masks/ISIC_0026839_segmentation.png
7034,train,ISIC_0034162,images/ISIC_0034162.jpg,masks/ISIC_0034162_segmentation.png
7035,train,ISIC_0027316,images/ISIC_0027316.jpg,masks/ISIC_0027316_segmentation.png
7036,train,ISIC_0027609,images/ISIC_0027609.jpg,masks/ISIC_0027609_segmentation.png
7037,train,ISIC_0025032,images/ISIC_0025032.jpg,masks/ISIC_0025032_segmentation.png
7038,train,ISIC_0026167,images/ISIC_0026167.jpg,masks/ISIC_0026167_segmentation.png
7039,train,ISIC_0030578,images/ISIC_0030578.jpg,masks/ISIC_0030578_segmentation.png
7040,train,ISIC_0027410,images/ISIC_0027410.jpg,masks/ISIC_0027410_segmentation.png
7041,train,ISIC_0025489,images/ISIC_0025489.jpg,masks/ISIC_0025489_segmentation.png
7042,train,ISIC_0034182,images/ISIC_0034182.jpg,masks/ISIC_0034182_segmentation.png
7043,train,ISIC_0033184,images/ISIC_0033184.jpg,masks/ISIC_0033184_segmentation.png
7044,train,ISIC_0028161,images/ISIC_0028161.jpg,masks/ISIC_0028161_segmentation.png
7045,train,ISIC_0025992,images/ISIC_0025992.jpg,masks/ISIC_0025992_segmentation.png
7046,train,ISIC_0030099,images/ISIC_0030099.jpg,masks/ISIC_0030099_segmentation.png
7047,train,ISIC_0027221,images/ISIC_0027221.jpg,masks/ISIC_0027221_segmentation.png
7048,train,ISIC_0033787,images/ISIC_0033787.jpg,masks/ISIC_0033787_segmentation.png
7049,train,ISIC_0030263,images/ISIC_0030263.jpg,masks/ISIC_0030263_segmentation.png
7050,train,ISIC_0027766,images/ISIC_0027766.jpg,masks/ISIC_0027766_segmentation.png
7051,train,ISIC_0025963,images/ISIC_0025963.jpg,masks/ISIC_0025963_segmentation.png
7052,train,ISIC_0024576,images/ISIC_0024576.jpg,masks/ISIC_0024576_segmentation.png
7053,train,ISIC_0032033,images/ISIC_0032033.jpg,masks/ISIC_0032033_segmentation.png
7054,train,ISIC_0027385,images/ISIC_0027385.jpg,masks/ISIC_0027385_segmentation.png
7055,train,ISIC_0028099,images/ISIC_0028099.jpg,masks/ISIC_0028099_segmentation.png
7056,train,ISIC_0032676,images/ISIC_0032676.jpg,masks/ISIC_0032676_segmentation.png
7057,train,ISIC_0032484,images/ISIC_0032484.jpg,masks/ISIC_0032484_segmentation.png
7058,train,ISIC_0031927,images/ISIC_0031927.jpg,masks/ISIC_0031927_segmentation.png
7059,train,ISIC_0026516,images/ISIC_0026516.jpg,masks/ISIC_0026516_segmentation.png
7060,train,ISIC_0032947,images/ISIC_0032947.jpg,masks/ISIC_0032947_segmentation.png
7061,train,ISIC_0027462,images/ISIC_0027462.jpg,masks/ISIC_0027462_segmentation.png
7062,train,ISIC_0030073,images/ISIC_0030073.jpg,masks/ISIC_0030073_segmentation.png
7063,train,ISIC_0025733,images/ISIC_0025733.jpg,masks/ISIC_0025733_segmentation.png
7064,train,ISIC_0027929,images/ISIC_0027929.jpg,masks/ISIC_0027929_segmentation.png
7065,train,ISIC_0030978,images/ISIC_0030978.jpg,masks/ISIC_0030978_segmentation.png
7066,train,ISIC_0028166,images/ISIC_0028166.jpg,masks/ISIC_0028166_segmentation.png
7067,train,ISIC_0025617,images/ISIC_0025617.jpg,masks/ISIC_0025617_segmentation.png
7068,train,ISIC_0025310,images/ISIC_0025310.jpg,masks/ISIC_0025310_segmentation.png
7069,train,ISIC_0028114,images/ISIC_0028114.jpg,masks/ISIC_0028114_segmentation.png
7070,train,ISIC_0032994,images/ISIC_0032994.jpg,masks/ISIC_0032994_segmentation.png
7071,train,ISIC_0028618,images/ISIC_0028618.jpg,masks/ISIC_0028618_segmentation.png
7072,train,ISIC_0025592,images/ISIC_0025592.jpg,masks/ISIC_0025592_segmentation.png
7073,train,ISIC_0027492,images/ISIC_0027492.jpg,masks/ISIC_0027492_segmentation.png
7074,train,ISIC_0033338,images/ISIC_0033338.jpg,masks/ISIC_0033338_segmentation.png
7075,train,ISIC_0028501,images/ISIC_0028501.jpg,masks/ISIC_0028501_segmentation.png
7076,train,ISIC_0025654,images/ISIC_0025654.jpg,masks/ISIC_0025654_segmentation.png
7077,train,ISIC_0029783,images/ISIC_0029783.jpg,masks/ISIC_0029783_segmentation.png
7078,train,ISIC_0025099,images/ISIC_0025099.jpg,masks/ISIC_0025099_segmentation.png
7079,train,ISIC_0030051,images/ISIC_0030051.jpg,masks/ISIC_0030051_segmentation.png
7080,train,ISIC_0024307,images/ISIC_0024307.jpg,masks/ISIC_0024307_segmentation.png
7081,train,ISIC_0030501,images/ISIC_0030501.jpg,masks/ISIC_0030501_segmentation.png
7082,train,ISIC_0029046,images/ISIC_0029046.jpg,masks/ISIC_0029046_segmentation.png
7083,train,ISIC_0027264,images/ISIC_0027264.jpg,masks/ISIC_0027264_segmentation.png
7084,train,ISIC_0028011,images/ISIC_0028011.jpg,masks/ISIC_0028011_segmentation.png
7085,train,ISIC_0030462,images/ISIC_0030462.jpg,masks/ISIC_0030462_segmentation.png
7086,train,ISIC_0026750,images/ISIC_0026750.jpg,masks/ISIC_0026750_segmentation.png
7087,train,ISIC_0028527,images/ISIC_0028527.jpg,masks/ISIC_0028527_segmentation.png
7088,train,ISIC_0030145,images/ISIC_0030145.jpg,masks/ISIC_0030145_segmentation.png
7089,train,ISIC_0028955,images/ISIC_0028955.jpg,masks/ISIC_0028955_segmentation.png
7090,train,ISIC_0024659,images/ISIC_0024659.jpg,masks/ISIC_0024659_segmentation.png
7091,train,ISIC_0025678,images/ISIC_0025678.jpg,masks/ISIC_0025678_segmentation.png
7092,train,ISIC_0025057,images/ISIC_0025057.jpg,masks/ISIC_0025057_segmentation.png
7093,train,ISIC_0028599,images/ISIC_0028599.jpg,masks/ISIC_0028599_segmentation.png
7094,train,ISIC_0033569,images/ISIC_0033569.jpg,masks/ISIC_0033569_segmentation.png
7095,train,ISIC_0024616,images/ISIC_0024616.jpg,masks/ISIC_0024616_segmentation.png
7096,train,ISIC_0029819,images/ISIC_0029819.jpg,masks/ISIC_0029819_segmentation.png
7097,train,ISIC_0031023,images/ISIC_0031023.jpg,masks/ISIC_0031023_segmentation.png
7098,train,ISIC_0024400,images/ISIC_0024400.jpg,masks/ISIC_0024400_segmentation.png
7099,train,ISIC_0029045,images/ISIC_0029045.jpg,masks/ISIC_0029045_segmentation.png
7100,train,ISIC_0033060,images/ISIC_0033060.jpg,masks/ISIC_0033060_segmentation.png
7101,train,ISIC_0033879,images/ISIC_0033879.jpg,masks/ISIC_0033879_segmentation.png
7102,train,ISIC_0028669,images/ISIC_0028669.jpg,masks/ISIC_0028669_segmentation.png
7103,train,ISIC_0027840,images/ISIC_0027840.jpg,masks/ISIC_0027840_segmentation.png
7104,train,ISIC_0030895,images/ISIC_0030895.jpg,masks/ISIC_0030895_segmentation.png
7105,train,ISIC_0032488,images/ISIC_0032488.jpg,masks/ISIC_0032488_segmentation.png
7106,train,ISIC_0024539,images/ISIC_0024539.jpg,masks/ISIC_0024539_segmentation.png
7107,train,ISIC_0033575,images/ISIC_0033575.jpg,masks/ISIC_0033575_segmentation.png
7108,train,ISIC_0025999,images/ISIC_0025999.jpg,masks/ISIC_0025999_segmentation.png
7109,train,ISIC_0027427,images/ISIC_0027427.jpg,masks/ISIC_0027427_segmentation.png
7110,train,ISIC_0032720,images/ISIC_0032720.jpg,masks/ISIC_0032720_segmentation.png
7111,train,ISIC_0031184,images/ISIC_0031184.jpg,masks/ISIC_0031184_segmentation.png
7112,train,ISIC_0029693,images/ISIC_0029693.jpg,masks/ISIC_0029693_segmentation.png
7113,train,ISIC_0027709,images/ISIC_0027709.jpg,masks/ISIC_0027709_segmentation.png
7114,train,ISIC_0031027,images/ISIC_0031027.jpg,masks/ISIC_0031027_segmentation.png
7115,train,ISIC_0024959,images/ISIC_0024959.jpg,masks/ISIC_0024959_segmentation.png
7116,train,ISIC_0032686,images/ISIC_0032686.jpg,masks/ISIC_0032686_segmentation.png
7117,train,ISIC_0030771,images/ISIC_0030771.jpg,masks/ISIC_0030771_segmentation.png
7118,train,ISIC_0030084,images/ISIC_0030084.jpg,masks/ISIC_0030084_segmentation.png
7119,train,ISIC_0031915,images/ISIC_0031915.jpg,masks/ISIC_0031915_segmentation.png
7120,train,ISIC_0031824,images/ISIC_0031824.jpg,masks/ISIC_0031824_segmentation.png
7121,train,ISIC_0026345,images/ISIC_0026345.jpg,masks/ISIC_0026345_segmentation.png
7122,train,ISIC_0030799,images/ISIC_0030799.jpg,masks/ISIC_0030799_segmentation.png
7123,train,ISIC_0027384,images/ISIC_0027384.jpg,masks/ISIC_0027384_segmentation.png
7124,train,ISIC_0024988,images/ISIC_0024988.jpg,masks/ISIC_0024988_segmentation.png
7125,train,ISIC_0031585,images/ISIC_0031585.jpg,masks/ISIC_0031585_segmentation.png
7126,train,ISIC_0031636,images/ISIC_0031636.jpg,masks/ISIC_0031636_segmentation.png
7127,train,ISIC_0024413,images/ISIC_0024413.jpg,masks/ISIC_0024413_segmentation.png
7128,train,ISIC_0026965,images/ISIC_0026965.jpg,masks/ISIC_0026965_segmentation.png
7129,train,ISIC_0030594,images/ISIC_0030594.jpg,masks/ISIC_0030594_segmentation.png
7130,train,ISIC_0027519,images/ISIC_0027519.jpg,masks/ISIC_0027519_segmentation.png
7131,train,ISIC_0027475,images/ISIC_0027475.jpg,masks/ISIC_0027475_segmentation.png
7132,train,ISIC_0029429,images/ISIC_0029429.jpg,masks/ISIC_0029429_segmentation.png
7133,train,ISIC_0033368,images/ISIC_0033368.jpg,masks/ISIC_0033368_segmentation.png
7134,train,ISIC_0032186,images/ISIC_0032186.jpg,masks/ISIC_0032186_segmentation.png
7135,train,ISIC_0031150,images/ISIC_0031150.jpg,masks/ISIC_0031150_segmentation.png
7136,train,ISIC_0029309,images/ISIC_0029309.jpg,masks/ISIC_0029309_segmentation.png
7137,train,ISIC_0033175,images/ISIC_0033175.jpg,masks/ISIC_0033175_segmentation.png
7138,train,ISIC_0034047,images/ISIC_0034047.jpg,masks/ISIC_0034047_segmentation.png
7139,train,ISIC_0025739,images/ISIC_0025739.jpg,masks/ISIC_0025739_segmentation.png
7140,train,ISIC_0032472,images/ISIC_0032472.jpg,masks/ISIC_0032472_segmentation.png
7141,train,ISIC_0028560,images/ISIC_0028560.jpg,masks/ISIC_0028560_segmentation.png
7142,train,ISIC_0028449,images/ISIC_0028449.jpg,masks/ISIC_0028449_segmentation.png
7143,train,ISIC_0031777,images/ISIC_0031777.jpg,masks/ISIC_0031777_segmentation.png
7144,train,ISIC_0024858,images/ISIC_0024858.jpg,masks/ISIC_0024858_segmentation.png
7145,train,ISIC_0029720,images/ISIC_0029720.jpg,masks/ISIC_0029720_segmentation.png
7146,train,ISIC_0031347,images/ISIC_0031347.jpg,masks/ISIC_0031347_segmentation.png
7147,train,ISIC_0024667,images/ISIC_0024667.jpg,masks/ISIC_0024667_segmentation.png
7148,train,ISIC_0029079,images/ISIC_0029079.jpg,masks/ISIC_0029079_segmentation.png
7149,train,ISIC_0024396,images/ISIC_0024396.jpg,masks/ISIC_0024396_segmentation.png
7150,train,ISIC_0026691,images/ISIC_0026691.jpg,masks/ISIC_0026691_segmentation.png
7151,train,ISIC_0024552,images/ISIC_0024552.jpg,masks/ISIC_0024552_segmentation.png
7152,train,ISIC_0033932,images/ISIC_0033932.jpg,masks/ISIC_0033932_segmentation.png
7153,train,ISIC_0024401,images/ISIC_0024401.jpg,masks/ISIC_0024401_segmentation.png
7154,train,ISIC_0032471,images/ISIC_0032471.jpg,masks/ISIC_0032471_segmentation.png
7155,train,ISIC_0029280,images/ISIC_0029280.jpg,masks/ISIC_0029280_segmentation.png
7156,train,ISIC_0026817,images/ISIC_0026817.jpg,masks/ISIC_0026817_segmentation.png
7157,train,ISIC_0033405,images/ISIC_0033405.jpg,masks/ISIC_0033405_segmentation.png
7158,train,ISIC_0025513,images/ISIC_0025513.jpg,masks/ISIC_0025513_segmentation.png
7159,train,ISIC_0028523,images/ISIC_0028523.jpg,masks/ISIC_0028523_segmentation.png
7160,train,ISIC_0024419,images/ISIC_0024419.jpg,masks/ISIC_0024419_segmentation.png
7161,train,ISIC_0028279,images/ISIC_0028279.jpg,masks/ISIC_0028279_segmentation.png
7162,train,ISIC_0033071,images/ISIC_0033071.jpg,masks/ISIC_0033071_segmentation.png
7163,train,ISIC_0026716,images/ISIC_0026716.jpg,masks/ISIC_0026716_segmentation.png
7164,train,ISIC_0026505,images/ISIC_0026505.jpg,masks/ISIC_0026505_segmentation.png
7165,train,ISIC_0026371,images/ISIC_0026371.jpg,masks/ISIC_0026371_segmentation.png
7166,train,ISIC_0027591,images/ISIC_0027591.jpg,masks/ISIC_0027591_segmentation.png
7167,train,ISIC_0033736,images/ISIC_0033736.jpg,masks/ISIC_0033736_segmentation.png
7168,train,ISIC_0027968,images/ISIC_0027968.jpg,masks/ISIC_0027968_segmentation.png
7169,train,ISIC_0032084,images/ISIC_0032084.jpg,masks/ISIC_0032084_segmentation.png
7170,train,ISIC_0034005,images/ISIC_0034005.jpg,masks/ISIC_0034005_segmentation.png
7171,train,ISIC_0033362,images/ISIC_0033362.jpg,masks/ISIC_0033362_segmentation.png
7172,train,ISIC_0026419,images/ISIC_0026419.jpg,masks/ISIC_0026419_segmentation.png
7173,train,ISIC_0029144,images/ISIC_0029144.jpg,masks/ISIC_0029144_segmentation.png
7174,train,ISIC_0032761,images/ISIC_0032761.jpg,masks/ISIC_0032761_segmentation.png
7175,train,ISIC_0032071,images/ISIC_0032071.jpg,masks/ISIC_0032071_segmentation.png
7176,train,ISIC_0026255,images/ISIC_0026255.jpg,masks/ISIC_0026255_segmentation.png
7177,train,ISIC_0029881,images/ISIC_0029881.jpg,masks/ISIC_0029881_segmentation.png
7178,train,ISIC_0028831,images/ISIC_0028831.jpg,masks/ISIC_0028831_segmentation.png
7179,train,ISIC_0025896,images/ISIC_0025896.jpg,masks/ISIC_0025896_segmentation.png
7180,train,ISIC_0029347,images/ISIC_0029347.jpg,masks/ISIC_0029347_segmentation.png
7181,train,ISIC_0031029,images/ISIC_0031029.jpg,masks/ISIC_0031029_segmentation.png
7182,train,ISIC_0030193,images/ISIC_0030193.jpg,masks/ISIC_0030193_segmentation.png
7183,train,ISIC_0028946,images/ISIC_0028946.jpg,masks/ISIC_0028946_segmentation.png
7184,train,ISIC_0028577,images/ISIC_0028577.jpg,masks/ISIC_0028577_segmentation.png
7185,train,ISIC_0026241,images/ISIC_0026241.jpg,masks/ISIC_0026241_segmentation.png
7186,train,ISIC_0031471,images/ISIC_0031471.jpg,masks/ISIC_0031471_segmentation.png
7187,train,ISIC_0032398,images/ISIC_0032398.jpg,masks/ISIC_0032398_segmentation.png
7188,train,ISIC_0026856,images/ISIC_0026856.jpg,masks/ISIC_0026856_segmentation.png
7189,train,ISIC_0027541,images/ISIC_0027541.jpg,masks/ISIC_0027541_segmentation.png
7190,train,ISIC_0033355,images/ISIC_0033355.jpg,masks/ISIC_0033355_segmentation.png
7191,train,ISIC_0031190,images/ISIC_0031190.jpg,masks/ISIC_0031190_segmentation.png
7192,train,ISIC_0031766,images/ISIC_0031766.jpg,masks/ISIC_0031766_segmentation.png
7193,train,ISIC_0034084,images/ISIC_0034084.jpg,masks/ISIC_0034084_segmentation.png
7194,train,ISIC_0027849,images/ISIC_0027849.jpg,masks/ISIC_0027849_segmentation.png
7195,train,ISIC_0033349,images/ISIC_0033349.jpg,masks/ISIC_0033349_segmentation.png
7196,train,ISIC_0027710,images/ISIC_0027710.jpg,masks/ISIC_0027710_segmentation.png
7197,train,ISIC_0031415,images/ISIC_0031415.jpg,masks/ISIC_0031415_segmentation.png
7198,train,ISIC_0031455,images/ISIC_0031455.jpg,masks/ISIC_0031455_segmentation.png
7199,train,ISIC_0026264,images/ISIC_0026264.jpg,masks/ISIC_0026264_segmentation.png
7200,val,ISIC_0024986,images/ISIC_0024986.jpg,masks/ISIC_0024986_segmentation.png
7201,val,ISIC_0031802,images/ISIC_0031802.jpg,masks/ISIC_0031802_segmentation.png
7202,val,ISIC_0033832,images/ISIC_0033832.jpg,masks/ISIC_0033832_segmentation.png
7203,val,ISIC_0025820,images/ISIC_0025820.jpg,masks/ISIC_0025820_segmentation.png
7204,val,ISIC_0030500,images/ISIC_0030500.jpg,masks/ISIC_0030500_segmentation.png
7205,val,ISIC_0027948,images/ISIC_0027948.jpg,masks/ISIC_0027948_segmentation.png
7206,val,ISIC_0030456,images/ISIC_0030456.jpg,masks/ISIC_0030456_segmentation.png
7207,val,ISIC_0024999,images/ISIC_0024999.jpg,masks/ISIC_0024999_segmentation.png
7208,val,ISIC_0031643,images/ISIC_0031643.jpg,masks/ISIC_0031643_segmentation.png
7209,val,ISIC_0030549,images/ISIC_0030549.jpg,masks/ISIC_0030549_segmentation.png
7210,val,ISIC_0029581,images/ISIC_0029581.jpg,masks/ISIC_0029581_segmentation.png
7211,val,ISIC_0034006,images/ISIC_0034006.jpg,masks/ISIC_0034006_segmentation.png
7212,val,ISIC_0032793,images/ISIC_0032793.jpg,masks/ISIC_0032793_segmentation.png
7213,val,ISIC_0033157,images/ISIC_0033157.jpg,masks/ISIC_0033157_segmentation.png
7214,val,ISIC_0024814,images/ISIC_0024814.jpg,masks/ISIC_0024814_segmentation.png
7215,val,ISIC_0027867,images/ISIC_0027867.jpg,masks/ISIC_0027867_segmentation.png
7216,val,ISIC_0030605,images/ISIC_0030605.jpg,masks/ISIC_0030605_segmentation.png
7217,val,ISIC_0027158,images/ISIC_0027158.jpg,masks/ISIC_0027158_segmentation.png
7218,val,ISIC_0026649,images/ISIC_0026649.jpg,masks/ISIC_0026649_segmentation.png
7219,val,ISIC_0026354,images/ISIC_0026354.jpg,masks/ISIC_0026354_segmentation.png
7220,val,ISIC_0024438,images/ISIC_0024438.jpg,masks/ISIC_0024438_segmentation.png
7221,val,ISIC_0029596,images/ISIC_0029596.jpg,masks/ISIC_0029596_segmentation.png
7222,val,ISIC_0032729,images/ISIC_0032729.jpg,masks/ISIC_0032729_segmentation.png
7223,val,ISIC_0026497,images/ISIC_0026497.jpg,masks/ISIC_0026497_segmentation.png
7224,val,ISIC_0028953,images/ISIC_0028953.jpg,masks/ISIC_0028953_segmentation.png
7225,val,ISIC_0032547,images/ISIC_0032547.jpg,masks/ISIC_0032547_segmentation.png
7226,val,ISIC_0032001,images/ISIC_0032001.jpg,masks/ISIC_0032001_segmentation.png
7227,val,ISIC_0025400,images/ISIC_0025400.jpg,masks/ISIC_0025400_segmentation.png
7228,val,ISIC_0031511,images/ISIC_0031511.jpg,masks/ISIC_0031511_segmentation.png
7229,val,ISIC_0026318,images/ISIC_0026318.jpg,masks/ISIC_0026318_segmentation.png
7230,val,ISIC_0027691,images/ISIC_0027691.jpg,masks/ISIC_0027691_segmentation.png
7231,val,ISIC_0030222,images/ISIC_0030222.jpg,masks/ISIC_0030222_segmentation.png
7232,val,ISIC_0029009,images/ISIC_0029009.jpg,masks/ISIC_0029009_segmentation.png
7233,val,ISIC_0032167,images/ISIC_0032167.jpg,masks/ISIC_0032167_segmentation.png
7234,val,ISIC_0032030,images/ISIC_0032030.jpg,masks/ISIC_0032030_segmentation.png
7235,val,ISIC_0033001,images/ISIC_0033001.jpg,masks/ISIC_0033001_segmentation.png
7236,val,ISIC_0025555,images/ISIC_0025555.jpg,masks/ISIC_0025555_segmentation.png
7237,val,ISIC_0033059,images/ISIC_0033059.jpg,masks/ISIC_0033059_segmentation.png
7238,val,ISIC_0030999,images/ISIC_0030999.jpg,masks/ISIC_0030999_segmentation.png
7239,val,ISIC_0027483,images/ISIC_0027483.jpg,masks/ISIC_0027483_segmentation.png
7240,val,ISIC_0032427,images/ISIC_0032427.jpg,masks/ISIC_0032427_segmentation.png
7241,val,ISIC_0029448,images/ISIC_0029448.jpg,masks/ISIC_0029448_segmentation.png
7242,val,ISIC_0028100,images/ISIC_0028100.jpg,masks/ISIC_0028100_segmentation.png
7243,val,ISIC_0030452,images/ISIC_0030452.jpg,masks/ISIC_0030452_segmentation.png
7244,val,ISIC_0032113,images/ISIC_0032113.jpg,masks/ISIC_0032113_segmentation.png
7245,val,ISIC_0033716,images/ISIC_0033716.jpg,masks/ISIC_0033716_segmentation.png
7246,val,ISIC_0031504,images/ISIC_0031504.jpg,masks/ISIC_0031504_segmentation.png
7247,val,ISIC_0028255,images/ISIC_0028255.jpg,masks/ISIC_0028255_segmentation.png
7248,val,ISIC_0033724,images/ISIC_0033724.jpg,masks/ISIC_0033724_segmentation.png
7249,val,ISIC_0033911,images/ISIC_0033911.jpg,masks/ISIC_0033911_segmentation.png
7250,val,ISIC_0029494,images/ISIC_0029494.jpg,masks/ISIC_0029494_segmentation.png
7251,val,ISIC_0033634,images/ISIC_0033634.jpg,masks/ISIC_0033634_segmentation.png
7252,val,ISIC_0028337,images/ISIC_0028337.jpg,masks/ISIC_0028337_segmentation.png
7253,val,ISIC_0029497,images/ISIC_0029497.jpg,masks/ISIC_0029497_segmentation.png
7254,val,ISIC_0026939,images/ISIC_0026939.jpg,masks/ISIC_0026939_segmentation.png
7255,val,ISIC_0030667,images/ISIC_0030667.jpg,masks/ISIC_0030667_segmentation.png
7256,val,ISIC_0033226,images/ISIC_0033226.jpg,masks/ISIC_0033226_segmentation.png
7257,val,ISIC_0032721,images/ISIC_0032721.jpg,masks/ISIC_0032721_segmentation.png
7258,val,ISIC_0027244,images/ISIC_0027244.jpg,masks/ISIC_0027244_segmentation.png
7259,val,ISIC_0026974,images/ISIC_0026974.jpg,masks/ISIC_0026974_segmentation.png
7260,val,ISIC_0024803,images/ISIC_0024803.jpg,masks/ISIC_0024803_segmentation.png
7261,val,ISIC_0029149,images/ISIC_0029149.jpg,masks/ISIC_0029149_segmentation.png
7262,val,ISIC_0032378,images/ISIC_0032378.jpg,masks/ISIC_0032378_segmentation.png
7263,val,ISIC_0027034,images/ISIC_0027034.jpg,masks/ISIC_0027034_segmentation.png
7264,val,ISIC_0029239,images/ISIC_0029239.jpg,masks/ISIC_0029239_segmentation.png
7265,val,ISIC_0025741,images/ISIC_0025741.jpg,masks/ISIC_0025741_segmentation.png
7266,val,ISIC_0030517,images/ISIC_0030517.jpg,masks/ISIC_0030517_segmentation.png
7267,val,ISIC_0028846,images/ISIC_0028846.jpg,masks/ISIC_0028846_segmentation.png
7268,val,ISIC_0031316,images/ISIC_0031316.jpg,masks/ISIC_0031316_segmentation.png
7269,val,ISIC_0030444,images/ISIC_0030444.jpg,masks/ISIC_0030444_segmentation.png
7270,val,ISIC_0024489,images/ISIC_0024489.jpg,masks/ISIC_0024489_segmentation.png
7271,val,ISIC_0032763,images/ISIC_0032763.jpg,masks/ISIC_0032763_segmentation.png
7272,val,ISIC_0029522,images/ISIC_0029522.jpg,masks/ISIC_0029522_segmentation.png
7273,val,ISIC_0032134,images/ISIC_0032134.jpg,masks/ISIC_0032134_segmentation.png
7274,val,ISIC_0031496,images/ISIC_0031496.jpg,masks/ISIC_0031496_segmentation.png
7275,val,ISIC_0024665,images/ISIC_0024665.jpg,masks/ISIC_0024665_segmentation.png
7276,val,ISIC_0029957,images/ISIC_0029957.jpg,masks/ISIC_0029957_segmentation.png
7277,val,ISIC_0032014,images/ISIC_0032014.jpg,masks/ISIC_0032014_segmentation.png
7278,val,ISIC_0032868,images/ISIC_0032868.jpg,masks/ISIC_0032868_segmentation.png
7279,val,ISIC_0028327,images/ISIC_0028327.jpg,masks/ISIC_0028327_segmentation.png
7280,val,ISIC_0027725,images/ISIC_0027725.jpg,masks/ISIC_0027725_segmentation.png
7281,val,ISIC_0025823,images/ISIC_0025823.jpg,masks/ISIC_0025823_segmentation.png
7282,val,ISIC_0026221,images/ISIC_0026221.jpg,masks/ISIC_0026221_segmentation.png
7283,val,ISIC_0033691,images/ISIC_0033691.jpg,masks/ISIC_0033691_segmentation.png
7284,val,ISIC_0028492,images/ISIC_0028492.jpg,masks/ISIC_0028492_segmentation.png
7285,val,ISIC_0030901,images/ISIC_0030901.jpg,masks/ISIC_0030901_segmentation.png
7286,val,ISIC_0027851,images/ISIC_0027851.jpg,masks/ISIC_0027851_segmentation.png
7287,val,ISIC_0028748,images/ISIC_0028748.jpg,masks/ISIC_0028748_segmentation.png
7288,val,ISIC_0026771,images/ISIC_0026771.jpg,masks/ISIC_0026771_segmentation.png
7289,val,ISIC_0026759,images/ISIC_0026759.jpg,masks/ISIC_0026759_segmentation.png
7290,val,ISIC_0030880,images/ISIC_0030880.jpg,masks/ISIC_0030880_segmentation.png
7291,val,ISIC_0030055,images/ISIC_0030055.jpg,masks/ISIC_0030055_segmentation.png
7292,val,ISIC_0025110,images/ISIC_0025110.jpg,masks/ISIC_0025110_segmentation.png
7293,val,ISIC_0032645,images/ISIC_0032645.jpg,masks/ISIC_0032645_segmentation.png
7294,val,ISIC_0027774,images/ISIC_0027774.jpg,masks/ISIC_0027774_segmentation.png
7295,val,ISIC_0029827,images/ISIC_0029827.jpg,masks/ISIC_0029827_segmentation.png
7296,val,ISIC_0030792,images/ISIC_0030792.jpg,masks/ISIC_0030792_segmentation.png
7297,val,ISIC_0032184,images/ISIC_0032184.jpg,masks/ISIC_0032184_segmentation.png
7298,val,ISIC_0028943,images/ISIC_0028943.jpg,masks/ISIC_0028943_segmentation.png
7299,val,ISIC_0032920,images/ISIC_0032920.jpg,masks/ISIC_0032920_segmentation.png
7300,val,ISIC_0028533,images/ISIC_0028533.jpg,masks/ISIC_0028533_segmentation.png
7301,val,ISIC_0032668,images/ISIC_0032668.jpg,masks/ISIC_0032668_segmentation.png
7302,val,ISIC_0032662,images/ISIC_0032662.jpg,masks/ISIC_0032662_segmentation.png
7303,val,ISIC_0027153,images/ISIC_0027153.jpg,masks/ISIC_0027153_segmentation.png
7304,val,ISIC_0032586,images/ISIC_0032586.jpg,masks/ISIC_0032586_segmentation.png
7305,val,ISIC_0033436,images/ISIC_0033436.jpg,masks/ISIC_0033436_segmentation.png
7306,val,ISIC_0024498,images/ISIC_0024498.jpg,masks/ISIC_0024498_segmentation.png
7307,val,ISIC_0031445,images/ISIC_0031445.jpg,masks/ISIC_0031445_segmentation.png
7308,val,ISIC_0024860,images/ISIC_0024860.jpg,masks/ISIC_0024860_segmentation.png
7309,val,ISIC_0026635,images/ISIC_0026635.jpg,masks/ISIC_0026635_segmentation.png
7310,val,ISIC_0031468,images/ISIC_0031468.jpg,masks/ISIC_0031468_segmentation.png
7311,val,ISIC_0024488,images/ISIC_0024488.jpg,masks/ISIC_0024488_segmentation.png
7312,val,ISIC_0031579,images/ISIC_0031579.jpg,masks/ISIC_0031579_segmentation.png
7313,val,ISIC_0029305,images/ISIC_0029305.jpg,masks/ISIC_0029305_segmentation.png
7314,val,ISIC_0029500,images/ISIC_0029500.jpg,masks/ISIC_0029500_segmentation.png
7315,val,ISIC_0027162,images/ISIC_0027162.jpg,masks/ISIC_0027162_segmentation.png
7316,val,ISIC_0031923,images/ISIC_0031923.jpg,masks/ISIC_0031923_segmentation.png
7317,val,ISIC_0030392,images/ISIC_0030392.jpg,masks/ISIC_0030392_segmentation.png
7318,val,ISIC_0026436,images/ISIC_0026436.jpg,masks/ISIC_0026436_segmentation.png
7319,val,ISIC_0029334,images/ISIC_0029334.jpg,masks/ISIC_0029334_segmentation.png
7320,val,ISIC_0024944,images/ISIC_0024944.jpg,masks/ISIC_0024944_segmentation.png
7321,val,ISIC_0034251,images/ISIC_0034251.jpg,masks/ISIC_0034251_segmentation.png
7322,val,ISIC_0031875,images/ISIC_0031875.jpg,masks/ISIC_0031875_segmentation.png
7323,val,ISIC_0025668,images/ISIC_0025668.jpg,masks/ISIC_0025668_segmentation.png
7324,val,ISIC_0030295,images/ISIC_0030295.jpg,masks/ISIC_0030295_segmentation.png
7325,val,ISIC_0027531,images/ISIC_0027531.jpg,masks/ISIC_0027531_segmentation.png
7326,val,ISIC_0034192,images/ISIC_0034192.jpg,masks/ISIC_0034192_segmentation.png
7327,val,ISIC_0024617,images/ISIC_0024617.jpg,masks/ISIC_0024617_segmentation.png
7328,val,ISIC_0026718,images/ISIC_0026718.jpg,masks/ISIC_0026718_segmentation.png
7329,val,ISIC_0027096,images/ISIC_0027096.jpg,masks/ISIC_0027096_segmentation.png
7330,val,ISIC_0033804,images/ISIC_0033804.jpg,masks/ISIC_0033804_segmentation.png
7331,val,ISIC_0026459,images/ISIC_0026459.jpg,masks/ISIC_0026459_segmentation.png
7332,val,ISIC_0032433,images/ISIC_0032433.jpg,masks/ISIC_0032433_segmentation.png
7333,val,ISIC_0031244,images/ISIC_0031244.jpg,masks/ISIC_0031244_segmentation.png
7334,val,ISIC_0033792,images/ISIC_0033792.jpg,masks/ISIC_0033792_segmentation.png
7335,val,ISIC_0030120,images/ISIC_0030120.jpg,masks/ISIC_0030120_segmentation.png
7336,val,ISIC_0032890,images/ISIC_0032890.jpg,masks/ISIC_0032890_segmentation.png
7337,val,ISIC_0029832,images/ISIC_0029832.jpg,masks/ISIC_0029832_segmentation.png
7338,val,ISIC_0025842,images/ISIC_0025842.jpg,masks/ISIC_0025842_segmentation.png
7339,val,ISIC_0032796,images/ISIC_0032796.jpg,masks/ISIC_0032796_segmentation.png
7340,val,ISIC_0028219,images/ISIC_0028219.jpg,masks/ISIC_0028219_segmentation.png
7341,val,ISIC_0031253,images/ISIC_0031253.jpg,masks/ISIC_0031253_segmentation.png
7342,val,ISIC_0027033,images/ISIC_0027033.jpg,masks/ISIC_0027033_segmentation.png
7343,val,ISIC_0034265,images/ISIC_0034265.jpg,masks/ISIC_0034265_segmentation.png
7344,val,ISIC_0029355,images/ISIC_0029355.jpg,masks/ISIC_0029355_segmentation.png
7345,val,ISIC_0027359,images/ISIC_0027359.jpg,masks/ISIC_0027359_segmentation.png
7346,val,ISIC_0032124,images/ISIC_0032124.jpg,masks/ISIC_0032124_segmentation.png
7347,val,ISIC_0024832,images/ISIC_0024832.jpg,masks/ISIC_0024832_segmentation.png
7348,val,ISIC_0026335,images/ISIC_0026335.jpg,masks/ISIC_0026335_segmentation.png
7349,val,ISIC_0032122,images/ISIC_0032122.jpg,masks/ISIC_0032122_segmentation.png
7350,val,ISIC_0033713,images/ISIC_0033713.jpg,masks/ISIC_0033713_segmentation.png
7351,val,ISIC_0028713,images/ISIC_0028713.jpg,masks/ISIC_0028713_segmentation.png
7352,val,ISIC_0030038,images/ISIC_0030038.jpg,masks/ISIC_0030038_segmentation.png
7353,val,ISIC_0030093,images/ISIC_0030093.jpg,masks/ISIC_0030093_segmentation.png
7354,val,ISIC_0026968,images/ISIC_0026968.jpg,masks/ISIC_0026968_segmentation.png
7355,val,ISIC_0031448,images/ISIC_0031448.jpg,masks/ISIC_0031448_segmentation.png
7356,val,ISIC_0031552,images/ISIC_0031552.jpg,masks/ISIC_0031552_segmentation.png
7357,val,ISIC_0033257,images/ISIC_0033257.jpg,masks/ISIC_0033257_segmentation.png
7358,val,ISIC_0027732,images/ISIC_0027732.jpg,masks/ISIC_0027732_segmentation.png
7359,val,ISIC_0026197,images/ISIC_0026197.jpg,masks/ISIC_0026197_segmentation.png
7360,val,ISIC_0032690,images/ISIC_0032690.jpg,masks/ISIC_0032690_segmentation.png
7361,val,ISIC_0028281,images/ISIC_0028281.jpg,masks/ISIC_0028281_segmentation.png
7362,val,ISIC_0030243,images/ISIC_0030243.jpg,masks/ISIC_0030243_segmentation.png
7363,val,ISIC_0029987,images/ISIC_0029987.jpg,masks/ISIC_0029987_segmentation.png
7364,val,ISIC_0028529,images/ISIC_0028529.jpg,masks/ISIC_0028529_segmentation.png
7365,val,ISIC_0027140,images/ISIC_0027140.jpg,masks/ISIC_0027140_segmentation.png
7366,val,ISIC_0025559,images/ISIC_0025559.jpg,masks/ISIC_0025559_segmentation.png
7367,val,ISIC_0033327,images/ISIC_0033327.jpg,masks/ISIC_0033327_segmentation.png
7368,val,ISIC_0031521,images/ISIC_0031521.jpg,masks/ISIC_0031521_segmentation.png
7369,val,ISIC_0034281,images/ISIC_0034281.jpg,masks/ISIC_0034281_segmentation.png
7370,val,ISIC_0031457,images/ISIC_0031457.jpg,masks/ISIC_0031457_segmentation.png
7371,val,ISIC_0027074,images/ISIC_0027074.jpg,masks/ISIC_0027074_segmentation.png
7372,val,ISIC_0029858,images/ISIC_0029858.jpg,masks/ISIC_0029858_segmentation.png
7373,val,ISIC_0024684,images/ISIC_0024684.jpg,masks/ISIC_0024684_segmentation.png
7374,val,ISIC_0031444,images/ISIC_0031444.jpg,masks/ISIC_0031444_segmentation.png
7375,val,ISIC_0026027,images/ISIC_0026027.jpg,masks/ISIC_0026027_segmentation.png
7376,val,ISIC_0025800,images/ISIC_0025800.jpg,masks/ISIC_0025800_segmentation.png
7377,val,ISIC_0033317,images/ISIC_0033317.jpg,masks/ISIC_0033317_segmentation.png
7378,val,ISIC_0027592,images/ISIC_0027592.jpg,masks/ISIC_0027592_segmentation.png
7379,val,ISIC_0028080,images/ISIC_0028080.jpg,masks/ISIC_0028080_segmentation.png
7380,val,ISIC_0034257,images/ISIC_0034257.jpg,masks/ISIC_0034257_segmentation.png
7381,val,ISIC_0029481,images/ISIC_0029481.jpg,masks/ISIC_0029481_segmentation.png
7382,val,ISIC_0031508,images/ISIC_0031508.jpg,masks/ISIC_0031508_segmentation.png
7383,val,ISIC_0030586,images/ISIC_0030586.jpg,masks/ISIC_0030586_segmentation.png
7384,val,ISIC_0025196,images/ISIC_0025196.jpg,masks/ISIC_0025196_segmentation.png
7385,val,ISIC_0028522,images/ISIC_0028522.jpg,masks/ISIC_0028522_segmentation.png
7386,val,ISIC_0029163,images/ISIC_0029163.jpg,masks/ISIC_0029163_segmentation.png
7387,val,ISIC_0028853,images/ISIC_0028853.jpg,masks/ISIC_0028853_segmentation.png
7388,val,ISIC_0034297,images/ISIC_0034297.jpg,masks/ISIC_0034297_segmentation.png
7389,val,ISIC_0024677,images/ISIC_0024677.jpg,masks/ISIC_0024677_segmentation.png
7390,val,ISIC_0029882,images/ISIC_0029882.jpg,masks/ISIC_0029882_segmentation.png
7391,val,ISIC_0030889,images/ISIC_0030889.jpg,masks/ISIC_0030889_segmentation.png
7392,val,ISIC_0029806,images/ISIC_0029806.jpg,masks/ISIC_0029806_segmentation.png
7393,val,ISIC_0028128,images/ISIC_0028128.jpg,masks/ISIC_0028128_segmentation.png
7394,val,ISIC_0026860,images/ISIC_0026860.jpg,masks/ISIC_0026860_segmentation.png
7395,val,ISIC_0025895,images/ISIC_0025895.jpg,masks/ISIC_0025895_segmentation.png
7396,val,ISIC_0029476,images/ISIC_0029476.jpg,masks/ISIC_0029476_segmentation.png
7397,val,ISIC_0030503,images/ISIC_0030503.jpg,masks/ISIC_0030503_segmentation.png
7398,val,ISIC_0028249,images/ISIC_0028249.jpg,masks/ISIC_0028249_segmentation.png
7399,val,ISIC_0033960,images/ISIC_0033960.jpg,masks/ISIC_0033960_segmentation.png
7400,val,ISIC_0029080,images/ISIC_0029080.jpg,masks/ISIC_0029080_segmentation.png
7401,val,ISIC_0032717,images/ISIC_0032717.jpg,masks/ISIC_0032717_segmentation.png
7402,val,ISIC_0026524,images/ISIC_0026524.jpg,masks/ISIC_0026524_segmentation.png
7403,val,ISIC_0026643,images/ISIC_0026643.jpg,masks/ISIC_0026643_segmentation.png
7404,val,ISIC_0029222,images/ISIC_0029222.jpg,masks/ISIC_0029222_segmentation.png
7405,val,ISIC_0024766,images/ISIC_0024766.jpg,masks/ISIC_0024766_segmentation.png
7406,val,ISIC_0033158,images/ISIC_0033158.jpg,masks/ISIC_0033158_segmentation.png
7407,val,ISIC_0033912,images/ISIC_0033912.jpg,masks/ISIC_0033912_segmentation.png
7408,val,ISIC_0025037,images/ISIC_0025037.jpg,masks/ISIC_0025037_segmentation.png
7409,val,ISIC_0026061,images/ISIC_0026061.jpg,masks/ISIC_0026061_segmentation.png
7410,val,ISIC_0027876,images/ISIC_0027876.jpg,masks/ISIC_0027876_segmentation.png
7411,val,ISIC_0025300,images/ISIC_0025300.jpg,masks/ISIC_0025300_segmentation.png
7412,val,ISIC_0032594,images/ISIC_0032594.jpg,masks/ISIC_0032594_segmentation.png
7413,val,ISIC_0030086,images/ISIC_0030086.jpg,masks/ISIC_0030086_segmentation.png
7414,val,ISIC_0029552,images/ISIC_0029552.jpg,masks/ISIC_0029552_segmentation.png
7415,val,ISIC_0026414,images/ISIC_0026414.jpg,masks/ISIC_0026414_segmentation.png
7416,val,ISIC_0024500,images/ISIC_0024500.jpg,masks/ISIC_0024500_segmentation.png
7417,val,ISIC_0029490,images/ISIC_0029490.jpg,masks/ISIC_0029490_segmentation.png
7418,val,ISIC_0032812,images/ISIC_0032812.jpg,masks/ISIC_0032812_segmentation.png
7419,val,ISIC_0025278,images/ISIC_0025278.jpg,masks/ISIC_0025278_segmentation.png
7420,val,ISIC_0025217,images/ISIC_0025217.jpg,masks/ISIC_0025217_segmentation.png
7421,val,ISIC_0033164,images/ISIC_0033164.jpg,masks/ISIC_0033164_segmentation.png
7422,val,ISIC_0027434,images/ISIC_0027434.jpg,masks/ISIC_0027434_segmentation.png
7423,val,ISIC_0028472,images/ISIC_0028472.jpg,masks/ISIC_0028472_segmentation.png
7424,val,ISIC_0030758,images/ISIC_0030758.jpg,masks/ISIC_0030758_segmentation.png
7425,val,ISIC_0026011,images/ISIC_0026011.jpg,masks/ISIC_0026011_segmentation.png
7426,val,ISIC_0029978,images/ISIC_0029978.jpg,masks/ISIC_0029978_segmentation.png
7427,val,ISIC_0033717,images/ISIC_0033717.jpg,masks/ISIC_0033717_segmentation.png
7428,val,ISIC_0030512,images/ISIC_0030512.jpg,masks/ISIC_0030512_segmentation.png
7429,val,ISIC_0030404,images/ISIC_0030404.jpg,masks/ISIC_0030404_segmentation.png
7430,val,ISIC_0033020,images/ISIC_0033020.jpg,masks/ISIC_0033020_segmentation.png
7431,val,ISIC_0030449,images/ISIC_0030449.jpg,masks/ISIC_0030449_segmentation.png
7432,val,ISIC_0027884,images/ISIC_0027884.jpg,masks/ISIC_0027884_segmentation.png
7433,val,ISIC_0028212,images/ISIC_0028212.jpg,masks/ISIC_0028212_segmentation.png
7434,val,ISIC_0031218,images/ISIC_0031218.jpg,masks/ISIC_0031218_segmentation.png
7435,val,ISIC_0025590,images/ISIC_0025590.jpg,masks/ISIC_0025590_segmentation.png
7436,val,ISIC_0034071,images/ISIC_0034071.jpg,masks/ISIC_0034071_segmentation.png
7437,val,ISIC_0024332,images/ISIC_0024332.jpg,masks/ISIC_0024332_segmentation.png
7438,val,ISIC_0031996,images/ISIC_0031996.jpg,masks/ISIC_0031996_segmentation.png
7439,val,ISIC_0031264,images/ISIC_0031264.jpg,masks/ISIC_0031264_segmentation.png
7440,val,ISIC_0032036,images/ISIC_0032036.jpg,masks/ISIC_0032036_segmentation.png
7441,val,ISIC_0033704,images/ISIC_0033704.jpg,masks/ISIC_0033704_segmentation.png
7442,val,ISIC_0030134,images/ISIC_0030134.jpg,masks/ISIC_0030134_segmentation.png
7443,val,ISIC_0030524,images/ISIC_0030524.jpg,masks/ISIC_0030524_segmentation.png
7444,val,ISIC_0032732,images/ISIC_0032732.jpg,masks/ISIC_0032732_segmentation.png
7445,val,ISIC_0033460,images/ISIC_0033460.jpg,masks/ISIC_0033460_segmentation.png
7446,val,ISIC_0027833,images/ISIC_0027833.jpg,masks/ISIC_0027833_segmentation.png
7447,val,ISIC_0029161,images/ISIC_0029161.jpg,masks/ISIC_0029161_segmentation.png
7448,val,ISIC_0025886,images/ISIC_0025886.jpg,masks/ISIC_0025886_segmentation.png
7449,val,ISIC_0024347,images/ISIC_0024347.jpg,masks/ISIC_0024347_segmentation.png
7450,val,ISIC_0031851,images/ISIC_0031851.jpg,masks/ISIC_0031851_segmentation.png
7451,val,ISIC_0025788,images/ISIC_0025788.jpg,masks/ISIC_0025788_segmentation.png
7452,val,ISIC_0030635,images/ISIC_0030635.jpg,masks/ISIC_0030635_segmentation.png
7453,val,ISIC_0030424,images/ISIC_0030424.jpg,masks/ISIC_0030424_segmentation.png
7454,val,ISIC_0030953,images/ISIC_0030953.jpg,masks/ISIC_0030953_segmentation.png
7455,val,ISIC_0026466,images/ISIC_0026466.jpg,masks/ISIC_0026466_segmentation.png
7456,val,ISIC_0033696,images/ISIC_0033696.jpg,masks/ISIC_0033696_segmentation.png
7457,val,ISIC_0033193,images/ISIC_0033193.jpg,masks/ISIC_0033193_segmentation.png
7458,val,ISIC_0031607,images/ISIC_0031607.jpg,masks/ISIC_0031607_segmentation.png
7459,val,ISIC_0028264,images/ISIC_0028264.jpg,masks/ISIC_0028264_segmentation.png
7460,val,ISIC_0033247,images/ISIC_0033247.jpg,masks/ISIC_0033247_segmentation.png
7461,val,ISIC_0029861,images/ISIC_0029861.jpg,masks/ISIC_0029861_segmentation.png
7462,val,ISIC_0030474,images/ISIC_0030474.jpg,masks/ISIC_0030474_segmentation.png
7463,val,ISIC_0027644,images/ISIC_0027644.jpg,masks/ISIC_0027644_segmentation.png
7464,val,ISIC_0027446,images/ISIC_0027446.jpg,masks/ISIC_0027446_segmentation.png
7465,val,ISIC_0026518,images/ISIC_0026518.jpg,masks/ISIC_0026518_segmentation.png
7466,val,ISIC_0027321,images/ISIC_0027321.jpg,masks/ISIC_0027321_segmentation.png
7467,val,ISIC_0032139,images/ISIC_0032139.jpg,masks/ISIC_0032139_segmentation.png
7468,val,ISIC_0028986,images/ISIC_0028986.jpg,masks/ISIC_0028986_segmentation.png
7469,val,ISIC_0031822,images/ISIC_0031822.jpg,masks/ISIC_0031822_segmentation.png
7470,val,ISIC_0030481,images/ISIC_0030481.jpg,masks/ISIC_0030481_segmentation.png
7471,val,ISIC_0029243,images/ISIC_0029243.jpg,masks/ISIC_0029243_segmentation.png
7472,val,ISIC_0030103,images/ISIC_0030103.jpg,masks/ISIC_0030103_segmentation.png
7473,val,ISIC_0034276,images/ISIC_0034276.jpg,masks/ISIC_0034276_segmentation.png
7474,val,ISIC_0032951,images/ISIC_0032951.jpg,masks/ISIC_0032951_segmentation.png
7475,val,ISIC_0026374,images/ISIC_0026374.jpg,masks/ISIC_0026374_segmentation.png
7476,val,ISIC_0027439,images/ISIC_0027439.jpg,masks/ISIC_0027439_segmentation.png
7477,val,ISIC_0025348,images/ISIC_0025348.jpg,masks/ISIC_0025348_segmentation.png
7478,val,ISIC_0026685,images/ISIC_0026685.jpg,masks/ISIC_0026685_segmentation.png
7479,val,ISIC_0030753,images/ISIC_0030753.jpg,masks/ISIC_0030753_segmentation.png
7480,val,ISIC_0033031,images/ISIC_0033031.jpg,masks/ISIC_0033031_segmentation.png
7481,val,ISIC_0034210,images/ISIC_0034210.jpg,masks/ISIC_0034210_segmentation.png
7482,val,ISIC_0033596,images/ISIC_0033596.jpg,masks/ISIC_0033596_segmentation.png
7483,val,ISIC_0030590,images/ISIC_0030590.jpg,masks/ISIC_0030590_segmentation.png
7484,val,ISIC_0028228,images/ISIC_0028228.jpg,masks/ISIC_0028228_segmentation.png
7485,val,ISIC_0033740,images/ISIC_0033740.jpg,masks/ISIC_0033740_segmentation.png
7486,val,ISIC_0028601,images/ISIC_0028601.jpg,masks/ISIC_0028601_segmentation.png
7487,val,ISIC_0027701,images/ISIC_0027701.jpg,masks/ISIC_0027701_segmentation.png
7488,val,ISIC_0034094,images/ISIC_0034094.jpg,masks/ISIC_0034094_segmentation.png
7489,val,ISIC_0027091,images/ISIC_0027091.jpg,masks/ISIC_0027091_segmentation.png
7490,val,ISIC_0033602,images/ISIC_0033602.jpg,masks/ISIC_0033602_segmentation.png
7491,val,ISIC_0032119,images/ISIC_0032119.jpg,masks/ISIC_0032119_segmentation.png
7492,val,ISIC_0032025,images/ISIC_0032025.jpg,masks/ISIC_0032025_segmentation.png
7493,val,ISIC_0026883,images/ISIC_0026883.jpg,masks/ISIC_0026883_segmentation.png
7494,val,ISIC_0027168,images/ISIC_0027168.jpg,masks/ISIC_0027168_segmentation.png
7495,val,ISIC_0033985,images/ISIC_0033985.jpg,masks/ISIC_0033985_segmentation.png
7496,val,ISIC_0027256,images/ISIC_0027256.jpg,masks/ISIC_0027256_segmentation.png
7497,val,ISIC_0032617,images/ISIC_0032617.jpg,masks/ISIC_0032617_segmentation.png
7498,val,ISIC_0029879,images/ISIC_0029879.jpg,masks/ISIC_0029879_segmentation.png
7499,val,ISIC_0026567,images/ISIC_0026567.jpg,masks/ISIC_0026567_segmentation.png
7500,val,ISIC_0032070,images/ISIC_0032070.jpg,masks/ISIC_0032070_segmentation.png
7501,val,ISIC_0032444,images/ISIC_0032444.jpg,masks/ISIC_0032444_segmentation.png
7502,val,ISIC_0026332,images/ISIC_0026332.jpg,masks/ISIC_0026332_segmentation.png
7503,val,ISIC_0033397,images/ISIC_0033397.jpg,masks/ISIC_0033397_segmentation.png
7504,val,ISIC_0028690,images/ISIC_0028690.jpg,masks/ISIC_0028690_segmentation.png
7505,val,ISIC_0034004,images/ISIC_0034004.jpg,masks/ISIC_0034004_segmentation.png
7506,val,ISIC_0027468,images/ISIC_0027468.jpg,masks/ISIC_0027468_segmentation.png
7507,val,ISIC_0028177,images/ISIC_0028177.jpg,masks/ISIC_0028177_segmentation.png
7508,val,ISIC_0031596,images/ISIC_0031596.jpg,masks/ISIC_0031596_segmentation.png
7509,val,ISIC_0026928,images/ISIC_0026928.jpg,masks/ISIC_0026928_segmentation.png
7510,val,ISIC_0028122,images/ISIC_0028122.jpg,masks/ISIC_0028122_segmentation.png
7511,val,ISIC_0024363,images/ISIC_0024363.jpg,masks/ISIC_0024363_segmentation.png
7512,val,ISIC_0026300,images/ISIC_0026300.jpg,masks/ISIC_0026300_segmentation.png
7513,val,ISIC_0033524,images/ISIC_0033524.jpg,masks/ISIC_0033524_segmentation.png
7514,val,ISIC_0032051,images/ISIC_0032051.jpg,masks/ISIC_0032051_segmentation.png
7515,val,ISIC_0026673,images/ISIC_0026673.jpg,masks/ISIC_0026673_segmentation.png
7516,val,ISIC_0030410,images/ISIC_0030410.jpg,masks/ISIC_0030410_segmentation.png
7517,val,ISIC_0025341,images/ISIC_0025341.jpg,masks/ISIC_0025341_segmentation.png
7518,val,ISIC_0024564,images/ISIC_0024564.jpg,masks/ISIC_0024564_segmentation.png
7519,val,ISIC_0033471,images/ISIC_0033471.jpg,masks/ISIC_0033471_segmentation.png
7520,val,ISIC_0030247,images/ISIC_0030247.jpg,masks/ISIC_0030247_segmentation.png
7521,val,ISIC_0030260,images/ISIC_0030260.jpg,masks/ISIC_0030260_segmentation.png
7522,val,ISIC_0031192,images/ISIC_0031192.jpg,masks/ISIC_0031192_segmentation.png
7523,val,ISIC_0025573,images/ISIC_0025573.jpg,masks/ISIC_0025573_segmentation.png
7524,val,ISIC_0024982,images/ISIC_0024982.jpg,masks/ISIC_0024982_segmentation.png
7525,val,ISIC_0030202,images/ISIC_0030202.jpg,masks/ISIC_0030202_segmentation.png
7526,val,ISIC_0026923,images/ISIC_0026923.jpg,masks/ISIC_0026923_segmentation.png
7527,val,ISIC_0031363,images/ISIC_0031363.jpg,masks/ISIC_0031363_segmentation.png
7528,val,ISIC_0025988,images/ISIC_0025988.jpg,masks/ISIC_0025988_segmentation.png
7529,val,ISIC_0030351,images/ISIC_0030351.jpg,masks/ISIC_0030351_segmentation.png
7530,val,ISIC_0029667,images/ISIC_0029667.jpg,masks/ISIC_0029667_segmentation.png
7531,val,ISIC_0032078,images/ISIC_0032078.jpg,masks/ISIC_0032078_segmentation.png
7532,val,ISIC_0032635,images/ISIC_0032635.jpg,masks/ISIC_0032635_segmentation.png
7533,val,ISIC_0024614,images/ISIC_0024614.jpg,masks/ISIC_0024614_segmentation.png
7534,val,ISIC_0027021,images/ISIC_0027021.jpg,masks/ISIC_0027021_segmentation.png
7535,val,ISIC_0026361,images/ISIC_0026361.jpg,masks/ISIC_0026361_segmentation.png
7536,val,ISIC_0031531,images/ISIC_0031531.jpg,masks/ISIC_0031531_segmentation.png
7537,val,ISIC_0030445,images/ISIC_0030445.jpg,masks/ISIC_0030445_segmentation.png
7538,val,ISIC_0030864,images/ISIC_0030864.jpg,masks/ISIC_0030864_segmentation.png
7539,val,ISIC_0031020,images/ISIC_0031020.jpg,masks/ISIC_0031020_segmentation.png
7540,val,ISIC_0028173,images/ISIC_0028173.jpg,masks/ISIC_0028173_segmentation.png
7541,val,ISIC_0027924,images/ISIC_0027924.jpg,masks/ISIC_0027924_segmentation.png
7542,val,ISIC_0027944,images/ISIC_0027944.jpg,masks/ISIC_0027944_segmentation.png
7543,val,ISIC_0031359,images/ISIC_0031359.jpg,masks/ISIC_0031359_segmentation.png
7544,val,ISIC_0031470,images/ISIC_0031470.jpg,masks/ISIC_0031470_segmentation.png
7545,val,ISIC_0032455,images/ISIC_0032455.jpg,masks/ISIC_0032455_segmentation.png
7546,val,ISIC_0029784,images/ISIC_0029784.jpg,masks/ISIC_0029784_segmentation.png
7547,val,ISIC_0028442,images/ISIC_0028442.jpg,masks/ISIC_0028442_segmentation.png
7548,val,ISIC_0027294,images/ISIC_0027294.jpg,masks/ISIC_0027294_segmentation.png
7549,val,ISIC_0024823,images/ISIC_0024823.jpg,masks/ISIC_0024823_segmentation.png
7550,val,ISIC_0028367,images/ISIC_0028367.jpg,masks/ISIC_0028367_segmentation.png
7551,val,ISIC_0029755,images/ISIC_0029755.jpg,masks/ISIC_0029755_segmentation.png
7552,val,ISIC_0029324,images/ISIC_0029324.jpg,masks/ISIC_0029324_segmentation.png
7553,val,ISIC_0025596,images/ISIC_0025596.jpg,masks/ISIC_0025596_segmentation.png
7554,val,ISIC_0027290,images/ISIC_0027290.jpg,masks/ISIC_0027290_segmentation.png
7555,val,ISIC_0034156,images/ISIC_0034156.jpg,masks/ISIC_0034156_segmentation.png
7556,val,ISIC_0030692,images/ISIC_0030692.jpg,masks/ISIC_0030692_segmentation.png
7557,val,ISIC_0033077,images/ISIC_0033077.jpg,masks/ISIC_0033077_segmentation.png
7558,val,ISIC_0030289,images/ISIC_0030289.jpg,masks/ISIC_0030289_segmentation.png
7559,val,ISIC_0024695,images/ISIC_0024695.jpg,masks/ISIC_0024695_segmentation.png
7560,val,ISIC_0029019,images/ISIC_0029019.jpg,masks/ISIC_0029019_segmentation.png
7561,val,ISIC_0029390,images/ISIC_0029390.jpg,masks/ISIC_0029390_segmentation.png
7562,val,ISIC_0030739,images/ISIC_0030739.jpg,masks/ISIC_0030739_segmentation.png
7563,val,ISIC_0028371,images/ISIC_0028371.jpg,masks/ISIC_0028371_segmentation.png
7564,val,ISIC_0029033,images/ISIC_0029033.jpg,masks/ISIC_0029033_segmentation.png
7565,val,ISIC_0034313,images/ISIC_0034313.jpg,masks/ISIC_0034313_segmentation.png
7566,val,ISIC_0026892,images/ISIC_0026892.jpg,masks/ISIC_0026892_segmentation.png
7567,val,ISIC_0033341,images/ISIC_0033341.jpg,masks/ISIC_0033341_segmentation.png
7568,val,ISIC_0031891,images/ISIC_0031891.jpg,masks/ISIC_0031891_segmentation.png
7569,val,ISIC_0029689,images/ISIC_0029689.jpg,masks/ISIC_0029689_segmentation.png
7570,val,ISIC_0033542,images/ISIC_0033542.jpg,masks/ISIC_0033542_segmentation.png
7571,val,ISIC_0027504,images/ISIC_0027504.jpg,masks/ISIC_0027504_segmentation.png
7572,val,ISIC_0033560,images/ISIC_0033560.jpg,masks/ISIC_0033560_segmentation.png
7573,val,ISIC_0032095,images/ISIC_0032095.jpg,masks/ISIC_0032095_segmentation.png
7574,val,ISIC_0026348,images/ISIC_0026348.jpg,masks/ISIC_0026348_segmentation.png
7575,val,ISIC_0028065,images/ISIC_0028065.jpg,masks/ISIC_0028065_segmentation.png
7576,val,ISIC_0031069,images/ISIC_0031069.jpg,masks/ISIC_0031069_segmentation.png
7577,val,ISIC_0029665,images/ISIC_0029665.jpg,masks/ISIC_0029665_segmentation.png
7578,val,ISIC_0033322,images/ISIC_0033322.jpg,masks/ISIC_0033322_segmentation.png
7579,val,ISIC_0034271,images/ISIC_0034271.jpg,masks/ISIC_0034271_segmentation.png
7580,val,ISIC_0028477,images/ISIC_0028477.jpg,masks/ISIC_0028477_segmentation.png
7581,val,ISIC_0026397,images/ISIC_0026397.jpg,masks/ISIC_0026397_segmentation.png
7582,val,ISIC_0031854,images/ISIC_0031854.jpg,masks/ISIC_0031854_segmentation.png
7583,val,ISIC_0033900,images/ISIC_0033900.jpg,masks/ISIC_0033900_segmentation.png
7584,val,ISIC_0033441,images/ISIC_0033441.jpg,masks/ISIC_0033441_segmentation.png
7585,val,ISIC_0028852,images/ISIC_0028852.jpg,masks/ISIC_0028852_segmentation.png
7586,val,ISIC_0031258,images/ISIC_0031258.jpg,masks/ISIC_0031258_segmentation.png
7587,val,ISIC_0029855,images/ISIC_0029855.jpg,masks/ISIC_0029855_segmentation.png
7588,val,ISIC_0031954,images/ISIC_0031954.jpg,masks/ISIC_0031954_segmentation.png
7589,val,ISIC_0033113,images/ISIC_0033113.jpg,masks/ISIC_0033113_segmentation.png
7590,val,ISIC_0032871,images/ISIC_0032871.jpg,masks/ISIC_0032871_segmentation.png
7591,val,ISIC_0028396,images/ISIC_0028396.jpg,masks/ISIC_0028396_segmentation.png
7592,val,ISIC_0032121,images/ISIC_0032121.jpg,masks/ISIC_0032121_segmentation.png
7593,val,ISIC_0031122,images/ISIC_0031122.jpg,masks/ISIC_0031122_segmentation.png
7594,val,ISIC_0032246,images/ISIC_0032246.jpg,masks/ISIC_0032246_segmentation.png
7595,val,ISIC_0029874,images/ISIC_0029874.jpg,masks/ISIC_0029874_segmentation.png
7596,val,ISIC_0026141,images/ISIC_0026141.jpg,masks/ISIC_0026141_segmentation.png
7597,val,ISIC_0034220,images/ISIC_0034220.jpg,masks/ISIC_0034220_segmentation.png
7598,val,ISIC_0030920,images/ISIC_0030920.jpg,masks/ISIC_0030920_segmentation.png
7599,val,ISIC_0033872,images/ISIC_0033872.jpg,masks/ISIC_0033872_segmentation.png
7600,val,ISIC_0031502,images/ISIC_0031502.jpg,masks/ISIC_0031502_segmentation.png
7601,val,ISIC_0028714,images/ISIC_0028714.jpg,masks/ISIC_0028714_segmentation.png
7602,val,ISIC_0031780,images/ISIC_0031780.jpg,masks/ISIC_0031780_segmentation.png
7603,val,ISIC_0032058,images/ISIC_0032058.jpg,masks/ISIC_0032058_segmentation.png
7604,val,ISIC_0031447,images/ISIC_0031447.jpg,masks/ISIC_0031447_segmentation.png
7605,val,ISIC_0027010,images/ISIC_0027010.jpg,masks/ISIC_0027010_segmentation.png
7606,val,ISIC_0027977,images/ISIC_0027977.jpg,masks/ISIC_0027977_segmentation.png
7607,val,ISIC_0030734,images/ISIC_0030734.jpg,masks/ISIC_0030734_segmentation.png
7608,val,ISIC_0033427,images/ISIC_0033427.jpg,masks/ISIC_0033427_segmentation.png
7609,val,ISIC_0026531,images/ISIC_0026531.jpg,masks/ISIC_0026531_segmentation.png
7610,val,ISIC_0033029,images/ISIC_0033029.jpg,masks/ISIC_0033029_segmentation.png
7611,val,ISIC_0033231,images/ISIC_0033231.jpg,masks/ISIC_0033231_segmentation.png
7612,val,ISIC_0025456,images/ISIC_0025456.jpg,masks/ISIC_0025456_segmentation.png
7613,val,ISIC_0026664,images/ISIC_0026664.jpg,masks/ISIC_0026664_segmentation.png
7614,val,ISIC_0030950,images/ISIC_0030950.jpg,masks/ISIC_0030950_segmentation.png
7615,val,ISIC_0024957,images/ISIC_0024957.jpg,masks/ISIC_0024957_segmentation.png
7616,val,ISIC_0028411,images/ISIC_0028411.jpg,masks/ISIC_0028411_segmentation.png
7617,val,ISIC_0027999,images/ISIC_0027999.jpg,masks/ISIC_0027999_segmentation.png
7618,val,ISIC_0026487,images/ISIC_0026487.jpg,masks/ISIC_0026487_segmentation.png
7619,val,ISIC_0033418,images/ISIC_0033418.jpg,masks/ISIC_0033418_segmentation.png
7620,val,ISIC_0026458,images/ISIC_0026458.jpg,masks/ISIC_0026458_segmentation.png
7621,val,ISIC_0027902,images/ISIC_0027902.jpg,masks/ISIC_0027902_segmentation.png
7622,val,ISIC_0032640,images/ISIC_0032640.jpg,masks/ISIC_0032640_segmentation.png
7623,val,ISIC_0032772,images/ISIC_0032772.jpg,masks/ISIC_0032772_segmentation.png
7624,val,ISIC_0030311,images/ISIC_0030311.jpg,masks/ISIC_0030311_segmentation.png
7625,val,ISIC_0029789,images/ISIC_0029789.jpg,masks/ISIC_0029789_segmentation.png
7626,val,ISIC_0031475,images/ISIC_0031475.jpg,masks/ISIC_0031475_segmentation.png
7627,val,ISIC_0026477,images/ISIC_0026477.jpg,masks/ISIC_0026477_segmentation.png
7628,val,ISIC_0025813,images/ISIC_0025813.jpg,masks/ISIC_0025813_segmentation.png
7629,val,ISIC_0029516,images/ISIC_0029516.jpg,masks/ISIC_0029516_segmentation.png
7630,val,ISIC_0029843,images/ISIC_0029843.jpg,masks/ISIC_0029843_segmentation.png
7631,val,ISIC_0030705,images/ISIC_0030705.jpg,masks/ISIC_0030705_segmentation.png
7632,val,ISIC_0034029,images/ISIC_0034029.jpg,masks/ISIC_0034029_segmentation.png
7633,val,ISIC_0034143,images/ISIC_0034143.jpg,masks/ISIC_0034143_segmentation.png
7634,val,ISIC_0024913,images/ISIC_0024913.jpg,masks/ISIC_0024913_segmentation.png
7635,val,ISIC_0028927,images/ISIC_0028927.jpg,masks/ISIC_0028927_segmentation.png
7636,val,ISIC_0030288,images/ISIC_0030288.jpg,masks/ISIC_0030288_segmentation.png
7637,val,ISIC_0026170,images/ISIC_0026170.jpg,masks/ISIC_0026170_segmentation.png
7638,val,ISIC_0030219,images/ISIC_0030219.jpg,masks/ISIC_0030219_segmentation.png
7639,val,ISIC_0027424,images/ISIC_0027424.jpg,masks/ISIC_0027424_segmentation.png
7640,val,ISIC_0029856,images/ISIC_0029856.jpg,masks/ISIC_0029856_segmentation.png
7641,val,ISIC_0029566,images/ISIC_0029566.jpg,masks/ISIC_0029566_segmentation.png
7642,val,ISIC_0029850,images/ISIC_0029850.jpg,masks/ISIC_0029850_segmentation.png
7643,val,ISIC_0032055,images/ISIC_0032055.jpg,masks/ISIC_0032055_segmentation.png
7644,val,ISIC_0027283,images/ISIC_0027283.jpg,masks/ISIC_0027283_segmentation.png
7645,val,ISIC_0029862,images/ISIC_0029862.jpg,masks/ISIC_0029862_segmentation.png
7646,val,ISIC_0031634,images/ISIC_0031634.jpg,masks/ISIC_0031634_segmentation.png
7647,val,ISIC_0028524,images/ISIC_0028524.jpg,masks/ISIC_0028524_segmentation.png
7648,val,ISIC_0025324,images/ISIC_0025324.jpg,masks/ISIC_0025324_segmentation.png
7649,val,ISIC_0032639,images/ISIC_0032639.jpg,masks/ISIC_0032639_segmentation.png
7650,val,ISIC_0033311,images/ISIC_0033311.jpg,masks/ISIC_0033311_segmentation.png
7651,val,ISIC_0030616,images/ISIC_0030616.jpg,masks/ISIC_0030616_segmentation.png
7652,val,ISIC_0030057,images/ISIC_0030057.jpg,masks/ISIC_0030057_segmentation.png
7653,val,ISIC_0025837,images/ISIC_0025837.jpg,masks/ISIC_0025837_segmentation.png
7654,val,ISIC_0027011,images/ISIC_0027011.jpg,masks/ISIC_0027011_segmentation.png
7655,val,ISIC_0030485,images/ISIC_0030485.jpg,masks/ISIC_0030485_segmentation.png
7656,val,ISIC_0029395,images/ISIC_0029395.jpg,masks/ISIC_0029395_segmentation.png
7657,val,ISIC_0028200,images/ISIC_0028200.jpg,masks/ISIC_0028200_segmentation.png
7658,val,ISIC_0030896,images/ISIC_0030896.jpg,masks/ISIC_0030896_segmentation.png
7659,val,ISIC_0032158,images/ISIC_0032158.jpg,masks/ISIC_0032158_segmentation.png
7660,val,ISIC_0028420,images/ISIC_0028420.jpg,masks/ISIC_0028420_segmentation.png
7661,val,ISIC_0032602,images/ISIC_0032602.jpg,masks/ISIC_0032602_segmentation.png
7662,val,ISIC_0029640,images/ISIC_0029640.jpg,masks/ISIC_0029640_segmentation.png
7663,val,ISIC_0027620,images/ISIC_0027620.jpg,masks/ISIC_0027620_segmentation.png
7664,val,ISIC_0028324,images/ISIC_0028324.jpg,masks/ISIC_0028324_segmentation.png
7665,val,ISIC_0025012,images/ISIC_0025012.jpg,masks/ISIC_0025012_segmentation.png
7666,val,ISIC_0034267,images/ISIC_0034267.jpg,masks/ISIC_0034267_segmentation.png
7667,val,ISIC_0032771,images/ISIC_0032771.jpg,masks/ISIC_0032771_segmentation.png
7668,val,ISIC_0031681,images/ISIC_0031681.jpg,masks/ISIC_0031681_segmentation.png
7669,val,ISIC_0025680,images/ISIC_0025680.jpg,masks/ISIC_0025680_segmentation.png
7670,val,ISIC_0026256,images/ISIC_0026256.jpg,masks/ISIC_0026256_segmentation.png
7671,val,ISIC_0026026,images/ISIC_0026026.jpg,masks/ISIC_0026026_segmentation.png
7672,val,ISIC_0033190,images/ISIC_0033190.jpg,masks/ISIC_0033190_segmentation.png
7673,val,ISIC_0033554,images/ISIC_0033554.jpg,masks/ISIC_0033554_segmentation.png
7674,val,ISIC_0029215,images/ISIC_0029215.jpg,masks/ISIC_0029215_segmentation.png
7675,val,ISIC_0031017,images/ISIC_0031017.jpg,masks/ISIC_0031017_segmentation.png
7676,val,ISIC_0025860,images/ISIC_0025860.jpg,masks/ISIC_0025860_segmentation.png
7677,val,ISIC_0025942,images/ISIC_0025942.jpg,masks/ISIC_0025942_segmentation.png
7678,val,ISIC_0029348,images/ISIC_0029348.jpg,masks/ISIC_0029348_segmentation.png
7679,val,ISIC_0029424,images/ISIC_0029424.jpg,masks/ISIC_0029424_segmentation.png
7680,val,ISIC_0028338,images/ISIC_0028338.jpg,masks/ISIC_0028338_segmentation.png
7681,val,ISIC_0034141,images/ISIC_0034141.jpg,masks/ISIC_0034141_segmentation.png
7682,val,ISIC_0029185,images/ISIC_0029185.jpg,masks/ISIC_0029185_segmentation.png
7683,val,ISIC_0033530,images/ISIC_0033530.jpg,masks/ISIC_0033530_segmentation.png
7684,val,ISIC_0028424,images/ISIC_0028424.jpg,masks/ISIC_0028424_segmentation.png
7685,val,ISIC_0031155,images/ISIC_0031155.jpg,masks/ISIC_0031155_segmentation.png
7686,val,ISIC_0025471,images/ISIC_0025471.jpg,masks/ISIC_0025471_segmentation.png
7687,val,ISIC_0031570,images/ISIC_0031570.jpg,masks/ISIC_0031570_segmentation.png
7688,val,ISIC_0031958,images/ISIC_0031958.jpg,masks/ISIC_0031958_segmentation.png
7689,val,ISIC_0028088,images/ISIC_0028088.jpg,masks/ISIC_0028088_segmentation.png
7690,val,ISIC_0033187,images/ISIC_0033187.jpg,masks/ISIC_0033187_segmentation.png
7691,val,ISIC_0030407,images/ISIC_0030407.jpg,masks/ISIC_0030407_segmentation.png
7692,val,ISIC_0030894,images/ISIC_0030894.jpg,masks/ISIC_0030894_segmentation.png
7693,val,ISIC_0029375,images/ISIC_0029375.jpg,masks/ISIC_0029375_segmentation.png
7694,val,ISIC_0027577,images/ISIC_0027577.jpg,masks/ISIC_0027577_segmentation.png
7695,val,ISIC_0025454,images/ISIC_0025454.jpg,masks/ISIC_0025454_segmentation.png
7696,val,ISIC_0026251,images/ISIC_0026251.jpg,masks/ISIC_0026251_segmentation.png
7697,val,ISIC_0028050,images/ISIC_0028050.jpg,masks/ISIC_0028050_segmentation.png
7698,val,ISIC_0032652,images/ISIC_0032652.jpg,masks/ISIC_0032652_segmentation.png
7699,val,ISIC_0024751,images/ISIC_0024751.jpg,masks/ISIC_0024751_segmentation.png
7700,val,ISIC_0031204,images/ISIC_0031204.jpg,masks/ISIC_0031204_segmentation.png
7701,val,ISIC_0030412,images/ISIC_0030412.jpg,masks/ISIC_0030412_segmentation.png
7702,val,ISIC_0027037,images/ISIC_0027037.jpg,masks/ISIC_0027037_segmentation.png
7703,val,ISIC_0033881,images/ISIC_0033881.jpg,masks/ISIC_0033881_segmentation.png
7704,val,ISIC_0034147,images/ISIC_0034147.jpg,masks/ISIC_0034147_segmentation.png
7705,val,ISIC_0032550,images/ISIC_0032550.jpg,masks/ISIC_0032550_segmentation.png
7706,val,ISIC_0034226,images/ISIC_0034226.jpg,masks/ISIC_0034226_segmentation.png
7707,val,ISIC_0027513,images/ISIC_0027513.jpg,masks/ISIC_0027513_segmentation.png
7708,val,ISIC_0031535,images/ISIC_0031535.jpg,masks/ISIC_0031535_segmentation.png
7709,val,ISIC_0030552,images/ISIC_0030552.jpg,masks/ISIC_0030552_segmentation.png
7710,val,ISIC_0032810,images/ISIC_0032810.jpg,masks/ISIC_0032810_segmentation.png
7711,val,ISIC_0032400,images/ISIC_0032400.jpg,masks/ISIC_0032400_segmentation.png
7712,val,ISIC_0027108,images/ISIC_0027108.jpg,masks/ISIC_0027108_segmentation.png
7713,val,ISIC_0029672,images/ISIC_0029672.jpg,masks/ISIC_0029672_segmentation.png
7714,val,ISIC_0027914,images/ISIC_0027914.jpg,masks/ISIC_0027914_segmentation.png
7715,val,ISIC_0026927,images/ISIC_0026927.jpg,masks/ISIC_0026927_segmentation.png
7716,val,ISIC_0029782,images/ISIC_0029782.jpg,masks/ISIC_0029782_segmentation.png
7717,val,ISIC_0027485,images/ISIC_0027485.jpg,masks/ISIC_0027485_segmentation.png
7718,val,ISIC_0031899,images/ISIC_0031899.jpg,masks/ISIC_0031899_segmentation.png
7719,val,ISIC_0024978,images/ISIC_0024978.jpg,masks/ISIC_0024978_segmentation.png
7720,val,ISIC_0028473,images/ISIC_0028473.jpg,masks/ISIC_0028473_segmentation.png
7721,val,ISIC_0030100,images/ISIC_0030100.jpg,masks/ISIC_0030100_segmentation.png
7722,val,ISIC_0027988,images/ISIC_0027988.jpg,masks/ISIC_0027988_segmentation.png
7723,val,ISIC_0033253,images/ISIC_0033253.jpg,masks/ISIC_0033253_segmentation.png
7724,val,ISIC_0026144,images/ISIC_0026144.jpg,masks/ISIC_0026144_segmentation.png
7725,val,ISIC_0024967,images/ISIC_0024967.jpg,masks/ISIC_0024967_segmentation.png
7726,val,ISIC_0033252,images/ISIC_0033252.jpg,masks/ISIC_0033252_segmentation.png
7727,val,ISIC_0031458,images/ISIC_0031458.jpg,masks/ISIC_0031458_segmentation.png
7728,val,ISIC_0030455,images/ISIC_0030455.jpg,masks/ISIC_0030455_segmentation.png
7729,val,ISIC_0029472,images/ISIC_0029472.jpg,masks/ISIC_0029472_segmentation.png
7730,val,ISIC_0032911,images/ISIC_0032911.jpg,masks/ISIC_0032911_segmentation.png
7731,val,ISIC_0032773,images/ISIC_0032773.jpg,masks/ISIC_0032773_segmentation.png
7732,val,ISIC_0032613,images/ISIC_0032613.jpg,masks/ISIC_0032613_segmentation.png
7733,val,ISIC_0026418,images/ISIC_0026418.jpg,masks/ISIC_0026418_segmentation.png
7734,val,ISIC_0032583,images/ISIC_0032583.jpg,masks/ISIC_0032583_segmentation.png
7735,val,ISIC_0026014,images/ISIC_0026014.jpg,masks/ISIC_0026014_segmentation.png
7736,val,ISIC_0028611,images/ISIC_0028611.jpg,masks/ISIC_0028611_segmentation.png
7737,val,ISIC_0033085,images/ISIC_0033085.jpg,masks/ISIC_0033085_segmentation.png
7738,val,ISIC_0034194,images/ISIC_0034194.jpg,masks/ISIC_0034194_segmentation.png
7739,val,ISIC_0025635,images/ISIC_0025635.jpg,masks/ISIC_0025635_segmentation.png
7740,val,ISIC_0034067,images/ISIC_0034067.jpg,masks/ISIC_0034067_segmentation.png
7741,val,ISIC_0029833,images/ISIC_0029833.jpg,masks/ISIC_0029833_segmentation.png
7742,val,ISIC_0024625,images/ISIC_0024625.jpg,masks/ISIC_0024625_segmentation.png
7743,val,ISIC_0027690,images/ISIC_0027690.jpg,masks/ISIC_0027690_segmentation.png
7744,val,ISIC_0027050,images/ISIC_0027050.jpg,masks/ISIC_0027050_segmentation.png
7745,val,ISIC_0024460,images/ISIC_0024460.jpg,masks/ISIC_0024460_segmentation.png
7746,val,ISIC_0024820,images/ISIC_0024820.jpg,masks/ISIC_0024820_segmentation.png
7747,val,ISIC_0024583,images/ISIC_0024583.jpg,masks/ISIC_0024583_segmentation.png
7748,val,ISIC_0031642,images/ISIC_0031642.jpg,masks/ISIC_0031642_segmentation.png
7749,val,ISIC_0033641,images/ISIC_0033641.jpg,masks/ISIC_0033641_segmentation.png
7750,val,ISIC_0028634,images/ISIC_0028634.jpg,masks/ISIC_0028634_segmentation.png
7751,val,ISIC_0030419,images/ISIC_0030419.jpg,masks/ISIC_0030419_segmentation.png
7752,val,ISIC_0028073,images/ISIC_0028073.jpg,masks/ISIC_0028073_segmentation.png
7753,val,ISIC_0033288,images/ISIC_0033288.jpg,masks/ISIC_0033288_segmentation.png
7754,val,ISIC_0029102,images/ISIC_0029102.jpg,masks/ISIC_0029102_segmentation.png
7755,val,ISIC_0032492,images/ISIC_0032492.jpg,masks/ISIC_0032492_segmentation.png
7756,val,ISIC_0027190,images/ISIC_0027190.jpg,masks/ISIC_0027190_segmentation.png
7757,val,ISIC_0025834,images/ISIC_0025834.jpg,masks/ISIC_0025834_segmentation.png
7758,val,ISIC_0028192,images/ISIC_0028192.jpg,masks/ISIC_0028192_segmentation.png
7759,val,ISIC_0028921,images/ISIC_0028921.jpg,masks/ISIC_0028921_segmentation.png
7760,val,ISIC_0034070,images/ISIC_0034070.jpg,masks/ISIC_0034070_segmentation.png
7761,val,ISIC_0034228,images/ISIC_0034228.jpg,masks/ISIC_0034228_segmentation.png
7762,val,ISIC_0029141,images/ISIC_0029141.jpg,masks/ISIC_0029141_segmentation.png
7763,val,ISIC_0030690,images/ISIC_0030690.jpg,masks/ISIC_0030690_segmentation.png
7764,val,ISIC_0027983,images/ISIC_0027983.jpg,masks/ISIC_0027983_segmentation.png
7765,val,ISIC_0027418,images/ISIC_0027418.jpg,masks/ISIC_0027418_segmentation.png
7766,val,ISIC_0030995,images/ISIC_0030995.jpg,masks/ISIC_0030995_segmentation.png
7767,val,ISIC_0030891,images/ISIC_0030891.jpg,masks/ISIC_0030891_segmentation.png
7768,val,ISIC_0031515,images/ISIC_0031515.jpg,masks/ISIC_0031515_segmentation.png
7769,val,ISIC_0027488,images/ISIC_0027488.jpg,masks/ISIC_0027488_segmentation.png
7770,val,ISIC_0026030,images/ISIC_0026030.jpg,masks/ISIC_0026030_segmentation.png
7771,val,ISIC_0033642,images/ISIC_0033642.jpg,masks/ISIC_0033642_segmentation.png
7772,val,ISIC_0032627,images/ISIC_0032627.jpg,masks/ISIC_0032627_segmentation.png
7773,val,ISIC_0024743,images/ISIC_0024743.jpg,masks/ISIC_0024743_segmentation.png
7774,val,ISIC_0032076,images/ISIC_0032076.jpg,masks/ISIC_0032076_segmentation.png
7775,val,ISIC_0025826,images/ISIC_0025826.jpg,masks/ISIC_0025826_segmentation.png
7776,val,ISIC_0031879,images/ISIC_0031879.jpg,masks/ISIC_0031879_segmentation.png
7777,val,ISIC_0028717,images/ISIC_0028717.jpg,masks/ISIC_0028717_segmentation.png
7778,val,ISIC_0030596,images/ISIC_0030596.jpg,masks/ISIC_0030596_segmentation.png
7779,val,ISIC_0027936,images/ISIC_0027936.jpg,masks/ISIC_0027936_segmentation.png
7780,val,ISIC_0026460,images/ISIC_0026460.jpg,masks/ISIC_0026460_segmentation.png
7781,val,ISIC_0032881,images/ISIC_0032881.jpg,masks/ISIC_0032881_segmentation.png
7782,val,ISIC_0032694,images/ISIC_0032694.jpg,masks/ISIC_0032694_segmentation.png
7783,val,ISIC_0026008,images/ISIC_0026008.jpg,masks/ISIC_0026008_segmentation.png
7784,val,ISIC_0026774,images/ISIC_0026774.jpg,masks/ISIC_0026774_segmentation.png
7785,val,ISIC_0028744,images/ISIC_0028744.jpg,masks/ISIC_0028744_segmentation.png
7786,val,ISIC_0033139,images/ISIC_0033139.jpg,masks/ISIC_0033139_segmentation.png
7787,val,ISIC_0032846,images/ISIC_0032846.jpg,masks/ISIC_0032846_segmentation.png
7788,val,ISIC_0029594,images/ISIC_0029594.jpg,masks/ISIC_0029594_segmentation.png
7789,val,ISIC_0025292,images/ISIC_0025292.jpg,masks/ISIC_0025292_segmentation.png
7790,val,ISIC_0031059,images/ISIC_0031059.jpg,masks/ISIC_0031059_segmentation.png
7791,val,ISIC_0026328,images/ISIC_0026328.jpg,masks/ISIC_0026328_segmentation.png
7792,val,ISIC_0026232,images/ISIC_0026232.jpg,masks/ISIC_0026232_segmentation.png
7793,val,ISIC_0033206,images/ISIC_0033206.jpg,masks/ISIC_0033206_segmentation.png
7794,val,ISIC_0033432,images/ISIC_0033432.jpg,masks/ISIC_0033432_segmentation.png
7795,val,ISIC_0034284,images/ISIC_0034284.jpg,masks/ISIC_0034284_segmentation.png
7796,val,ISIC_0029597,images/ISIC_0029597.jpg,masks/ISIC_0029597_segmentation.png
7797,val,ISIC_0032499,images/ISIC_0032499.jpg,masks/ISIC_0032499_segmentation.png
7798,val,ISIC_0029471,images/ISIC_0029471.jpg,masks/ISIC_0029471_segmentation.png
7799,val,ISIC_0027362,images/ISIC_0027362.jpg,masks/ISIC_0027362_segmentation.png
7800,val,ISIC_0033196,images/ISIC_0033196.jpg,masks/ISIC_0033196_segmentation.png
7801,val,ISIC_0026492,images/ISIC_0026492.jpg,masks/ISIC_0026492_segmentation.png
7802,val,ISIC_0030760,images/ISIC_0030760.jpg,masks/ISIC_0030760_segmentation.png
7803,val,ISIC_0031423,images/ISIC_0031423.jpg,masks/ISIC_0031423_segmentation.png
7804,val,ISIC_0027059,images/ISIC_0027059.jpg,masks/ISIC_0027059_segmentation.png
7805,val,ISIC_0031814,images/ISIC_0031814.jpg,masks/ISIC_0031814_segmentation.png
7806,val,ISIC_0024452,images/ISIC_0024452.jpg,masks/ISIC_0024452_segmentation.png
7807,val,ISIC_0025924,images/ISIC_0025924.jpg,masks/ISIC_0025924_segmentation.png
7808,val,ISIC_0025651,images/ISIC_0025651.jpg,masks/ISIC_0025651_segmentation.png
7809,val,ISIC_0033936,images/ISIC_0033936.jpg,masks/ISIC_0033936_segmentation.png
7810,val,ISIC_0027490,images/ISIC_0027490.jpg,masks/ISIC_0027490_segmentation.png
7811,val,ISIC_0025602,images/ISIC_0025602.jpg,masks/ISIC_0025602_segmentation.png
7812,val,ISIC_0031832,images/ISIC_0031832.jpg,masks/ISIC_0031832_segmentation.png
7813,val,ISIC_0024709,images/ISIC_0024709.jpg,masks/ISIC_0024709_segmentation.png
7814,val,ISIC_0030072,images/ISIC_0030072.jpg,masks/ISIC_0030072_segmentation.png
7815,val,ISIC_0031366,images/ISIC_0031366.jpg,masks/ISIC_0031366_segmentation.png
7816,val,ISIC_0029725,images/ISIC_0029725.jpg,masks/ISIC_0029725_segmentation.png
7817,val,ISIC_0028828,images/ISIC_0028828.jpg,masks/ISIC_0028828_segmentation.png
7818,val,ISIC_0031125,images/ISIC_0031125.jpg,masks/ISIC_0031125_segmentation.png
7819,val,ISIC_0026756,images/ISIC_0026756.jpg,masks/ISIC_0026756_segmentation.png
7820,val,ISIC_0030477,images/ISIC_0030477.jpg,masks/ISIC_0030477_segmentation.png
7821,val,ISIC_0032148,images/ISIC_0032148.jpg,masks/ISIC_0032148_segmentation.png
7822,val,ISIC_0031506,images/ISIC_0031506.jpg,masks/ISIC_0031506_segmentation.png
7823,val,ISIC_0026506,images/ISIC_0026506.jpg,masks/ISIC_0026506_segmentation.png
7824,val,ISIC_0028627,images/ISIC_0028627.jpg,masks/ISIC_0028627_segmentation.png
7825,val,ISIC_0029088,images/ISIC_0029088.jpg,masks/ISIC_0029088_segmentation.png
7826,val,ISIC_0032314,images/ISIC_0032314.jpg,masks/ISIC_0032314_segmentation.png
7827,val,ISIC_0032573,images/ISIC_0032573.jpg,masks/ISIC_0032573_segmentation.png
7828,val,ISIC_0026640,images/ISIC_0026640.jpg,masks/ISIC_0026640_segmentation.png
7829,val,ISIC_0026031,images/ISIC_0026031.jpg,masks/ISIC_0026031_segmentation.png
7830,val,ISIC_0027103,images/ISIC_0027103.jpg,masks/ISIC_0027103_segmentation.png
7831,val,ISIC_0028576,images/ISIC_0028576.jpg,masks/ISIC_0028576_segmentation.png
7832,val,ISIC_0033925,images/ISIC_0033925.jpg,masks/ISIC_0033925_segmentation.png
7833,val,ISIC_0031100,images/ISIC_0031100.jpg,masks/ISIC_0031100_segmentation.png
7834,val,ISIC_0024528,images/ISIC_0024528.jpg,masks/ISIC_0024528_segmentation.png
7835,val,ISIC_0027772,images/ISIC_0027772.jpg,masks/ISIC_0027772_segmentation.png
7836,val,ISIC_0032532,images/ISIC_0032532.jpg,masks/ISIC_0032532_segmentation.png
7837,val,ISIC_0033185,images/ISIC_0033185.jpg,masks/ISIC_0033185_segmentation.png
7838,val,ISIC_0026181,images/ISIC_0026181.jpg,masks/ISIC_0026181_segmentation.png
7839,val,ISIC_0028070,images/ISIC_0028070.jpg,masks/ISIC_0028070_segmentation.png
7840,val,ISIC_0033700,images/ISIC_0033700.jpg,masks/ISIC_0033700_segmentation.png
7841,val,ISIC_0025722,images/ISIC_0025722.jpg,masks/ISIC_0025722_segmentation.png
7842,val,ISIC_0026554,images/ISIC_0026554.jpg,masks/ISIC_0026554_segmentation.png
7843,val,ISIC_0025306,images/ISIC_0025306.jpg,masks/ISIC_0025306_segmentation.png
7844,val,ISIC_0027625,images/ISIC_0027625.jpg,masks/ISIC_0027625_segmentation.png
7845,val,ISIC_0025119,images/ISIC_0025119.jpg,masks/ISIC_0025119_segmentation.png
7846,val,ISIC_0032903,images/ISIC_0032903.jpg,masks/ISIC_0032903_segmentation.png
7847,val,ISIC_0026668,images/ISIC_0026668.jpg,masks/ISIC_0026668_segmentation.png
7848,val,ISIC_0025325,images/ISIC_0025325.jpg,masks/ISIC_0025325_segmentation.png
7849,val,ISIC_0033722,images/ISIC_0033722.jpg,masks/ISIC_0033722_segmentation.png
7850,val,ISIC_0026100,images/ISIC_0026100.jpg,masks/ISIC_0026100_segmentation.png
7851,val,ISIC_0028874,images/ISIC_0028874.jpg,masks/ISIC_0028874_segmentation.png
7852,val,ISIC_0031337,images/ISIC_0031337.jpg,masks/ISIC_0031337_segmentation.png
7853,val,ISIC_0028033,images/ISIC_0028033.jpg,masks/ISIC_0028033_segmentation.png
7854,val,ISIC_0029064,images/ISIC_0029064.jpg,masks/ISIC_0029064_segmentation.png
7855,val,ISIC_0029757,images/ISIC_0029757.jpg,masks/ISIC_0029757_segmentation.png
7856,val,ISIC_0029491,images/ISIC_0029491.jpg,masks/ISIC_0029491_segmentation.png
7857,val,ISIC_0033447,images/ISIC_0033447.jpg,masks/ISIC_0033447_segmentation.png
7858,val,ISIC_0026565,images/ISIC_0026565.jpg,masks/ISIC_0026565_segmentation.png
7859,val,ISIC_0029984,images/ISIC_0029984.jpg,masks/ISIC_0029984_segmentation.png
7860,val,ISIC_0031781,images/ISIC_0031781.jpg,masks/ISIC_0031781_segmentation.png
7861,val,ISIC_0031569,images/ISIC_0031569.jpg,masks/ISIC_0031569_segmentation.png
7862,val,ISIC_0024810,images/ISIC_0024810.jpg,masks/ISIC_0024810_segmentation.png
7863,val,ISIC_0026714,images/ISIC_0026714.jpg,masks/ISIC_0026714_segmentation.png
7864,val,ISIC_0028930,images/ISIC_0028930.jpg,masks/ISIC_0028930_segmentation.png
7865,val,ISIC_0026695,images/ISIC_0026695.jpg,masks/ISIC_0026695_segmentation.png
7866,val,ISIC_0029363,images/ISIC_0029363.jpg,masks/ISIC_0029363_segmentation.png
7867,val,ISIC_0025835,images/ISIC_0025835.jpg,masks/ISIC_0025835_segmentation.png
7868,val,ISIC_0029455,images/ISIC_0029455.jpg,masks/ISIC_0029455_segmentation.png
7869,val,ISIC_0033679,images/ISIC_0033679.jpg,masks/ISIC_0033679_segmentation.png
7870,val,ISIC_0025610,images/ISIC_0025610.jpg,masks/ISIC_0025610_segmentation.png
7871,val,ISIC_0034233,images/ISIC_0034233.jpg,masks/ISIC_0034233_segmentation.png
7872,val,ISIC_0033489,images/ISIC_0033489.jpg,masks/ISIC_0033489_segmentation.png
7873,val,ISIC_0031035,images/ISIC_0031035.jpg,masks/ISIC_0031035_segmentation.png
7874,val,ISIC_0032432,images/ISIC_0032432.jpg,masks/ISIC_0032432_segmentation.png
7875,val,ISIC_0025781,images/ISIC_0025781.jpg,masks/ISIC_0025781_segmentation.png
7876,val,ISIC_0033046,images/ISIC_0033046.jpg,masks/ISIC_0033046_segmentation.png
7877,val,ISIC_0029159,images/ISIC_0029159.jpg,masks/ISIC_0029159_segmentation.png
7878,val,ISIC_0027265,images/ISIC_0027265.jpg,masks/ISIC_0027265_segmentation.png
7879,val,ISIC_0025072,images/ISIC_0025072.jpg,masks/ISIC_0025072_segmentation.png
7880,val,ISIC_0027167,images/ISIC_0027167.jpg,masks/ISIC_0027167_segmentation.png
7881,val,ISIC_0026981,images/ISIC_0026981.jpg,masks/ISIC_0026981_segmentation.png
7882,val,ISIC_0026924,images/ISIC_0026924.jpg,masks/ISIC_0026924_segmentation.png
7883,val,ISIC_0028757,images/ISIC_0028757.jpg,masks/ISIC_0028757_segmentation.png
7884,val,ISIC_0031040,images/ISIC_0031040.jpg,masks/ISIC_0031040_segmentation.png
7885,val,ISIC_0026124,images/ISIC_0026124.jpg,masks/ISIC_0026124_segmentation.png
7886,val,ISIC_0026632,images/ISIC_0026632.jpg,masks/ISIC_0026632_segmentation.png
7887,val,ISIC_0029925,images/ISIC_0029925.jpg,masks/ISIC_0029925_segmentation.png
7888,val,ISIC_0031477,images/ISIC_0031477.jpg,masks/ISIC_0031477_segmentation.png
7889,val,ISIC_0031420,images/ISIC_0031420.jpg,masks/ISIC_0031420_segmentation.png
7890,val,ISIC_0032942,images/ISIC_0032942.jpg,masks/ISIC_0032942_segmentation.png
7891,val,ISIC_0027415,images/ISIC_0027415.jpg,masks/ISIC_0027415_segmentation.png
7892,val,ISIC_0030016,images/ISIC_0030016.jpg,masks/ISIC_0030016_segmentation.png
7893,val,ISIC_0027012,images/ISIC_0027012.jpg,masks/ISIC_0027012_segmentation.png
7894,val,ISIC_0031219,images/ISIC_0031219.jpg,masks/ISIC_0031219_segmentation.png
7895,val,ISIC_0028545,images/ISIC_0028545.jpg,masks/ISIC_0028545_segmentation.png
7896,val,ISIC_0032039,images/ISIC_0032039.jpg,masks/ISIC_0032039_segmentation.png
7897,val,ISIC_0034278,images/ISIC_0034278.jpg,masks/ISIC_0034278_segmentation.png
7898,val,ISIC_0028723,images/ISIC_0028723.jpg,masks/ISIC_0028723_segmentation.png
7899,val,ISIC_0029534,images/ISIC_0029534.jpg,masks/ISIC_0029534_segmentation.png
7900,val,ISIC_0027892,images/ISIC_0027892.jpg,masks/ISIC_0027892_segmentation.png
7901,val,ISIC_0032322,images/ISIC_0032322.jpg,masks/ISIC_0032322_segmentation.png
7902,val,ISIC_0032952,images/ISIC_0032952.jpg,masks/ISIC_0032952_segmentation.png
7903,val,ISIC_0032311,images/ISIC_0032311.jpg,masks/ISIC_0032311_segmentation.png
7904,val,ISIC_0027171,images/ISIC_0027171.jpg,masks/ISIC_0027171_segmentation.png
7905,val,ISIC_0029407,images/ISIC_0029407.jpg,masks/ISIC_0029407_segmentation.png
7906,val,ISIC_0032291,images/ISIC_0032291.jpg,masks/ISIC_0032291_segmentation.png
7907,val,ISIC_0028291,images/ISIC_0028291.jpg,masks/ISIC_0028291_segmentation.png
7908,val,ISIC_0027753,images/ISIC_0027753.jpg,masks/ISIC_0027753_segmentation.png
7909,val,ISIC_0029357,images/ISIC_0029357.jpg,masks/ISIC_0029357_segmentation.png
7910,val,ISIC_0034120,images/ISIC_0034120.jpg,masks/ISIC_0034120_segmentation.png
7911,val,ISIC_0030853,images/ISIC_0030853.jpg,masks/ISIC_0030853_segmentation.png
7912,val,ISIC_0030704,images/ISIC_0030704.jpg,masks/ISIC_0030704_segmentation.png
7913,val,ISIC_0034038,images/ISIC_0034038.jpg,masks/ISIC_0034038_segmentation.png
7914,val,ISIC_0033630,images/ISIC_0033630.jpg,masks/ISIC_0033630_segmentation.png
7915,val,ISIC_0034300,images/ISIC_0034300.jpg,masks/ISIC_0034300_segmentation.png
7916,val,ISIC_0033864,images/ISIC_0033864.jpg,masks/ISIC_0033864_segmentation.png
7917,val,ISIC_0031913,images/ISIC_0031913.jpg,masks/ISIC_0031913_segmentation.png
7918,val,ISIC_0025264,images/ISIC_0025264.jpg,masks/ISIC_0025264_segmentation.png
7919,val,ISIC_0033358,images/ISIC_0033358.jpg,masks/ISIC_0033358_segmentation.png
7920,val,ISIC_0032144,images/ISIC_0032144.jpg,masks/ISIC_0032144_segmentation.png
7921,val,ISIC_0026353,images/ISIC_0026353.jpg,masks/ISIC_0026353_segmentation.png
7922,val,ISIC_0029620,images/ISIC_0029620.jpg,masks/ISIC_0029620_segmentation.png
7923,val,ISIC_0033654,images/ISIC_0033654.jpg,masks/ISIC_0033654_segmentation.png
7924,val,ISIC_0030234,images/ISIC_0030234.jpg,masks/ISIC_0030234_segmentation.png
7925,val,ISIC_0026744,images/ISIC_0026744.jpg,masks/ISIC_0026744_segmentation.png
7926,val,ISIC_0027106,images/ISIC_0027106.jpg,masks/ISIC_0027106_segmentation.png
7927,val,ISIC_0027842,images/ISIC_0027842.jpg,masks/ISIC_0027842_segmentation.png
7928,val,ISIC_0026930,images/ISIC_0026930.jpg,masks/ISIC_0026930_segmentation.png
7929,val,ISIC_0033162,images/ISIC_0033162.jpg,masks/ISIC_0033162_segmentation.png
7930,val,ISIC_0031293,images/ISIC_0031293.jpg,masks/ISIC_0031293_segmentation.png
7931,val,ISIC_0032542,images/ISIC_0032542.jpg,masks/ISIC_0032542_segmentation.png
7932,val,ISIC_0027389,images/ISIC_0027389.jpg,masks/ISIC_0027389_segmentation.png
7933,val,ISIC_0027899,images/ISIC_0027899.jpg,masks/ISIC_0027899_segmentation.png
7934,val,ISIC_0024331,images/ISIC_0024331.jpg,masks/ISIC_0024331_segmentation.png
7935,val,ISIC_0026349,images/ISIC_0026349.jpg,masks/ISIC_0026349_segmentation.png
7936,val,ISIC_0029769,images/ISIC_0029769.jpg,masks/ISIC_0029769_segmentation.png
7937,val,ISIC_0025038,images/ISIC_0025038.jpg,masks/ISIC_0025038_segmentation.png
7938,val,ISIC_0034008,images/ISIC_0034008.jpg,masks/ISIC_0034008_segmentation.png
7939,val,ISIC_0028273,images/ISIC_0028273.jpg,masks/ISIC_0028273_segmentation.png
7940,val,ISIC_0031257,images/ISIC_0031257.jpg,masks/ISIC_0031257_segmentation.png
7941,val,ISIC_0027981,images/ISIC_0027981.jpg,masks/ISIC_0027981_segmentation.png
7942,val,ISIC_0032963,images/ISIC_0032963.jpg,masks/ISIC_0032963_segmentation.png
7943,val,ISIC_0032681,images/ISIC_0032681.jpg,masks/ISIC_0032681_segmentation.png
7944,val,ISIC_0025916,images/ISIC_0025916.jpg,masks/ISIC_0025916_segmentation.png
7945,val,ISIC_0025659,images/ISIC_0025659.jpg,masks/ISIC_0025659_segmentation.png
7946,val,ISIC_0025578,images/ISIC_0025578.jpg,masks/ISIC_0025578_segmentation.png
7947,val,ISIC_0029414,images/ISIC_0029414.jpg,masks/ISIC_0029414_segmentation.png
7948,val,ISIC_0026962,images/ISIC_0026962.jpg,masks/ISIC_0026962_segmentation.png
7949,val,ISIC_0030689,images/ISIC_0030689.jpg,masks/ISIC_0030689_segmentation.png
7950,val,ISIC_0028808,images/ISIC_0028808.jpg,masks/ISIC_0028808_segmentation.png
7951,val,ISIC_0030826,images/ISIC_0030826.jpg,masks/ISIC_0030826_segmentation.png
7952,val,ISIC_0026943,images/ISIC_0026943.jpg,masks/ISIC_0026943_segmentation.png
7953,val,ISIC_0030431,images/ISIC_0030431.jpg,masks/ISIC_0030431_segmentation.png
7954,val,ISIC_0034072,images/ISIC_0034072.jpg,masks/ISIC_0034072_segmentation.png
7955,val,ISIC_0024945,images/ISIC_0024945.jpg,masks/ISIC_0024945_segmentation.png
7956,val,ISIC_0028435,images/ISIC_0028435.jpg,masks/ISIC_0028435_segmentation.png
7957,val,ISIC_0028397,images/ISIC_0028397.jpg,masks/ISIC_0028397_segmentation.png
7958,val,ISIC_0030238,images/ISIC_0030238.jpg,masks/ISIC_0030238_segmentation.png
7959,val,ISIC_0025410,images/ISIC_0025410.jpg,masks/ISIC_0025410_segmentation.png
7960,val,ISIC_0024723,images/ISIC_0024723.jpg,masks/ISIC_0024723_segmentation.png
7961,val,ISIC_0028183,images/ISIC_0028183.jpg,masks/ISIC_0028183_segmentation.png
7962,val,ISIC_0032295,images/ISIC_0032295.jpg,masks/ISIC_0032295_segmentation.png
7963,val,ISIC_0027612,images/ISIC_0027612.jpg,masks/ISIC_0027612_segmentation.png
7964,val,ISIC_0032300,images/ISIC_0032300.jpg,masks/ISIC_0032300_segmentation.png
7965,val,ISIC_0030061,images/ISIC_0030061.jpg,masks/ISIC_0030061_segmentation.png
7966,val,ISIC_0032437,images/ISIC_0032437.jpg,masks/ISIC_0032437_segmentation.png
7967,val,ISIC_0028209,images/ISIC_0028209.jpg,masks/ISIC_0028209_segmentation.png
7968,val,ISIC_0024550,images/ISIC_0024550.jpg,masks/ISIC_0024550_segmentation.png
7969,val,ISIC_0030376,images/ISIC_0030376.jpg,masks/ISIC_0030376_segmentation.png
7970,val,ISIC_0030157,images/ISIC_0030157.jpg,masks/ISIC_0030157_segmentation.png
7971,val,ISIC_0026246,images/ISIC_0026246.jpg,masks/ISIC_0026246_segmentation.png
7972,val,ISIC_0031240,images/ISIC_0031240.jpg,masks/ISIC_0031240_segmentation.png
7973,val,ISIC_0034186,images/ISIC_0034186.jpg,masks/ISIC_0034186_segmentation.png
7974,val,ISIC_0025567,images/ISIC_0025567.jpg,masks/ISIC_0025567_segmentation.png
7975,val,ISIC_0025902,images/ISIC_0025902.jpg,masks/ISIC_0025902_segmentation.png
7976,val,ISIC_0031352,images/ISIC_0031352.jpg,masks/ISIC_0031352_segmentation.png
7977,val,ISIC_0030615,images/ISIC_0030615.jpg,masks/ISIC_0030615_segmentation.png
7978,val,ISIC_0034079,images/ISIC_0034079.jpg,masks/ISIC_0034079_segmentation.png
7979,val,ISIC_0026359,images/ISIC_0026359.jpg,masks/ISIC_0026359_segmentation.png
7980,val,ISIC_0032358,images/ISIC_0032358.jpg,masks/ISIC_0032358_segmentation.png
7981,val,ISIC_0029910,images/ISIC_0029910.jpg,masks/ISIC_0029910_segmentation.png
7982,val,ISIC_0024339,images/ISIC_0024339.jpg,masks/ISIC_0024339_segmentation.png
7983,val,ISIC_0027131,images/ISIC_0027131.jpg,masks/ISIC_0027131_segmentation.png
7984,val,ISIC_0028797,images/ISIC_0028797.jpg,masks/ISIC_0028797_segmentation.png
7985,val,ISIC_0030563,images/ISIC_0030563.jpg,masks/ISIC_0030563_segmentation.png
7986,val,ISIC_0027159,images/ISIC_0027159.jpg,masks/ISIC_0027159_segmentation.png
7987,val,ISIC_0027606,images/ISIC_0027606.jpg,masks/ISIC_0027606_segmentation.png
7988,val,ISIC_0033705,images/ISIC_0033705.jpg,masks/ISIC_0033705_segmentation.png
7989,val,ISIC_0025665,images/ISIC_0025665.jpg,masks/ISIC_0025665_segmentation.png
7990,val,ISIC_0025433,images/ISIC_0025433.jpg,masks/ISIC_0025433_segmentation.png
7991,val,ISIC_0030505,images/ISIC_0030505.jpg,masks/ISIC_0030505_segmentation.png
7992,val,ISIC_0031063,images/ISIC_0031063.jpg,masks/ISIC_0031063_segmentation.png
7993,val,ISIC_0032965,images/ISIC_0032965.jpg,masks/ISIC_0032965_segmentation.png
7994,val,ISIC_0030201,images/ISIC_0030201.jpg,masks/ISIC_0030201_segmentation.png
7995,val,ISIC_0028960,images/ISIC_0028960.jpg,masks/ISIC_0028960_segmentation.png
7996,val,ISIC_0034142,images/ISIC_0034142.jpg,masks/ISIC_0034142_segmentation.png
7997,val,ISIC_0029341,images/ISIC_0029341.jpg,masks/ISIC_0029341_segmentation.png
7998,val,ISIC_0027692,images/ISIC_0027692.jpg,masks/ISIC_0027692_segmentation.png
7999,val,ISIC_0032898,images/ISIC_0032898.jpg,masks/ISIC_0032898_segmentation.png
8000,val,ISIC_0032225,images/ISIC_0032225.jpg,masks/ISIC_0032225_segmentation.png
8001,val,ISIC_0027326,images/ISIC_0027326.jpg,masks/ISIC_0027326_segmentation.png
8002,val,ISIC_0026337,images/ISIC_0026337.jpg,masks/ISIC_0026337_segmentation.png
8003,val,ISIC_0026405,images/ISIC_0026405.jpg,masks/ISIC_0026405_segmentation.png
8004,val,ISIC_0033793,images/ISIC_0033793.jpg,masks/ISIC_0033793_segmentation.png
8005,val,ISIC_0034290,images/ISIC_0034290.jpg,masks/ISIC_0034290_segmentation.png
8006,val,ISIC_0031374,images/ISIC_0031374.jpg,masks/ISIC_0031374_segmentation.png
8007,val,ISIC_0027600,images/ISIC_0027600.jpg,masks/ISIC_0027600_segmentation.png
8008,val,ISIC_0032182,images/ISIC_0032182.jpg,masks/ISIC_0032182_segmentation.png
8009,val,ISIC_0029230,images/ISIC_0029230.jpg,masks/ISIC_0029230_segmentation.png
8010,val,ISIC_0034042,images/ISIC_0034042.jpg,masks/ISIC_0034042_segmentation.png
8011,val,ISIC_0032819,images/ISIC_0032819.jpg,masks/ISIC_0032819_segmentation.png
8012,val,ISIC_0028996,images/ISIC_0028996.jpg,masks/ISIC_0028996_segmentation.png
8013,val,ISIC_0033928,images/ISIC_0033928.jpg,masks/ISIC_0033928_segmentation.png
8014,val,ISIC_0027711,images/ISIC_0027711.jpg,masks/ISIC_0027711_segmentation.png
8015,val,ISIC_0027378,images/ISIC_0027378.jpg,masks/ISIC_0027378_segmentation.png
8016,val,ISIC_0026957,images/ISIC_0026957.jpg,masks/ISIC_0026957_segmentation.png
8017,val,ISIC_0026932,images/ISIC_0026932.jpg,masks/ISIC_0026932_segmentation.png
8018,val,ISIC_0028572,images/ISIC_0028572.jpg,masks/ISIC_0028572_segmentation.png
8019,val,ISIC_0025129,images/ISIC_0025129.jpg,masks/ISIC_0025129_segmentation.png
8020,val,ISIC_0029190,images/ISIC_0029190.jpg,masks/ISIC_0029190_segmentation.png
8021,val,ISIC_0030960,images/ISIC_0030960.jpg,masks/ISIC_0030960_segmentation.png
8022,val,ISIC_0027617,images/ISIC_0027617.jpg,masks/ISIC_0027617_segmentation.png
8023,val,ISIC_0032172,images/ISIC_0032172.jpg,masks/ISIC_0032172_segmentation.png
8024,val,ISIC_0026684,images/ISIC_0026684.jpg,masks/ISIC_0026684_segmentation.png
8025,val,ISIC_0027304,images/ISIC_0027304.jpg,masks/ISIC_0027304_segmentation.png
8026,val,ISIC_0030817,images/ISIC_0030817.jpg,masks/ISIC_0030817_segmentation.png
8027,val,ISIC_0032666,images/ISIC_0032666.jpg,masks/ISIC_0032666_segmentation.png
8028,val,ISIC_0028313,images/ISIC_0028313.jpg,masks/ISIC_0028313_segmentation.png
8029,val,ISIC_0026065,images/ISIC_0026065.jpg,masks/ISIC_0026065_segmentation.png
8030,val,ISIC_0028361,images/ISIC_0028361.jpg,masks/ISIC_0028361_segmentation.png
8031,val,ISIC_0027633,images/ISIC_0027633.jpg,masks/ISIC_0027633_segmentation.png
8032,val,ISIC_0025506,images/ISIC_0025506.jpg,masks/ISIC_0025506_segmentation.png
8033,val,ISIC_0025347,images/ISIC_0025347.jpg,masks/ISIC_0025347_segmentation.png
8034,val,ISIC_0034055,images/ISIC_0034055.jpg,masks/ISIC_0034055_segmentation.png
8035,val,ISIC_0031841,images/ISIC_0031841.jpg,masks/ISIC_0031841_segmentation.png
8036,val,ISIC_0030949,images/ISIC_0030949.jpg,masks/ISIC_0030949_segmentation.png
8037,val,ISIC_0030159,images/ISIC_0030159.jpg,masks/ISIC_0030159_segmentation.png
8038,val,ISIC_0030998,images/ISIC_0030998.jpg,masks/ISIC_0030998_segmentation.png
8039,val,ISIC_0026626,images/ISIC_0026626.jpg,masks/ISIC_0026626_segmentation.png
8040,val,ISIC_0030304,images/ISIC_0030304.jpg,masks/ISIC_0030304_segmentation.png
8041,val,ISIC_0030861,images/ISIC_0030861.jpg,masks/ISIC_0030861_segmentation.png
8042,val,ISIC_0031498,images/ISIC_0031498.jpg,masks/ISIC_0031498_segmentation.png
8043,val,ISIC_0031692,images/ISIC_0031692.jpg,masks/ISIC_0031692_segmentation.png
8044,val,ISIC_0025166,images/ISIC_0025166.jpg,masks/ISIC_0025166_segmentation.png
8045,val,ISIC_0026958,images/ISIC_0026958.jpg,masks/ISIC_0026958_segmentation.png
8046,val,ISIC_0033038,images/ISIC_0033038.jpg,masks/ISIC_0033038_segmentation.png
8047,val,ISIC_0025732,images/ISIC_0025732.jpg,masks/ISIC_0025732_segmentation.png
8048,val,ISIC_0026905,images/ISIC_0026905.jpg,masks/ISIC_0026905_segmentation.png
8049,val,ISIC_0028436,images/ISIC_0028436.jpg,masks/ISIC_0028436_segmentation.png
8050,val,ISIC_0030378,images/ISIC_0030378.jpg,masks/ISIC_0030378_segmentation.png
8051,val,ISIC_0028768,images/ISIC_0028768.jpg,masks/ISIC_0028768_segmentation.png
8052,val,ISIC_0026326,images/ISIC_0026326.jpg,masks/ISIC_0026326_segmentation.png
8053,val,ISIC_0026066,images/ISIC_0026066.jpg,masks/ISIC_0026066_segmentation.png
8054,val,ISIC_0033715,images/ISIC_0033715.jpg,masks/ISIC_0033715_segmentation.png
8055,val,ISIC_0025293,images/ISIC_0025293.jpg,masks/ISIC_0025293_segmentation.png
8056,val,ISIC_0026728,images/ISIC_0026728.jpg,masks/ISIC_0026728_segmentation.png
8057,val,ISIC_0027801,images/ISIC_0027801.jpg,masks/ISIC_0027801_segmentation.png
8058,val,ISIC_0030292,images/ISIC_0030292.jpg,masks/ISIC_0030292_segmentation.png
8059,val,ISIC_0025628,images/ISIC_0025628.jpg,masks/ISIC_0025628_segmentation.png
8060,val,ISIC_0031767,images/ISIC_0031767.jpg,masks/ISIC_0031767_segmentation.png
8061,val,ISIC_0029379,images/ISIC_0029379.jpg,masks/ISIC_0029379_segmentation.png
8062,val,ISIC_0025319,images/ISIC_0025319.jpg,masks/ISIC_0025319_segmentation.png
8063,val,ISIC_0033941,images/ISIC_0033941.jpg,masks/ISIC_0033941_segmentation.png
8064,val,ISIC_0032003,images/ISIC_0032003.jpg,masks/ISIC_0032003_segmentation.png
8065,val,ISIC_0025288,images/ISIC_0025288.jpg,masks/ISIC_0025288_segmentation.png
8066,val,ISIC_0031370,images/ISIC_0031370.jpg,masks/ISIC_0031370_segmentation.png
8067,val,ISIC_0031310,images/ISIC_0031310.jpg,masks/ISIC_0031310_segmentation.png
8068,val,ISIC_0030863,images/ISIC_0030863.jpg,masks/ISIC_0030863_segmentation.png
8069,val,ISIC_0031662,images/ISIC_0031662.jpg,masks/ISIC_0031662_segmentation.png
8070,val,ISIC_0031632,images/ISIC_0031632.jpg,masks/ISIC_0031632_segmentation.png
8071,val,ISIC_0030776,images/ISIC_0030776.jpg,masks/ISIC_0030776_segmentation.png
8072,val,ISIC_0029480,images/ISIC_0029480.jpg,masks/ISIC_0029480_segmentation.png
8073,val,ISIC_0031983,images/ISIC_0031983.jpg,masks/ISIC_0031983_segmentation.png
8074,val,ISIC_0025261,images/ISIC_0025261.jpg,masks/ISIC_0025261_segmentation.png
8075,val,ISIC_0030078,images/ISIC_0030078.jpg,masks/ISIC_0030078_segmentation.png
8076,val,ISIC_0030782,images/ISIC_0030782.jpg,masks/ISIC_0030782_segmentation.png
8077,val,ISIC_0029818,images/ISIC_0029818.jpg,masks/ISIC_0029818_segmentation.png
8078,val,ISIC_0028594,images/ISIC_0028594.jpg,masks/ISIC_0028594_segmentation.png
8079,val,ISIC_0033653,images/ISIC_0033653.jpg,masks/ISIC_0033653_segmentation.png
8080,val,ISIC_0027959,images/ISIC_0027959.jpg,masks/ISIC_0027959_segmentation.png
8081,val,ISIC_0029630,images/ISIC_0029630.jpg,masks/ISIC_0029630_segmentation.png
8082,val,ISIC_0025339,images/ISIC_0025339.jpg,masks/ISIC_0025339_segmentation.png
8083,val,ISIC_0027300,images/ISIC_0027300.jpg,masks/ISIC_0027300_segmentation.png
8084,val,ISIC_0031631,images/ISIC_0031631.jpg,masks/ISIC_0031631_segmentation.png
8085,val,ISIC_0033393,images/ISIC_0033393.jpg,masks/ISIC_0033393_segmentation.png
8086,val,ISIC_0027512,images/ISIC_0027512.jpg,masks/ISIC_0027512_segmentation.png
8087,val,ISIC_0031742,images/ISIC_0031742.jpg,masks/ISIC_0031742_segmentation.png
8088,val,ISIC_0025436,images/ISIC_0025436.jpg,masks/ISIC_0025436_segmentation.png
8089,val,ISIC_0024355,images/ISIC_0024355.jpg,masks/ISIC_0024355_segmentation.png
8090,val,ISIC_0031286,images/ISIC_0031286.jpg,masks/ISIC_0031286_segmentation.png
8091,val,ISIC_0027233,images/ISIC_0027233.jpg,masks/ISIC_0027233_segmentation.png
8092,val,ISIC_0028370,images/ISIC_0028370.jpg,masks/ISIC_0028370_segmentation.png
8093,val,ISIC_0025299,images/ISIC_0025299.jpg,masks/ISIC_0025299_segmentation.png
8094,val,ISIC_0031968,images/ISIC_0031968.jpg,masks/ISIC_0031968_segmentation.png
8095,val,ISIC_0033012,images/ISIC_0033012.jpg,masks/ISIC_0033012_segmentation.png
8096,val,ISIC_0031081,images/ISIC_0031081.jpg,masks/ISIC_0031081_segmentation.png
8097,val,ISIC_0030543,images/ISIC_0030543.jpg,masks/ISIC_0030543_segmentation.png
8098,val,ISIC_0030515,images/ISIC_0030515.jpg,masks/ISIC_0030515_segmentation.png
8099,val,ISIC_0031031,images/ISIC_0031031.jpg,masks/ISIC_0031031_segmentation.png
8100,val,ISIC_0030116,images/ISIC_0030116.jpg,masks/ISIC_0030116_segmentation.png
8101,val,ISIC_0029351,images/ISIC_0029351.jpg,masks/ISIC_0029351_segmentation.png
8102,val,ISIC_0028856,images/ISIC_0028856.jpg,masks/ISIC_0028856_segmentation.png
8103,val,ISIC_0026574,images/ISIC_0026574.jpg,masks/ISIC_0026574_segmentation.png
8104,val,ISIC_0026915,images/ISIC_0026915.jpg,masks/ISIC_0026915_segmentation.png
8105,val,ISIC_0033670,images/ISIC_0033670.jpg,masks/ISIC_0033670_segmentation.png
8106,val,ISIC_0031147,images/ISIC_0031147.jpg,masks/ISIC_0031147_segmentation.png
8107,val,ISIC_0024769,images/ISIC_0024769.jpg,masks/ISIC_0024769_segmentation.png
8108,val,ISIC_0034179,images/ISIC_0034179.jpg,masks/ISIC_0034179_segmentation.png
8109,val,ISIC_0026622,images/ISIC_0026622.jpg,masks/ISIC_0026622_segmentation.png
8110,val,ISIC_0030446,images/ISIC_0030446.jpg,masks/ISIC_0030446_segmentation.png
8111,val,ISIC_0033066,images/ISIC_0033066.jpg,masks/ISIC_0033066_segmentation.png
8112,val,ISIC_0027679,images/ISIC_0027679.jpg,masks/ISIC_0027679_segmentation.png
8113,val,ISIC_0031393,images/ISIC_0031393.jpg,masks/ISIC_0031393_segmentation.png
8114,val,ISIC_0033478,images/ISIC_0033478.jpg,masks/ISIC_0033478_segmentation.png
8115,val,ISIC_0032329,images/ISIC_0032329.jpg,masks/ISIC_0032329_segmentation.png
8116,val,ISIC_0030676,images/ISIC_0030676.jpg,masks/ISIC_0030676_segmentation.png
8117,val,ISIC_0027291,images/ISIC_0027291.jpg,masks/ISIC_0027291_segmentation.png
8118,val,ISIC_0032514,images/ISIC_0032514.jpg,masks/ISIC_0032514_segmentation.png
8119,val,ISIC_0034252,images/ISIC_0034252.jpg,masks/ISIC_0034252_segmentation.png
8120,val,ISIC_0033676,images/ISIC_0033676.jpg,masks/ISIC_0033676_segmentation.png
8121,val,ISIC_0034200,images/ISIC_0034200.jpg,masks/ISIC_0034200_segmentation.png
8122,val,ISIC_0024341,images/ISIC_0024341.jpg,masks/ISIC_0024341_segmentation.png
8123,val,ISIC_0032286,images/ISIC_0032286.jpg,masks/ISIC_0032286_segmentation.png
8124,val,ISIC_0030925,images/ISIC_0030925.jpg,masks/ISIC_0030925_segmentation.png
8125,val,ISIC_0028965,images/ISIC_0028965.jpg,masks/ISIC_0028965_segmentation.png
8126,val,ISIC_0031553,images/ISIC_0031553.jpg,masks/ISIC_0031553_segmentation.png
8127,val,ISIC_0031991,images/ISIC_0031991.jpg,masks/ISIC_0031991_segmentation.png
8128,val,ISIC_0030348,images/ISIC_0030348.jpg,masks/ISIC_0030348_segmentation.png
8129,val,ISIC_0027960,images/ISIC_0027960.jpg,masks/ISIC_0027960_segmentation.png
8130,val,ISIC_0026479,images/ISIC_0026479.jpg,masks/ISIC_0026479_segmentation.png
8131,val,ISIC_0028026,images/ISIC_0028026.jpg,masks/ISIC_0028026_segmentation.png
8132,val,ISIC_0026834,images/ISIC_0026834.jpg,masks/ISIC_0026834_segmentation.png
8133,val,ISIC_0029951,images/ISIC_0029951.jpg,masks/ISIC_0029951_segmentation.png
8134,val,ISIC_0024352,images/ISIC_0024352.jpg,masks/ISIC_0024352_segmentation.png
8135,val,ISIC_0027420,images/ISIC_0027420.jpg,masks/ISIC_0027420_segmentation.png
8136,val,ISIC_0032504,images/ISIC_0032504.jpg,masks/ISIC_0032504_segmentation.png
8137,val,ISIC_0026509,images/ISIC_0026509.jpg,masks/ISIC_0026509_segmentation.png
8138,val,ISIC_0030871,images/ISIC_0030871.jpg,masks/ISIC_0030871_segmentation.png
8139,val,ISIC_0027216,images/ISIC_0027216.jpg,masks/ISIC_0027216_segmentation.png
8140,val,ISIC_0034188,images/ISIC_0034188.jpg,masks/ISIC_0034188_segmentation.png
8141,val,ISIC_0029262,images/ISIC_0029262.jpg,masks/ISIC_0029262_segmentation.png
8142,val,ISIC_0033354,images/ISIC_0033354.jpg,masks/ISIC_0033354_segmentation.png
8143,val,ISIC_0027997,images/ISIC_0027997.jpg,masks/ISIC_0027997_segmentation.png
8144,val,ISIC_0031339,images/ISIC_0031339.jpg,masks/ISIC_0031339_segmentation.png
8145,val,ISIC_0029091,images/ISIC_0029091.jpg,masks/ISIC_0029091_segmentation.png
8146,val,ISIC_0024482,images/ISIC_0024482.jpg,masks/ISIC_0024482_segmentation.png
8147,val,ISIC_0026037,images/ISIC_0026037.jpg,masks/ISIC_0026037_segmentation.png
8148,val,ISIC_0028563,images/ISIC_0028563.jpg,masks/ISIC_0028563_segmentation.png
8149,val,ISIC_0030264,images/ISIC_0030264.jpg,masks/ISIC_0030264_segmentation.png
8150,val,ISIC_0026689,images/ISIC_0026689.jpg,masks/ISIC_0026689_segmentation.png
8151,val,ISIC_0033275,images/ISIC_0033275.jpg,masks/ISIC_0033275_segmentation.png
8152,val,ISIC_0034282,images/ISIC_0034282.jpg,masks/ISIC_0034282_segmentation.png
8153,val,ISIC_0031002,images/ISIC_0031002.jpg,masks/ISIC_0031002_segmentation.png
8154,val,ISIC_0027919,images/ISIC_0027919.jpg,masks/ISIC_0027919_segmentation.png
8155,val,ISIC_0032984,images/ISIC_0032984.jpg,masks/ISIC_0032984_segmentation.png
8156,val,ISIC_0029961,images/ISIC_0029961.jpg,masks/ISIC_0029961_segmentation.png
8157,val,ISIC_0026317,images/ISIC_0026317.jpg,masks/ISIC_0026317_segmentation.png
8158,val,ISIC_0026569,images/ISIC_0026569.jpg,masks/ISIC_0026569_segmentation.png
8159,val,ISIC_0024747,images/ISIC_0024747.jpg,masks/ISIC_0024747_segmentation.png
8160,val,ISIC_0025366,images/ISIC_0025366.jpg,masks/ISIC_0025366_segmentation.png
8161,val,ISIC_0025636,images/ISIC_0025636.jpg,masks/ISIC_0025636_segmentation.png
8162,val,ISIC_0033526,images/ISIC_0033526.jpg,masks/ISIC_0033526_segmentation.png
8163,val,ISIC_0033212,images/ISIC_0033212.jpg,masks/ISIC_0033212_segmentation.png
8164,val,ISIC_0033474,images/ISIC_0033474.jpg,masks/ISIC_0033474_segmentation.png
8165,val,ISIC_0026195,images/ISIC_0026195.jpg,masks/ISIC_0026195_segmentation.png
8166,val,ISIC_0030379,images/ISIC_0030379.jpg,masks/ISIC_0030379_segmentation.png
8167,val,ISIC_0026366,images/ISIC_0026366.jpg,masks/ISIC_0026366_segmentation.png
8168,val,ISIC_0031534,images/ISIC_0031534.jpg,masks/ISIC_0031534_segmentation.png
8169,val,ISIC_0031501,images/ISIC_0031501.jpg,masks/ISIC_0031501_segmentation.png
8170,val,ISIC_0026885,images/ISIC_0026885.jpg,masks/ISIC_0026885_segmentation.png
8171,val,ISIC_0032661,images/ISIC_0032661.jpg,masks/ISIC_0032661_segmentation.png
8172,val,ISIC_0029826,images/ISIC_0029826.jpg,masks/ISIC_0029826_segmentation.png
8173,val,ISIC_0032487,images/ISIC_0032487.jpg,masks/ISIC_0032487_segmentation.png
8174,val,ISIC_0028754,images/ISIC_0028754.jpg,masks/ISIC_0028754_segmentation.png
8175,val,ISIC_0025230,images/ISIC_0025230.jpg,masks/ISIC_0025230_segmentation.png
8176,val,ISIC_0028455,images/ISIC_0028455.jpg,masks/ISIC_0028455_segmentation.png
8177,val,ISIC_0033391,images/ISIC_0033391.jpg,masks/ISIC_0033391_segmentation.png
8178,val,ISIC_0028835,images/ISIC_0028835.jpg,masks/ISIC_0028835_segmentation.png
8179,val,ISIC_0033765,images/ISIC_0033765.jpg,masks/ISIC_0033765_segmentation.png
8180,val,ISIC_0025762,images/ISIC_0025762.jpg,masks/ISIC_0025762_segmentation.png
8181,val,ISIC_0032402,images/ISIC_0032402.jpg,masks/ISIC_0032402_segmentation.png
8182,val,ISIC_0033962,images/ISIC_0033962.jpg,masks/ISIC_0033962_segmentation.png
8183,val,ISIC_0027979,images/ISIC_0027979.jpg,masks/ISIC_0027979_segmentation.png
8184,val,ISIC_0028029,images/ISIC_0028029.jpg,masks/ISIC_0028029_segmentation.png
8185,val,ISIC_0026048,images/ISIC_0026048.jpg,masks/ISIC_0026048_segmentation.png
8186,val,ISIC_0032572,images/ISIC_0032572.jpg,masks/ISIC_0032572_segmentation.png
8187,val,ISIC_0028729,images/ISIC_0028729.jpg,masks/ISIC_0028729_segmentation.png
8188,val,ISIC_0032775,images/ISIC_0032775.jpg,masks/ISIC_0032775_segmentation.png
8189,val,ISIC_0033225,images/ISIC_0033225.jpg,masks/ISIC_0033225_segmentation.png
8190,val,ISIC_0025931,images/ISIC_0025931.jpg,masks/ISIC_0025931_segmentation.png
8191,val,ISIC_0025904,images/ISIC_0025904.jpg,masks/ISIC_0025904_segmentation.png
8192,val,ISIC_0027810,images/ISIC_0027810.jpg,masks/ISIC_0027810_segmentation.png
8193,val,ISIC_0026151,images/ISIC_0026151.jpg,masks/ISIC_0026151_segmentation.png
8194,val,ISIC_0028657,images/ISIC_0028657.jpg,masks/ISIC_0028657_segmentation.png
8195,val,ISIC_0026511,images/ISIC_0026511.jpg,masks/ISIC_0026511_segmentation.png
8196,val,ISIC_0028433,images/ISIC_0028433.jpg,masks/ISIC_0028433_segmentation.png
8197,val,ISIC_0029364,images/ISIC_0029364.jpg,masks/ISIC_0029364_segmentation.png
8198,val,ISIC_0028620,images/ISIC_0028620.jpg,masks/ISIC_0028620_segmentation.png
8199,val,ISIC_0032085,images/ISIC_0032085.jpg,masks/ISIC_0032085_segmentation.png
8200,val,ISIC_0026227,images/ISIC_0026227.jpg,masks/ISIC_0026227_segmentation.png
8201,val,ISIC_0025369,images/ISIC_0025369.jpg,masks/ISIC_0025369_segmentation.png
8202,val,ISIC_0024613,images/ISIC_0024613.jpg,masks/ISIC_0024613_segmentation.png
8203,val,ISIC_0028127,images/ISIC_0028127.jpg,masks/ISIC_0028127_segmentation.png
8204,val,ISIC_0024867,images/ISIC_0024867.jpg,masks/ISIC_0024867_segmentation.png
8205,val,ISIC_0024428,images/ISIC_0024428.jpg,masks/ISIC_0024428_segmentation.png
8206,val,ISIC_0027000,images/ISIC_0027000.jpg,masks/ISIC_0027000_segmentation.png
8207,val,ISIC_0025748,images/ISIC_0025748.jpg,masks/ISIC_0025748_segmentation.png
8208,val,ISIC_0029298,images/ISIC_0029298.jpg,masks/ISIC_0029298_segmentation.png
8209,val,ISIC_0029127,images/ISIC_0029127.jpg,masks/ISIC_0029127_segmentation.png
8210,val,ISIC_0024770,images/ISIC_0024770.jpg,masks/ISIC_0024770_segmentation.png
8211,val,ISIC_0033109,images/ISIC_0033109.jpg,masks/ISIC_0033109_segmentation.png
8212,val,ISIC_0029106,images/ISIC_0029106.jpg,masks/ISIC_0029106_segmentation.png
8213,val,ISIC_0030958,images/ISIC_0030958.jpg,masks/ISIC_0030958_segmentation.png
8214,val,ISIC_0032579,images/ISIC_0032579.jpg,masks/ISIC_0032579_segmentation.png
8215,val,ISIC_0028351,images/ISIC_0028351.jpg,masks/ISIC_0028351_segmentation.png
8216,val,ISIC_0029044,images/ISIC_0029044.jpg,masks/ISIC_0029044_segmentation.png
8217,val,ISIC_0031223,images/ISIC_0031223.jpg,masks/ISIC_0031223_segmentation.png
8218,val,ISIC_0024568,images/ISIC_0024568.jpg,masks/ISIC_0024568_segmentation.png
8219,val,ISIC_0027824,images/ISIC_0027824.jpg,masks/ISIC_0027824_segmentation.png
8220,val,ISIC_0028938,images/ISIC_0028938.jpg,masks/ISIC_0028938_segmentation.png
8221,val,ISIC_0032205,images/ISIC_0032205.jpg,masks/ISIC_0032205_segmentation.png
8222,val,ISIC_0027943,images/ISIC_0027943.jpg,masks/ISIC_0027943_segmentation.png
8223,val,ISIC_0029313,images/ISIC_0029313.jpg,masks/ISIC_0029313_segmentation.png
8224,val,ISIC_0027214,images/ISIC_0027214.jpg,masks/ISIC_0027214_segmentation.png
8225,val,ISIC_0029622,images/ISIC_0029622.jpg,masks/ISIC_0029622_segmentation.png
8226,val,ISIC_0025694,images/ISIC_0025694.jpg,masks/ISIC_0025694_segmentation.png
8227,val,ISIC_0028743,images/ISIC_0028743.jpg,masks/ISIC_0028743_segmentation.png
8228,val,ISIC_0028605,images/ISIC_0028605.jpg,masks/ISIC_0028605_segmentation.png
8229,val,ISIC_0031654,images/ISIC_0031654.jpg,masks/ISIC_0031654_segmentation.png
8230,val,ISIC_0028321,images/ISIC_0028321.jpg,masks/ISIC_0028321_segmentation.png
8231,val,ISIC_0026035,images/ISIC_0026035.jpg,masks/ISIC_0026035_segmentation.png
8232,val,ISIC_0032663,images/ISIC_0032663.jpg,masks/ISIC_0032663_segmentation.png
8233,val,ISIC_0028470,images/ISIC_0028470.jpg,masks/ISIC_0028470_segmentation.png
8234,val,ISIC_0029663,images/ISIC_0029663.jpg,masks/ISIC_0029663_segmentation.png
8235,val,ISIC_0030990,images/ISIC_0030990.jpg,masks/ISIC_0030990_segmentation.png
8236,val,ISIC_0026453,images/ISIC_0026453.jpg,masks/ISIC_0026453_segmentation.png
8237,val,ISIC_0026491,images/ISIC_0026491.jpg,masks/ISIC_0026491_segmentation.png
8238,val,ISIC_0024990,images/ISIC_0024990.jpg,masks/ISIC_0024990_segmentation.png
8239,val,ISIC_0026091,images/ISIC_0026091.jpg,masks/ISIC_0026091_segmentation.png
8240,val,ISIC_0032195,images/ISIC_0032195.jpg,masks/ISIC_0032195_segmentation.png
8241,val,ISIC_0033083,images/ISIC_0033083.jpg,masks/ISIC_0033083_segmentation.png
8242,val,ISIC_0030614,images/ISIC_0030614.jpg,masks/ISIC_0030614_segmentation.png
8243,val,ISIC_0024719,images/ISIC_0024719.jpg,masks/ISIC_0024719_segmentation.png
8244,val,ISIC_0027486,images/ISIC_0027486.jpg,masks/ISIC_0027486_segmentation.png
8245,val,ISIC_0033604,images/ISIC_0033604.jpg,masks/ISIC_0033604_segmentation.png
8246,val,ISIC_0031312,images/ISIC_0031312.jpg,masks/ISIC_0031312_segmentation.png
8247,val,ISIC_0030438,images/ISIC_0030438.jpg,masks/ISIC_0030438_segmentation.png
8248,val,ISIC_0030245,images/ISIC_0030245.jpg,masks/ISIC_0030245_segmentation.png
8249,val,ISIC_0027683,images/ISIC_0027683.jpg,masks/ISIC_0027683_segmentation.png
8250,val,ISIC_0027539,images/ISIC_0027539.jpg,masks/ISIC_0027539_segmentation.png
8251,val,ISIC_0032961,images/ISIC_0032961.jpg,masks/ISIC_0032961_segmentation.png
8252,val,ISIC_0033016,images/ISIC_0033016.jpg,masks/ISIC_0033016_segmentation.png
8253,val,ISIC_0024429,images/ISIC_0024429.jpg,masks/ISIC_0024429_segmentation.png
8254,val,ISIC_0032580,images/ISIC_0032580.jpg,masks/ISIC_0032580_segmentation.png
8255,val,ISIC_0031432,images/ISIC_0031432.jpg,masks/ISIC_0031432_segmentation.png
8256,val,ISIC_0030465,images/ISIC_0030465.jpg,masks/ISIC_0030465_segmentation.png
8257,val,ISIC_0027373,images/ISIC_0027373.jpg,masks/ISIC_0027373_segmentation.png
8258,val,ISIC_0025979,images/ISIC_0025979.jpg,masks/ISIC_0025979_segmentation.png
8259,val,ISIC_0031446,images/ISIC_0031446.jpg,masks/ISIC_0031446_segmentation.png
8260,val,ISIC_0026267,images/ISIC_0026267.jpg,masks/ISIC_0026267_segmentation.png
8261,val,ISIC_0025868,images/ISIC_0025868.jpg,masks/ISIC_0025868_segmentation.png
8262,val,ISIC_0031543,images/ISIC_0031543.jpg,masks/ISIC_0031543_segmentation.png
8263,val,ISIC_0025079,images/ISIC_0025079.jpg,masks/ISIC_0025079_segmentation.png
8264,val,ISIC_0029004,images/ISIC_0029004.jpg,masks/ISIC_0029004_segmentation.png
8265,val,ISIC_0027226,images/ISIC_0027226.jpg,masks/ISIC_0027226_segmentation.png
8266,val,ISIC_0030572,images/ISIC_0030572.jpg,masks/ISIC_0030572_segmentation.png
8267,val,ISIC_0027094,images/ISIC_0027094.jpg,masks/ISIC_0027094_segmentation.png
8268,val,ISIC_0026343,images/ISIC_0026343.jpg,masks/ISIC_0026343_segmentation.png
8269,val,ISIC_0027854,images/ISIC_0027854.jpg,masks/ISIC_0027854_segmentation.png
8270,val,ISIC_0030196,images/ISIC_0030196.jpg,masks/ISIC_0030196_segmentation.png
8271,val,ISIC_0026982,images/ISIC_0026982.jpg,masks/ISIC_0026982_segmentation.png
8272,val,ISIC_0025002,images/ISIC_0025002.jpg,masks/ISIC_0025002_segmentation.png
8273,val,ISIC_0033533,images/ISIC_0033533.jpg,masks/ISIC_0033533_segmentation.png
8274,val,ISIC_0030718,images/ISIC_0030718.jpg,masks/ISIC_0030718_segmentation.png
8275,val,ISIC_0027177,images/ISIC_0027177.jpg,masks/ISIC_0027177_segmentation.png
8276,val,ISIC_0025827,images/ISIC_0025827.jpg,masks/ISIC_0025827_segmentation.png
8277,val,ISIC_0028718,images/ISIC_0028718.jpg,masks/ISIC_0028718_segmentation.png
8278,val,ISIC_0032985,images/ISIC_0032985.jpg,masks/ISIC_0032985_segmentation.png
8279,val,ISIC_0027132,images/ISIC_0027132.jpg,masks/ISIC_0027132_segmentation.png
8280,val,ISIC_0026571,images/ISIC_0026571.jpg,masks/ISIC_0026571_segmentation.png
8281,val,ISIC_0031932,images/ISIC_0031932.jpg,masks/ISIC_0031932_segmentation.png
8282,val,ISIC_0030062,images/ISIC_0030062.jpg,masks/ISIC_0030062_segmentation.png
8283,val,ISIC_0027830,images/ISIC_0027830.jpg,masks/ISIC_0027830_segmentation.png
8284,val,ISIC_0033738,images/ISIC_0033738.jpg,masks/ISIC_0033738_segmentation.png
8285,val,ISIC_0031443,images/ISIC_0031443.jpg,masks/ISIC_0031443_segmentation.png
8286,val,ISIC_0027811,images/ISIC_0027811.jpg,masks/ISIC_0027811_segmentation.png
8287,val,ISIC_0029138,images/ISIC_0029138.jpg,masks/ISIC_0029138_segmentation.png
8288,val,ISIC_0033357,images/ISIC_0033357.jpg,masks/ISIC_0033357_segmentation.png
8289,val,ISIC_0029077,images/ISIC_0029077.jpg,masks/ISIC_0029077_segmentation.png
8290,val,ISIC_0024932,images/ISIC_0024932.jpg,masks/ISIC_0024932_segmentation.png
8291,val,ISIC_0026033,images/ISIC_0026033.jpg,masks/ISIC_0026033_segmentation.png
8292,val,ISIC_0027474,images/ISIC_0027474.jpg,masks/ISIC_0027474_segmentation.png
8293,val,ISIC_0029621,images/ISIC_0029621.jpg,masks/ISIC_0029621_segmentation.png
8294,val,ISIC_0033617,images/ISIC_0033617.jpg,masks/ISIC_0033617_segmentation.png
8295,val,ISIC_0029296,images/ISIC_0029296.jpg,masks/ISIC_0029296_segmentation.png
8296,val,ISIC_0027295,images/ISIC_0027295.jpg,masks/ISIC_0027295_segmentation.png
8297,val,ISIC_0033124,images/ISIC_0033124.jpg,masks/ISIC_0033124_segmentation.png
8298,val,ISIC_0027347,images/ISIC_0027347.jpg,masks/ISIC_0027347_segmentation.png
8299,val,ISIC_0029903,images/ISIC_0029903.jpg,masks/ISIC_0029903_segmentation.png
8300,val,ISIC_0030230,images/ISIC_0030230.jpg,masks/ISIC_0030230_segmentation.png
8301,val,ISIC_0028836,images/ISIC_0028836.jpg,masks/ISIC_0028836_segmentation.png
8302,val,ISIC_0030971,images/ISIC_0030971.jpg,masks/ISIC_0030971_segmentation.png
8303,val,ISIC_0033816,images/ISIC_0033816.jpg,masks/ISIC_0033816_segmentation.png
8304,val,ISIC_0029457,images/ISIC_0029457.jpg,masks/ISIC_0029457_segmentation.png
8305,val,ISIC_0032827,images/ISIC_0032827.jpg,masks/ISIC_0032827_segmentation.png
8306,val,ISIC_0029756,images/ISIC_0029756.jpg,masks/ISIC_0029756_segmentation.png
8307,val,ISIC_0026659,images/ISIC_0026659.jpg,masks/ISIC_0026659_segmentation.png
8308,val,ISIC_0033694,images/ISIC_0033694.jpg,masks/ISIC_0033694_segmentation.png
8309,val,ISIC_0033850,images/ISIC_0033850.jpg,masks/ISIC_0033850_segmentation.png
8310,val,ISIC_0028881,images/ISIC_0028881.jpg,masks/ISIC_0028881_segmentation.png
8311,val,ISIC_0034000,images/ISIC_0034000.jpg,masks/ISIC_0034000_segmentation.png
8312,val,ISIC_0032886,images/ISIC_0032886.jpg,masks/ISIC_0032886_segmentation.png
8313,val,ISIC_0028168,images/ISIC_0028168.jpg,masks/ISIC_0028168_segmentation.png
8314,val,ISIC_0031863,images/ISIC_0031863.jpg,masks/ISIC_0031863_segmentation.png
8315,val,ISIC_0025645,images/ISIC_0025645.jpg,masks/ISIC_0025645_segmentation.png
8316,val,ISIC_0034027,images/ISIC_0034027.jpg,masks/ISIC_0034027_segmentation.png
8317,val,ISIC_0024685,images/ISIC_0024685.jpg,masks/ISIC_0024685_segmentation.png
8318,val,ISIC_0026220,images/ISIC_0026220.jpg,masks/ISIC_0026220_segmentation.png
8319,val,ISIC_0024468,images/ISIC_0024468.jpg,masks/ISIC_0024468_segmentation.png
8320,val,ISIC_0033218,images/ISIC_0033218.jpg,masks/ISIC_0033218_segmentation.png
8321,val,ISIC_0024585,images/ISIC_0024585.jpg,masks/ISIC_0024585_segmentation.png
8322,val,ISIC_0030625,images/ISIC_0030625.jpg,masks/ISIC_0030625_segmentation.png
8323,val,ISIC_0028242,images/ISIC_0028242.jpg,masks/ISIC_0028242_segmentation.png
8324,val,ISIC_0024813,images/ISIC_0024813.jpg,masks/ISIC_0024813_segmentation.png
8325,val,ISIC_0030803,images/ISIC_0030803.jpg,masks/ISIC_0030803_segmentation.png
8326,val,ISIC_0034154,images/ISIC_0034154.jpg,masks/ISIC_0034154_segmentation.png
8327,val,ISIC_0032098,images/ISIC_0032098.jpg,masks/ISIC_0032098_segmentation.png
8328,val,ISIC_0033167,images/ISIC_0033167.jpg,masks/ISIC_0033167_segmentation.png
8329,val,ISIC_0028629,images/ISIC_0028629.jpg,masks/ISIC_0028629_segmentation.png
8330,val,ISIC_0030003,images/ISIC_0030003.jpg,masks/ISIC_0030003_segmentation.png
8331,val,ISIC_0028587,images/ISIC_0028587.jpg,masks/ISIC_0028587_segmentation.png
8332,val,ISIC_0027489,images/ISIC_0027489.jpg,masks/ISIC_0027489_segmentation.png
8333,val,ISIC_0028317,images/ISIC_0028317.jpg,masks/ISIC_0028317_segmentation.png
8334,val,ISIC_0030733,images/ISIC_0030733.jpg,masks/ISIC_0030733_segmentation.png
8335,val,ISIC_0030714,images/ISIC_0030714.jpg,masks/ISIC_0030714_segmentation.png
8336,val,ISIC_0025791,images/ISIC_0025791.jpg,masks/ISIC_0025791_segmentation.png
8337,val,ISIC_0028315,images/ISIC_0028315.jpg,masks/ISIC_0028315_segmentation.png
8338,val,ISIC_0027477,images/ISIC_0027477.jpg,masks/ISIC_0027477_segmentation.png
8339,val,ISIC_0027775,images/ISIC_0027775.jpg,masks/ISIC_0027775_segmentation.png
8340,val,ISIC_0027990,images/ISIC_0027990.jpg,masks/ISIC_0027990_segmentation.png
8341,val,ISIC_0024775,images/ISIC_0024775.jpg,masks/ISIC_0024775_segmentation.png
8342,val,ISIC_0028905,images/ISIC_0028905.jpg,masks/ISIC_0028905_segmentation.png
8343,val,ISIC_0030255,images/ISIC_0030255.jpg,masks/ISIC_0030255_segmentation.png
8344,val,ISIC_0026990,images/ISIC_0026990.jpg,masks/ISIC_0026990_segmentation.png
8345,val,ISIC_0032392,images/ISIC_0032392.jpg,masks/ISIC_0032392_segmentation.png
8346,val,ISIC_0032590,images/ISIC_0032590.jpg,masks/ISIC_0032590_segmentation.png
8347,val,ISIC_0032891,images/ISIC_0032891.jpg,masks/ISIC_0032891_segmentation.png
8348,val,ISIC_0024670,images/ISIC_0024670.jpg,masks/ISIC_0024670_segmentation.png
8349,val,ISIC_0028928,images/ISIC_0028928.jpg,masks/ISIC_0028928_segmentation.png
8350,val,ISIC_0031212,images/ISIC_0031212.jpg,masks/ISIC_0031212_segmentation.png
8351,val,ISIC_0027102,images/ISIC_0027102.jpg,masks/ISIC_0027102_segmentation.png
8352,val,ISIC_0029366,images/ISIC_0029366.jpg,masks/ISIC_0029366_segmentation.png
8353,val,ISIC_0032210,images/ISIC_0032210.jpg,masks/ISIC_0032210_segmentation.png
8354,val,ISIC_0027619,images/ISIC_0027619.jpg,masks/ISIC_0027619_segmentation.png
8355,val,ISIC_0028484,images/ISIC_0028484.jpg,masks/ISIC_0028484_segmentation.png
8356,val,ISIC_0028431,images/ISIC_0028431.jpg,masks/ISIC_0028431_segmentation.png
8357,val,ISIC_0025769,images/ISIC_0025769.jpg,masks/ISIC_0025769_segmentation.png
8358,val,ISIC_0029417,images/ISIC_0029417.jpg,masks/ISIC_0029417_segmentation.png
8359,val,ISIC_0027920,images/ISIC_0027920.jpg,masks/ISIC_0027920_segmentation.png
8360,val,ISIC_0032538,images/ISIC_0032538.jpg,masks/ISIC_0032538_segmentation.png
8361,val,ISIC_0029352,images/ISIC_0029352.jpg,masks/ISIC_0029352_segmentation.png
8362,val,ISIC_0028425,images/ISIC_0028425.jpg,masks/ISIC_0028425_segmentation.png
8363,val,ISIC_0029210,images/ISIC_0029210.jpg,masks/ISIC_0029210_segmentation.png
8364,val,ISIC_0028437,images/ISIC_0028437.jpg,masks/ISIC_0028437_segmentation.png
8365,val,ISIC_0025623,images/ISIC_0025623.jpg,masks/ISIC_0025623_segmentation.png
8366,val,ISIC_0032752,images/ISIC_0032752.jpg,masks/ISIC_0032752_segmentation.png
8367,val,ISIC_0028665,images/ISIC_0028665.jpg,masks/ISIC_0028665_segmentation.png
8368,val,ISIC_0024393,images/ISIC_0024393.jpg,masks/ISIC_0024393_segmentation.png
8369,val,ISIC_0034286,images/ISIC_0034286.jpg,masks/ISIC_0034286_segmentation.png
8370,val,ISIC_0031307,images/ISIC_0031307.jpg,masks/ISIC_0031307_segmentation.png
8371,val,ISIC_0030399,images/ISIC_0030399.jpg,masks/ISIC_0030399_segmentation.png
8372,val,ISIC_0026102,images/ISIC_0026102.jpg,masks/ISIC_0026102_segmentation.png
8373,val,ISIC_0033959,images/ISIC_0033959.jpg,masks/ISIC_0033959_segmentation.png
8374,val,ISIC_0025875,images/ISIC_0025875.jpg,masks/ISIC_0025875_segmentation.png
8375,val,ISIC_0029015,images/ISIC_0029015.jpg,masks/ISIC_0029015_segmentation.png
8376,val,ISIC_0030531,images/ISIC_0030531.jpg,masks/ISIC_0030531_segmentation.png
8377,val,ISIC_0029975,images/ISIC_0029975.jpg,masks/ISIC_0029975_segmentation.png
8378,val,ISIC_0029772,images/ISIC_0029772.jpg,masks/ISIC_0029772_segmentation.png
8379,val,ISIC_0030022,images/ISIC_0030022.jpg,masks/ISIC_0030022_segmentation.png
8380,val,ISIC_0028278,images/ISIC_0028278.jpg,masks/ISIC_0028278_segmentation.png
8381,val,ISIC_0033973,images/ISIC_0033973.jpg,masks/ISIC_0033973_segmentation.png
8382,val,ISIC_0028647,images/ISIC_0028647.jpg,masks/ISIC_0028647_segmentation.png
8383,val,ISIC_0032006,images/ISIC_0032006.jpg,masks/ISIC_0032006_segmentation.png
8384,val,ISIC_0032456,images/ISIC_0032456.jpg,masks/ISIC_0032456_segmentation.png
8385,val,ISIC_0024991,images/ISIC_0024991.jpg,masks/ISIC_0024991_segmentation.png
8386,val,ISIC_0033473,images/ISIC_0033473.jpg,masks/ISIC_0033473_segmentation.png
8387,val,ISIC_0026229,images/ISIC_0026229.jpg,masks/ISIC_0026229_segmentation.png
8388,val,ISIC_0027195,images/ISIC_0027195.jpg,masks/ISIC_0027195_segmentation.png
8389,val,ISIC_0029515,images/ISIC_0029515.jpg,masks/ISIC_0029515_segmentation.png
8390,val,ISIC_0024934,images/ISIC_0024934.jpg,masks/ISIC_0024934_segmentation.png
8391,val,ISIC_0027327,images/ISIC_0027327.jpg,masks/ISIC_0027327_segmentation.png
8392,val,ISIC_0028895,images/ISIC_0028895.jpg,masks/ISIC_0028895_segmentation.png
8393,val,ISIC_0032117,images/ISIC_0032117.jpg,masks/ISIC_0032117_segmentation.png
8394,val,ISIC_0030908,images/ISIC_0030908.jpg,masks/ISIC_0030908_segmentation.png
8395,val,ISIC_0033901,images/ISIC_0033901.jpg,masks/ISIC_0033901_segmentation.png
8396,val,ISIC_0024642,images/ISIC_0024642.jpg,masks/ISIC_0024642_segmentation.png
8397,val,ISIC_0029030,images/ISIC_0029030.jpg,masks/ISIC_0029030_segmentation.png
8398,val,ISIC_0030434,images/ISIC_0030434.jpg,masks/ISIC_0030434_segmentation.png
8399,val,ISIC_0025765,images/ISIC_0025765.jpg,masks/ISIC_0025765_segmentation.png
8400,val,ISIC_0030476,images/ISIC_0030476.jpg,masks/ISIC_0030476_segmentation.png
8401,val,ISIC_0030437,images/ISIC_0030437.jpg,masks/ISIC_0030437_segmentation.png
8402,val,ISIC_0028375,images/ISIC_0028375.jpg,masks/ISIC_0028375_segmentation.png
8403,val,ISIC_0025763,images/ISIC_0025763.jpg,masks/ISIC_0025763_segmentation.png
8404,val,ISIC_0027145,images/ISIC_0027145.jpg,masks/ISIC_0027145_segmentation.png
8405,val,ISIC_0030473,images/ISIC_0030473.jpg,masks/ISIC_0030473_segmentation.png
8406,val,ISIC_0025481,images/ISIC_0025481.jpg,masks/ISIC_0025481_segmentation.png
8407,val,ISIC_0034298,images/ISIC_0034298.jpg,masks/ISIC_0034298_segmentation.png
8408,val,ISIC_0030050,images/ISIC_0030050.jpg,masks/ISIC_0030050_segmentation.png
8409,val,ISIC_0032967,images/ISIC_0032967.jpg,masks/ISIC_0032967_segmentation.png
8410,val,ISIC_0032422,images/ISIC_0032422.jpg,masks/ISIC_0032422_segmentation.png
8411,val,ISIC_0032485,images/ISIC_0032485.jpg,masks/ISIC_0032485_segmentation.png
8412,val,ISIC_0032754,images/ISIC_0032754.jpg,masks/ISIC_0032754_segmentation.png
8413,val,ISIC_0026513,images/ISIC_0026513.jpg,masks/ISIC_0026513_segmentation.png
8414,val,ISIC_0028842,images/ISIC_0028842.jpg,masks/ISIC_0028842_segmentation.png
8415,val,ISIC_0029370,images/ISIC_0029370.jpg,masks/ISIC_0029370_segmentation.png
8416,val,ISIC_0032108,images/ISIC_0032108.jpg,masks/ISIC_0032108_segmentation.png
8417,val,ISIC_0031776,images/ISIC_0031776.jpg,masks/ISIC_0031776_segmentation.png
8418,val,ISIC_0029629,images/ISIC_0029629.jpg,masks/ISIC_0029629_segmentation.png
8419,val,ISIC_0028556,images/ISIC_0028556.jpg,masks/ISIC_0028556_segmentation.png
8420,val,ISIC_0030337,images/ISIC_0030337.jpg,masks/ISIC_0030337_segmentation.png
8421,val,ISIC_0029473,images/ISIC_0029473.jpg,masks/ISIC_0029473_segmentation.png
8422,val,ISIC_0034304,images/ISIC_0034304.jpg,masks/ISIC_0034304_segmentation.png
8423,val,ISIC_0024633,images/ISIC_0024633.jpg,masks/ISIC_0024633_segmentation.png
8424,val,ISIC_0024571,images/ISIC_0024571.jpg,masks/ISIC_0024571_segmentation.png
8425,val,ISIC_0030212,images/ISIC_0030212.jpg,masks/ISIC_0030212_segmentation.png
8426,val,ISIC_0033459,images/ISIC_0033459.jpg,masks/ISIC_0033459_segmentation.png
8427,val,ISIC_0026462,images/ISIC_0026462.jpg,masks/ISIC_0026462_segmentation.png
8428,val,ISIC_0030258,images/ISIC_0030258.jpg,masks/ISIC_0030258_segmentation.png
8429,val,ISIC_0024476,images/ISIC_0024476.jpg,masks/ISIC_0024476_segmentation.png
8430,val,ISIC_0030933,images/ISIC_0030933.jpg,masks/ISIC_0030933_segmentation.png
8431,val,ISIC_0028824,images/ISIC_0028824.jpg,masks/ISIC_0028824_segmentation.png
8432,val,ISIC_0025144,images/ISIC_0025144.jpg,masks/ISIC_0025144_segmentation.png
8433,val,ISIC_0031847,images/ISIC_0031847.jpg,masks/ISIC_0031847_segmentation.png
8434,val,ISIC_0026952,images/ISIC_0026952.jpg,masks/ISIC_0026952_segmentation.png
8435,val,ISIC_0030814,images/ISIC_0030814.jpg,masks/ISIC_0030814_segmentation.png
8436,val,ISIC_0024901,images/ISIC_0024901.jpg,masks/ISIC_0024901_segmentation.png
8437,val,ISIC_0024960,images/ISIC_0024960.jpg,masks/ISIC_0024960_segmentation.png
8438,val,ISIC_0027075,images/ISIC_0027075.jpg,masks/ISIC_0027075_segmentation.png
8439,val,ISIC_0026686,images/ISIC_0026686.jpg,masks/ISIC_0026686_segmentation.png
8440,val,ISIC_0029635,images/ISIC_0029635.jpg,masks/ISIC_0029635_segmentation.png
8441,val,ISIC_0030148,images/ISIC_0030148.jpg,masks/ISIC_0030148_segmentation.png
8442,val,ISIC_0031797,images/ISIC_0031797.jpg,masks/ISIC_0031797_segmentation.png
8443,val,ISIC_0028009,images/ISIC_0028009.jpg,masks/ISIC_0028009_segmentation.png
8444,val,ISIC_0024316,images/ISIC_0024316.jpg,masks/ISIC_0024316_segmentation.png
8445,val,ISIC_0028896,images/ISIC_0028896.jpg,masks/ISIC_0028896_segmentation.png
8446,val,ISIC_0030033,images/ISIC_0030033.jpg,masks/ISIC_0030033_segmentation.png
8447,val,ISIC_0027966,images/ISIC_0027966.jpg,masks/ISIC_0027966_segmentation.png
8448,val,ISIC_0024848,images/ISIC_0024848.jpg,masks/ISIC_0024848_segmentation.png
8449,val,ISIC_0033692,images/ISIC_0033692.jpg,masks/ISIC_0033692_segmentation.png
8450,val,ISIC_0033027,images/ISIC_0033027.jpg,masks/ISIC_0033027_segmentation.png
8451,val,ISIC_0025535,images/ISIC_0025535.jpg,masks/ISIC_0025535_segmentation.png
8452,val,ISIC_0030341,images/ISIC_0030341.jpg,masks/ISIC_0030341_segmentation.png
8453,val,ISIC_0032356,images/ISIC_0032356.jpg,masks/ISIC_0032356_segmentation.png
8454,val,ISIC_0025679,images/ISIC_0025679.jpg,masks/ISIC_0025679_segmentation.png
8455,val,ISIC_0028698,images/ISIC_0028698.jpg,masks/ISIC_0028698_segmentation.png
8456,val,ISIC_0031844,images/ISIC_0031844.jpg,masks/ISIC_0031844_segmentation.png
8457,val,ISIC_0030122,images/ISIC_0030122.jpg,masks/ISIC_0030122_segmentation.png
8458,val,ISIC_0032625,images/ISIC_0032625.jpg,masks/ISIC_0032625_segmentation.png
8459,val,ISIC_0025699,images/ISIC_0025699.jpg,masks/ISIC_0025699_segmentation.png
8460,val,ISIC_0024464,images/ISIC_0024464.jpg,masks/ISIC_0024464_segmentation.png
8461,val,ISIC_0028884,images/ISIC_0028884.jpg,masks/ISIC_0028884_segmentation.png
8462,val,ISIC_0031645,images/ISIC_0031645.jpg,masks/ISIC_0031645_segmentation.png
8463,val,ISIC_0027538,images/ISIC_0027538.jpg,masks/ISIC_0027538_segmentation.png
8464,val,ISIC_0032365,images/ISIC_0032365.jpg,masks/ISIC_0032365_segmentation.png
8465,val,ISIC_0031741,images/ISIC_0031741.jpg,masks/ISIC_0031741_segmentation.png
8466,val,ISIC_0024936,images/ISIC_0024936.jpg,masks/ISIC_0024936_segmentation.png
8467,val,ISIC_0032549,images/ISIC_0032549.jpg,masks/ISIC_0032549_segmentation.png
8468,val,ISIC_0025224,images/ISIC_0025224.jpg,masks/ISIC_0025224_segmentation.png
8469,val,ISIC_0029653,images/ISIC_0029653.jpg,masks/ISIC_0029653_segmentation.png
8470,val,ISIC_0028176,images/ISIC_0028176.jpg,masks/ISIC_0028176_segmentation.png
8471,val,ISIC_0029436,images/ISIC_0029436.jpg,masks/ISIC_0029436_segmentation.png
8472,val,ISIC_0025104,images/ISIC_0025104.jpg,masks/ISIC_0025104_segmentation.png
8473,val,ISIC_0027209,images/ISIC_0027209.jpg,masks/ISIC_0027209_segmentation.png
8474,val,ISIC_0028945,images/ISIC_0028945.jpg,masks/ISIC_0028945_segmentation.png
8475,val,ISIC_0030619,images/ISIC_0030619.jpg,masks/ISIC_0030619_segmentation.png
8476,val,ISIC_0026380,images/ISIC_0026380.jpg,masks/ISIC_0026380_segmentation.png
8477,val,ISIC_0033658,images/ISIC_0033658.jpg,masks/ISIC_0033658_segmentation.png
8478,val,ISIC_0030977,images/ISIC_0030977.jpg,masks/ISIC_0030977_segmentation.png
8479,val,ISIC_0025423,images/ISIC_0025423.jpg,masks/ISIC_0025423_segmentation.png
8480,val,ISIC_0024395,images/ISIC_0024395.jpg,masks/ISIC_0024395_segmentation.png
8481,val,ISIC_0027380,images/ISIC_0027380.jpg,masks/ISIC_0027380_segmentation.png
8482,val,ISIC_0027553,images/ISIC_0027553.jpg,masks/ISIC_0027553_segmentation.png
8483,val,ISIC_0027088,images/ISIC_0027088.jpg,masks/ISIC_0027088_segmentation.png
8484,val,ISIC_0024829,images/ISIC_0024829.jpg,masks/ISIC_0024829_segmentation.png
8485,val,ISIC_0032020,images/ISIC_0032020.jpg,masks/ISIC_0032020_segmentation.png
8486,val,ISIC_0030428,images/ISIC_0030428.jpg,masks/ISIC_0030428_segmentation.png
8487,val,ISIC_0027641,images/ISIC_0027641.jpg,masks/ISIC_0027641_segmentation.png
8488,val,ISIC_0033708,images/ISIC_0033708.jpg,masks/ISIC_0033708_segmentation.png
8489,val,ISIC_0030425,images/ISIC_0030425.jpg,masks/ISIC_0030425_segmentation.png
8490,val,ISIC_0033890,images/ISIC_0033890.jpg,masks/ISIC_0033890_segmentation.png
8491,val,ISIC_0028404,images/ISIC_0028404.jpg,masks/ISIC_0028404_segmentation.png
8492,val,ISIC_0033640,images/ISIC_0033640.jpg,masks/ISIC_0033640_segmentation.png
8493,val,ISIC_0032705,images/ISIC_0032705.jpg,masks/ISIC_0032705_segmentation.png
8494,val,ISIC_0033986,images/ISIC_0033986.jpg,masks/ISIC_0033986_segmentation.png
8495,val,ISIC_0032370,images/ISIC_0032370.jpg,masks/ISIC_0032370_segmentation.png
8496,val,ISIC_0033991,images/ISIC_0033991.jpg,masks/ISIC_0033991_segmentation.png
8497,val,ISIC_0025258,images/ISIC_0025258.jpg,masks/ISIC_0025258_segmentation.png
8498,val,ISIC_0032969,images/ISIC_0032969.jpg,masks/ISIC_0032969_segmentation.png
8499,val,ISIC_0030181,images/ISIC_0030181.jpg,masks/ISIC_0030181_segmentation.png
8500,val,ISIC_0033859,images/ISIC_0033859.jpg,masks/ISIC_0033859_segmentation.png
8501,val,ISIC_0025714,images/ISIC_0025714.jpg,masks/ISIC_0025714_segmentation.png
8502,val,ISIC_0027480,images/ISIC_0027480.jpg,masks/ISIC_0027480_segmentation.png
8503,val,ISIC_0026934,images/ISIC_0026934.jpg,masks/ISIC_0026934_segmentation.png
8504,val,ISIC_0029360,images/ISIC_0029360.jpg,masks/ISIC_0029360_segmentation.png
8505,val,ISIC_0025289,images/ISIC_0025289.jpg,masks/ISIC_0025289_segmentation.png
8506,val,ISIC_0032840,images/ISIC_0032840.jpg,masks/ISIC_0032840_segmentation.png
8507,val,ISIC_0025817,images/ISIC_0025817.jpg,masks/ISIC_0025817_segmentation.png
8508,val,ISIC_0034168,images/ISIC_0034168.jpg,masks/ISIC_0034168_segmentation.png
8509,val,ISIC_0027646,images/ISIC_0027646.jpg,masks/ISIC_0027646_segmentation.png
8510,val,ISIC_0024514,images/ISIC_0024514.jpg,masks/ISIC_0024514_segmentation.png
8511,val,ISIC_0027323,images/ISIC_0027323.jpg,masks/ISIC_0027323_segmentation.png
8512,val,ISIC_0027461,images/ISIC_0027461.jpg,masks/ISIC_0027461_segmentation.png
8513,val,ISIC_0024324,images/ISIC_0024324.jpg,masks/ISIC_0024324_segmentation.png
8514,val,ISIC_0033750,images/ISIC_0033750.jpg,masks/ISIC_0033750_segmentation.png
8515,val,ISIC_0032629,images/ISIC_0032629.jpg,masks/ISIC_0032629_segmentation.png
8516,val,ISIC_0024772,images/ISIC_0024772.jpg,masks/ISIC_0024772_segmentation.png
8517,val,ISIC_0032355,images/ISIC_0032355.jpg,masks/ISIC_0032355_segmentation.png
8518,val,ISIC_0024725,images/ISIC_0024725.jpg,masks/ISIC_0024725_segmentation.png
8519,val,ISIC_0026568,images/ISIC_0026568.jpg,masks/ISIC_0026568_segmentation.png
8520,val,ISIC_0034307,images/ISIC_0034307.jpg,masks/ISIC_0034307_segmentation.png
8521,val,ISIC_0033930,images/ISIC_0033930.jpg,masks/ISIC_0033930_segmentation.png
8522,val,ISIC_0025390,images/ISIC_0025390.jpg,masks/ISIC_0025390_segmentation.png
8523,val,ISIC_0033234,images/ISIC_0033234.jpg,masks/ISIC_0033234_segmentation.png
8524,val,ISIC_0030677,images/ISIC_0030677.jpg,masks/ISIC_0030677_segmentation.png
8525,val,ISIC_0032829,images/ISIC_0032829.jpg,masks/ISIC_0032829_segmentation.png
8526,val,ISIC_0025915,images/ISIC_0025915.jpg,masks/ISIC_0025915_segmentation.png
8527,val,ISIC_0030151,images/ISIC_0030151.jpg,masks/ISIC_0030151_segmentation.png
8528,val,ISIC_0030591,images/ISIC_0030591.jpg,masks/ISIC_0030591_segmentation.png
8529,val,ISIC_0027251,images/ISIC_0027251.jpg,masks/ISIC_0027251_segmentation.png
8530,val,ISIC_0027381,images/ISIC_0027381.jpg,masks/ISIC_0027381_segmentation.png
8531,val,ISIC_0027015,images/ISIC_0027015.jpg,masks/ISIC_0027015_segmentation.png
8532,val,ISIC_0024940,images/ISIC_0024940.jpg,masks/ISIC_0024940_segmentation.png
8533,val,ISIC_0032988,images/ISIC_0032988.jpg,masks/ISIC_0032988_segmentation.png
8534,val,ISIC_0024398,images/ISIC_0024398.jpg,masks/ISIC_0024398_segmentation.png
8535,val,ISIC_0029124,images/ISIC_0029124.jpg,masks/ISIC_0029124_segmentation.png
8536,val,ISIC_0028780,images/ISIC_0028780.jpg,masks/ISIC_0028780_segmentation.png
8537,val,ISIC_0032495,images/ISIC_0032495.jpg,masks/ISIC_0032495_segmentation.png
8538,val,ISIC_0028252,images/ISIC_0028252.jpg,masks/ISIC_0028252_segmentation.png
8539,val,ISIC_0028180,images/ISIC_0028180.jpg,masks/ISIC_0028180_segmentation.png
8540,val,ISIC_0027139,images/ISIC_0027139.jpg,masks/ISIC_0027139_segmentation.png
8541,val,ISIC_0026607,images/ISIC_0026607.jpg,masks/ISIC_0026607_segmentation.png
8542,val,ISIC_0028158,images/ISIC_0028158.jpg,masks/ISIC_0028158_segmentation.png
8543,val,ISIC_0030066,images/ISIC_0030066.jpg,masks/ISIC_0030066_segmentation.png
8544,val,ISIC_0027246,images/ISIC_0027246.jpg,masks/ISIC_0027246_segmentation.png
8545,val,ISIC_0026215,images/ISIC_0026215.jpg,masks/ISIC_0026215_segmentation.png
8546,val,ISIC_0033818,images/ISIC_0033818.jpg,masks/ISIC_0033818_segmentation.png
8547,val,ISIC_0028968,images/ISIC_0028968.jpg,masks/ISIC_0028968_segmentation.png
8548,val,ISIC_0029119,images/ISIC_0029119.jpg,masks/ISIC_0029119_segmentation.png
8549,val,ISIC_0026219,images/ISIC_0026219.jpg,masks/ISIC_0026219_segmentation.png
8550,val,ISIC_0026882,images/ISIC_0026882.jpg,masks/ISIC_0026882_segmentation.png
8551,val,ISIC_0034096,images/ISIC_0034096.jpg,masks/ISIC_0034096_segmentation.png
8552,val,ISIC_0028165,images/ISIC_0028165.jpg,masks/ISIC_0028165_segmentation.png
8553,val,ISIC_0026082,images/ISIC_0026082.jpg,masks/ISIC_0026082_segmentation.png
8554,val,ISIC_0030132,images/ISIC_0030132.jpg,masks/ISIC_0030132_segmentation.png
8555,val,ISIC_0030653,images/ISIC_0030653.jpg,masks/ISIC_0030653_segmentation.png
8556,val,ISIC_0026549,images/ISIC_0026549.jpg,masks/ISIC_0026549_segmentation.png
8557,val,ISIC_0028150,images/ISIC_0028150.jpg,masks/ISIC_0028150_segmentation.png
8558,val,ISIC_0032133,images/ISIC_0032133.jpg,masks/ISIC_0032133_segmentation.png
8559,val,ISIC_0031523,images/ISIC_0031523.jpg,masks/ISIC_0031523_segmentation.png
8560,val,ISIC_0030535,images/ISIC_0030535.jpg,masks/ISIC_0030535_segmentation.png
8561,val,ISIC_0033855,images/ISIC_0033855.jpg,masks/ISIC_0033855_segmentation.png
8562,val,ISIC_0031428,images/ISIC_0031428.jpg,masks/ISIC_0031428_segmentation.png
8563,val,ISIC_0028271,images/ISIC_0028271.jpg,masks/ISIC_0028271_segmentation.png
8564,val,ISIC_0028813,images/ISIC_0028813.jpg,masks/ISIC_0028813_segmentation.png
8565,val,ISIC_0030765,images/ISIC_0030765.jpg,masks/ISIC_0030765_segmentation.png
8566,val,ISIC_0033857,images/ISIC_0033857.jpg,masks/ISIC_0033857_segmentation.png
8567,val,ISIC_0033539,images/ISIC_0033539.jpg,masks/ISIC_0033539_segmentation.png
8568,val,ISIC_0027332,images/ISIC_0027332.jpg,masks/ISIC_0027332_segmentation.png
8569,val,ISIC_0031834,images/ISIC_0031834.jpg,masks/ISIC_0031834_segmentation.png
8570,val,ISIC_0032240,images/ISIC_0032240.jpg,masks/ISIC_0032240_segmentation.png
8571,val,ISIC_0029802,images/ISIC_0029802.jpg,masks/ISIC_0029802_segmentation.png
8572,val,ISIC_0026944,images/ISIC_0026944.jpg,masks/ISIC_0026944_segmentation.png
8573,val,ISIC_0026148,images/ISIC_0026148.jpg,masks/ISIC_0026148_segmentation.png
8574,val,ISIC_0028777,images/ISIC_0028777.jpg,masks/ISIC_0028777_segmentation.png
8575,val,ISIC_0031877,images/ISIC_0031877.jpg,masks/ISIC_0031877_segmentation.png
8576,val,ISIC_0028612,images/ISIC_0028612.jpg,masks/ISIC_0028612_segmentation.png
8577,val,ISIC_0029042,images/ISIC_0029042.jpg,masks/ISIC_0029042_segmentation.png
8578,val,ISIC_0029643,images/ISIC_0029643.jpg,masks/ISIC_0029643_segmentation.png
8579,val,ISIC_0028674,images/ISIC_0028674.jpg,masks/ISIC_0028674_segmentation.png
8580,val,ISIC_0033639,images/ISIC_0033639.jpg,masks/ISIC_0033639_segmentation.png
8581,val,ISIC_0028740,images/ISIC_0028740.jpg,masks/ISIC_0028740_segmentation.png
8582,val,ISIC_0028144,images/ISIC_0028144.jpg,masks/ISIC_0028144_segmentation.png
8583,val,ISIC_0024593,images/ISIC_0024593.jpg,masks/ISIC_0024593_segmentation.png
8584,val,ISIC_0034266,images/ISIC_0034266.jpg,masks/ISIC_0034266_segmentation.png
8585,val,ISIC_0029718,images/ISIC_0029718.jpg,masks/ISIC_0029718_segmentation.png
8586,val,ISIC_0027331,images/ISIC_0027331.jpg,masks/ISIC_0027331_segmentation.png
8587,val,ISIC_0028256,images/ISIC_0028256.jpg,masks/ISIC_0028256_segmentation.png
8588,val,ISIC_0025614,images/ISIC_0025614.jpg,masks/ISIC_0025614_segmentation.png
8589,val,ISIC_0032017,images/ISIC_0032017.jpg,masks/ISIC_0032017_segmentation.png
8590,val,ISIC_0031586,images/ISIC_0031586.jpg,masks/ISIC_0031586_segmentation.png
8591,val,ISIC_0024862,images/ISIC_0024862.jpg,masks/ISIC_0024862_segmentation.png
8592,val,ISIC_0026222,images/ISIC_0026222.jpg,masks/ISIC_0026222_segmentation.png
8593,val,ISIC_0028507,images/ISIC_0028507.jpg,masks/ISIC_0028507_segmentation.png
8594,val,ISIC_0026792,images/ISIC_0026792.jpg,masks/ISIC_0026792_segmentation.png
8595,val,ISIC_0030948,images/ISIC_0030948.jpg,masks/ISIC_0030948_segmentation.png
8596,val,ISIC_0030316,images/ISIC_0030316.jpg,masks/ISIC_0030316_segmentation.png
8597,val,ISIC_0026814,images/ISIC_0026814.jpg,masks/ISIC_0026814_segmentation.png
8598,val,ISIC_0028469,images/ISIC_0028469.jpg,masks/ISIC_0028469_segmentation.png
8599,val,ISIC_0026081,images/ISIC_0026081.jpg,masks/ISIC_0026081_segmentation.png
8600,val,ISIC_0028113,images/ISIC_0028113.jpg,masks/ISIC_0028113_segmentation.png
8601,val,ISIC_0024356,images/ISIC_0024356.jpg,masks/ISIC_0024356_segmentation.png
8602,val,ISIC_0031279,images/ISIC_0031279.jpg,masks/ISIC_0031279_segmentation.png
8603,val,ISIC_0026994,images/ISIC_0026994.jpg,masks/ISIC_0026994_segmentation.png
8604,val,ISIC_0024540,images/ISIC_0024540.jpg,masks/ISIC_0024540_segmentation.png
8605,val,ISIC_0026119,images/ISIC_0026119.jpg,masks/ISIC_0026119_segmentation.png
8606,val,ISIC_0027450,images/ISIC_0027450.jpg,masks/ISIC_0027450_segmentation.png
8607,val,ISIC_0025320,images/ISIC_0025320.jpg,masks/ISIC_0025320_segmentation.png
8608,val,ISIC_0031747,images/ISIC_0031747.jpg,masks/ISIC_0031747_segmentation.png
8609,val,ISIC_0025312,images/ISIC_0025312.jpg,masks/ISIC_0025312_segmentation.png
8610,val,ISIC_0031038,images/ISIC_0031038.jpg,masks/ISIC_0031038_segmentation.png
8611,val,ISIC_0026654,images/ISIC_0026654.jpg,masks/ISIC_0026654_segmentation.png
8612,val,ISIC_0027375,images/ISIC_0027375.jpg,masks/ISIC_0027375_segmentation.png
8613,val,ISIC_0025956,images/ISIC_0025956.jpg,masks/ISIC_0025956_segmentation.png
8614,val,ISIC_0027063,images/ISIC_0027063.jpg,masks/ISIC_0027063_segmentation.png
8615,val,ISIC_0030768,images/ISIC_0030768.jpg,masks/ISIC_0030768_segmentation.png
8616,val,ISIC_0028284,images/ISIC_0028284.jpg,masks/ISIC_0028284_segmentation.png
8617,val,ISIC_0026891,images/ISIC_0026891.jpg,masks/ISIC_0026891_segmentation.png
8618,val,ISIC_0028306,images/ISIC_0028306.jpg,masks/ISIC_0028306_segmentation.png
8619,val,ISIC_0028388,images/ISIC_0028388.jpg,masks/ISIC_0028388_segmentation.png
8620,val,ISIC_0031082,images/ISIC_0031082.jpg,masks/ISIC_0031082_segmentation.png
8621,val,ISIC_0025321,images/ISIC_0025321.jpg,masks/ISIC_0025321_segmentation.png
8622,val,ISIC_0028400,images/ISIC_0028400.jpg,masks/ISIC_0028400_segmentation.png
8623,val,ISIC_0028829,images/ISIC_0028829.jpg,masks/ISIC_0028829_segmentation.png
8624,val,ISIC_0030736,images/ISIC_0030736.jpg,masks/ISIC_0030736_segmentation.png
8625,val,ISIC_0026700,images/ISIC_0026700.jpg,masks/ISIC_0026700_segmentation.png
8626,val,ISIC_0031162,images/ISIC_0031162.jpg,masks/ISIC_0031162_segmentation.png
8627,val,ISIC_0031653,images/ISIC_0031653.jpg,masks/ISIC_0031653_segmentation.png
8628,val,ISIC_0030706,images/ISIC_0030706.jpg,masks/ISIC_0030706_segmentation.png
8629,val,ISIC_0032011,images/ISIC_0032011.jpg,masks/ISIC_0032011_segmentation.png
8630,val,ISIC_0032503,images/ISIC_0032503.jpg,masks/ISIC_0032503_segmentation.png
8631,val,ISIC_0031644,images/ISIC_0031644.jpg,masks/ISIC_0031644_segmentation.png
8632,val,ISIC_0032883,images/ISIC_0032883.jpg,masks/ISIC_0032883_segmentation.png
8633,val,ISIC_0031816,images/ISIC_0031816.jpg,masks/ISIC_0031816_segmentation.png
8634,val,ISIC_0033074,images/ISIC_0033074.jpg,masks/ISIC_0033074_segmentation.png
8635,val,ISIC_0033753,images/ISIC_0033753.jpg,masks/ISIC_0033753_segmentation.png
8636,val,ISIC_0025479,images/ISIC_0025479.jpg,masks/ISIC_0025479_segmentation.png
8637,val,ISIC_0030048,images/ISIC_0030048.jpg,masks/ISIC_0030048_segmentation.png
8638,val,ISIC_0031587,images/ISIC_0031587.jpg,masks/ISIC_0031587_segmentation.png
8639,val,ISIC_0029408,images/ISIC_0029408.jpg,masks/ISIC_0029408_segmentation.png
8640,val,ISIC_0031989,images/ISIC_0031989.jpg,masks/ISIC_0031989_segmentation.png
8641,val,ISIC_0027906,images/ISIC_0027906.jpg,masks/ISIC_0027906_segmentation.png
8642,val,ISIC_0029487,images/ISIC_0029487.jpg,masks/ISIC_0029487_segmentation.png
8643,val,ISIC_0030000,images/ISIC_0030000.jpg,masks/ISIC_0030000_segmentation.png
8644,val,ISIC_0032159,images/ISIC_0032159.jpg,masks/ISIC_0032159_segmentation.png
8645,val,ISIC_0030479,images/ISIC_0030479.jpg,masks/ISIC_0030479_segmentation.png
8646,val,ISIC_0028993,images/ISIC_0028993.jpg,masks/ISIC_0028993_segmentation.png
8647,val,ISIC_0032177,images/ISIC_0032177.jpg,masks/ISIC_0032177_segmentation.png
8648,val,ISIC_0030294,images/ISIC_0030294.jpg,masks/ISIC_0030294_segmentation.png
8649,val,ISIC_0027163,images/ISIC_0027163.jpg,masks/ISIC_0027163_segmentation.png
8650,val,ISIC_0028467,images/ISIC_0028467.jpg,masks/ISIC_0028467_segmentation.png
8651,val,ISIC_0033666,images/ISIC_0033666.jpg,masks/ISIC_0033666_segmentation.png
8652,val,ISIC_0033127,images/ISIC_0033127.jpg,masks/ISIC_0033127_segmentation.png
8653,val,ISIC_0027667,images/ISIC_0027667.jpg,masks/ISIC_0027667_segmentation.png
8654,val,ISIC_0033420,images/ISIC_0033420.jpg,masks/ISIC_0033420_segmentation.png
8655,val,ISIC_0024446,images/ISIC_0024446.jpg,masks/ISIC_0024446_segmentation.png
8656,val,ISIC_0031756,images/ISIC_0031756.jpg,masks/ISIC_0031756_segmentation.png
8657,val,ISIC_0025911,images/ISIC_0025911.jpg,masks/ISIC_0025911_segmentation.png
8658,val,ISIC_0033629,images/ISIC_0033629.jpg,masks/ISIC_0033629_segmentation.png
8659,val,ISIC_0031773,images/ISIC_0031773.jpg,masks/ISIC_0031773_segmentation.png
8660,val,ISIC_0031581,images/ISIC_0031581.jpg,masks/ISIC_0031581_segmentation.png
8661,val,ISIC_0026278,images/ISIC_0026278.jpg,masks/ISIC_0026278_segmentation.png
8662,val,ISIC_0029463,images/ISIC_0029463.jpg,masks/ISIC_0029463_segmentation.png
8663,val,ISIC_0033205,images/ISIC_0033205.jpg,masks/ISIC_0033205_segmentation.png
8664,val,ISIC_0031323,images/ISIC_0031323.jpg,masks/ISIC_0031323_segmentation.png
8665,val,ISIC_0030975,images/ISIC_0030975.jpg,masks/ISIC_0030975_segmentation.png
8666,val,ISIC_0025965,images/ISIC_0025965.jpg,masks/ISIC_0025965_segmentation.png
8667,val,ISIC_0032608,images/ISIC_0032608.jpg,masks/ISIC_0032608_segmentation.png
8668,val,ISIC_0030335,images/ISIC_0030335.jpg,masks/ISIC_0030335_segmentation.png
8669,val,ISIC_0026708,images/ISIC_0026708.jpg,masks/ISIC_0026708_segmentation.png
8670,val,ISIC_0030511,images/ISIC_0030511.jpg,masks/ISIC_0030511_segmentation.png
8671,val,ISIC_0031905,images/ISIC_0031905.jpg,masks/ISIC_0031905_segmentation.png
8672,val,ISIC_0030302,images/ISIC_0030302.jpg,masks/ISIC_0030302_segmentation.png
8673,val,ISIC_0029005,images/ISIC_0029005.jpg,masks/ISIC_0029005_segmentation.png
8674,val,ISIC_0031297,images/ISIC_0031297.jpg,masks/ISIC_0031297_segmentation.png
8675,val,ISIC_0034213,images/ISIC_0034213.jpg,masks/ISIC_0034213_segmentation.png
8676,val,ISIC_0032360,images/ISIC_0032360.jpg,masks/ISIC_0032360_segmentation.png
8677,val,ISIC_0025652,images/ISIC_0025652.jpg,masks/ISIC_0025652_segmentation.png
8678,val,ISIC_0029706,images/ISIC_0029706.jpg,masks/ISIC_0029706_segmentation.png
8679,val,ISIC_0027344,images/ISIC_0027344.jpg,masks/ISIC_0027344_segmentation.png
8680,val,ISIC_0029356,images/ISIC_0029356.jpg,masks/ISIC_0029356_segmentation.png
8681,val,ISIC_0031721,images/ISIC_0031721.jpg,masks/ISIC_0031721_segmentation.png
8682,val,ISIC_0029406,images/ISIC_0029406.jpg,masks/ISIC_0029406_segmentation.png
8683,val,ISIC_0026054,images/ISIC_0026054.jpg,masks/ISIC_0026054_segmentation.png
8684,val,ISIC_0028318,images/ISIC_0028318.jpg,masks/ISIC_0028318_segmentation.png
8685,val,ISIC_0030357,images/ISIC_0030357.jpg,masks/ISIC_0030357_segmentation.png
8686,val,ISIC_0032993,images/ISIC_0032993.jpg,masks/ISIC_0032993_segmentation.png
8687,val,ISIC_0028759,images/ISIC_0028759.jpg,masks/ISIC_0028759_segmentation.png
8688,val,ISIC_0031408,images/ISIC_0031408.jpg,masks/ISIC_0031408_segmentation.png
8689,val,ISIC_0028123,images/ISIC_0028123.jpg,masks/ISIC_0028123_segmentation.png
8690,val,ISIC_0028635,images/ISIC_0028635.jpg,masks/ISIC_0028635_segmentation.png
8691,val,ISIC_0033768,images/ISIC_0033768.jpg,masks/ISIC_0033768_segmentation.png
8692,val,ISIC_0027846,images/ISIC_0027846.jpg,masks/ISIC_0027846_segmentation.png
8693,val,ISIC_0030253,images/ISIC_0030253.jpg,masks/ISIC_0030253_segmentation.png
8694,val,ISIC_0027499,images/ISIC_0027499.jpg,masks/ISIC_0027499_segmentation.png
8695,val,ISIC_0027721,images/ISIC_0027721.jpg,masks/ISIC_0027721_segmentation.png
8696,val,ISIC_0027183,images/ISIC_0027183.jpg,masks/ISIC_0027183_segmentation.png
8697,val,ISIC_0028229,images/ISIC_0028229.jpg,masks/ISIC_0028229_segmentation.png
8698,val,ISIC_0030368,images/ISIC_0030368.jpg,masks/ISIC_0030368_segmentation.png
8699,val,ISIC_0025666,images/ISIC_0025666.jpg,masks/ISIC_0025666_segmentation.png
8700,val,ISIC_0033784,images/ISIC_0033784.jpg,masks/ISIC_0033784_segmentation.png
8701,val,ISIC_0027403,images/ISIC_0027403.jpg,masks/ISIC_0027403_segmentation.png
8702,val,ISIC_0028378,images/ISIC_0028378.jpg,masks/ISIC_0028378_segmentation.png
8703,val,ISIC_0027559,images/ISIC_0027559.jpg,masks/ISIC_0027559_segmentation.png
8704,val,ISIC_0030716,images/ISIC_0030716.jpg,masks/ISIC_0030716_segmentation.png
8705,val,ISIC_0027433,images/ISIC_0027433.jpg,masks/ISIC_0027433_segmentation.png
8706,val,ISIC_0030429,images/ISIC_0030429.jpg,masks/ISIC_0030429_segmentation.png
8707,val,ISIC_0030811,images/ISIC_0030811.jpg,masks/ISIC_0030811_segmentation.png
8708,val,ISIC_0031855,images/ISIC_0031855.jpg,masks/ISIC_0031855_segmentation.png
8709,val,ISIC_0024937,images/ISIC_0024937.jpg,masks/ISIC_0024937_segmentation.png
8710,val,ISIC_0033271,images/ISIC_0033271.jpg,masks/ISIC_0033271_segmentation.png
8711,val,ISIC_0030593,images/ISIC_0030593.jpg,masks/ISIC_0030593_segmentation.png
8712,val,ISIC_0028004,images/ISIC_0028004.jpg,masks/ISIC_0028004_segmentation.png
8713,val,ISIC_0033702,images/ISIC_0033702.jpg,masks/ISIC_0033702_segmentation.png
8714,val,ISIC_0030686,images/ISIC_0030686.jpg,masks/ISIC_0030686_segmentation.png
8715,val,ISIC_0032321,images/ISIC_0032321.jpg,masks/ISIC_0032321_segmentation.png
8716,val,ISIC_0025690,images/ISIC_0025690.jpg,masks/ISIC_0025690_segmentation.png
8717,val,ISIC_0031308,images/ISIC_0031308.jpg,masks/ISIC_0031308_segmentation.png
8718,val,ISIC_0030369,images/ISIC_0030369.jpg,masks/ISIC_0030369_segmentation.png
8719,val,ISIC_0030924,images/ISIC_0030924.jpg,masks/ISIC_0030924_segmentation.png
8720,val,ISIC_0028157,images/ISIC_0028157.jpg,masks/ISIC_0028157_segmentation.png
8721,val,ISIC_0033908,images/ISIC_0033908.jpg,masks/ISIC_0033908_segmentation.png
8722,val,ISIC_0033053,images/ISIC_0033053.jpg,masks/ISIC_0033053_segmentation.png
8723,val,ISIC_0032106,images/ISIC_0032106.jpg,masks/ISIC_0032106_segmentation.png
8724,val,ISIC_0024508,images/ISIC_0024508.jpg,masks/ISIC_0024508_segmentation.png
8725,val,ISIC_0026772,images/ISIC_0026772.jpg,masks/ISIC_0026772_segmentation.png
8726,val,ISIC_0030994,images/ISIC_0030994.jpg,masks/ISIC_0030994_segmentation.png
8727,val,ISIC_0033789,images/ISIC_0033789.jpg,masks/ISIC_0033789_segmentation.png
8728,val,ISIC_0027173,images/ISIC_0027173.jpg,masks/ISIC_0027173_segmentation.png
8729,val,ISIC_0030123,images/ISIC_0030123.jpg,masks/ISIC_0030123_segmentation.png
8730,val,ISIC_0028496,images/ISIC_0028496.jpg,masks/ISIC_0028496_segmentation.png
8731,val,ISIC_0033557,images/ISIC_0033557.jpg,masks/ISIC_0033557_segmentation.png
8732,val,ISIC_0026450,images/ISIC_0026450.jpg,masks/ISIC_0026450_segmentation.png
8733,val,ISIC_0028922,images/ISIC_0028922.jpg,masks/ISIC_0028922_segmentation.png
8734,val,ISIC_0026672,images/ISIC_0026672.jpg,masks/ISIC_0026672_segmentation.png
8735,val,ISIC_0032976,images/ISIC_0032976.jpg,masks/ISIC_0032976_segmentation.png
8736,val,ISIC_0028005,images/ISIC_0028005.jpg,masks/ISIC_0028005_segmentation.png
8737,val,ISIC_0032474,images/ISIC_0032474.jpg,masks/ISIC_0032474_segmentation.png
8738,val,ISIC_0024910,images/ISIC_0024910.jpg,masks/ISIC_0024910_segmentation.png
8739,val,ISIC_0027452,images/ISIC_0027452.jpg,masks/ISIC_0027452_segmentation.png
8740,val,ISIC_0028790,images/ISIC_0028790.jpg,masks/ISIC_0028790_segmentation.png
8741,val,ISIC_0033318,images/ISIC_0033318.jpg,masks/ISIC_0033318_segmentation.png
8742,val,ISIC_0026004,images/ISIC_0026004.jpg,masks/ISIC_0026004_segmentation.png
8743,val,ISIC_0026271,images/ISIC_0026271.jpg,masks/ISIC_0026271_segmentation.png
8744,val,ISIC_0030580,images/ISIC_0030580.jpg,masks/ISIC_0030580_segmentation.png
8745,val,ISIC_0031466,images/ISIC_0031466.jpg,masks/ISIC_0031466_segmentation.png
8746,val,ISIC_0029884,images/ISIC_0029884.jpg,masks/ISIC_0029884_segmentation.png
8747,val,ISIC_0033868,images/ISIC_0033868.jpg,masks/ISIC_0033868_segmentation.png
8748,val,ISIC_0026538,images/ISIC_0026538.jpg,masks/ISIC_0026538_segmentation.png
8749,val,ISIC_0026475,images/ISIC_0026475.jpg,masks/ISIC_0026475_segmentation.png
8750,val,ISIC_0032892,images/ISIC_0032892.jpg,masks/ISIC_0032892_segmentation.png
8751,val,ISIC_0026796,images/ISIC_0026796.jpg,masks/ISIC_0026796_segmentation.png
8752,val,ISIC_0025801,images/ISIC_0025801.jpg,masks/ISIC_0025801_segmentation.png
8753,val,ISIC_0028363,images/ISIC_0028363.jpg,masks/ISIC_0028363_segmentation.png
8754,val,ISIC_0027754,images/ISIC_0027754.jpg,masks/ISIC_0027754_segmentation.png
8755,val,ISIC_0030854,images/ISIC_0030854.jpg,masks/ISIC_0030854_segmentation.png
8756,val,ISIC_0024461,images/ISIC_0024461.jpg,masks/ISIC_0024461_segmentation.png
8757,val,ISIC_0025622,images/ISIC_0025622.jpg,masks/ISIC_0025622_segmentation.png
8758,val,ISIC_0031550,images/ISIC_0031550.jpg,masks/ISIC_0031550_segmentation.png
8759,val,ISIC_0030077,images/ISIC_0030077.jpg,masks/ISIC_0030077_segmentation.png
8760,val,ISIC_0026546,images/ISIC_0026546.jpg,masks/ISIC_0026546_segmentation.png
8761,val,ISIC_0025704,images/ISIC_0025704.jpg,masks/ISIC_0025704_segmentation.png
8762,val,ISIC_0031128,images/ISIC_0031128.jpg,masks/ISIC_0031128_segmentation.png
8763,val,ISIC_0026503,images/ISIC_0026503.jpg,masks/ISIC_0026503_segmentation.png
8764,val,ISIC_0033825,images/ISIC_0033825.jpg,masks/ISIC_0033825_segmentation.png
8765,val,ISIC_0026015,images/ISIC_0026015.jpg,masks/ISIC_0026015_segmentation.png
8766,val,ISIC_0030565,images/ISIC_0030565.jpg,masks/ISIC_0030565_segmentation.png
8767,val,ISIC_0031517,images/ISIC_0031517.jpg,masks/ISIC_0031517_segmentation.png
8768,val,ISIC_0032566,images/ISIC_0032566.jpg,masks/ISIC_0032566_segmentation.png
8769,val,ISIC_0028737,images/ISIC_0028737.jpg,masks/ISIC_0028737_segmentation.png
8770,val,ISIC_0025216,images/ISIC_0025216.jpg,masks/ISIC_0025216_segmentation.png
8771,val,ISIC_0026297,images/ISIC_0026297.jpg,masks/ISIC_0026297_segmentation.png
8772,val,ISIC_0027360,images/ISIC_0027360.jpg,masks/ISIC_0027360_segmentation.png
8773,val,ISIC_0027583,images/ISIC_0027583.jpg,masks/ISIC_0027583_segmentation.png
8774,val,ISIC_0024330,images/ISIC_0024330.jpg,masks/ISIC_0024330_segmentation.png
8775,val,ISIC_0030391,images/ISIC_0030391.jpg,masks/ISIC_0030391_segmentation.png
8776,val,ISIC_0026210,images/ISIC_0026210.jpg,masks/ISIC_0026210_segmentation.png
8777,val,ISIC_0026931,images/ISIC_0026931.jpg,masks/ISIC_0026931_segmentation.png
8778,val,ISIC_0032491,images/ISIC_0032491.jpg,masks/ISIC_0032491_segmentation.png
8779,val,ISIC_0033287,images/ISIC_0033287.jpg,masks/ISIC_0033287_segmentation.png
8780,val,ISIC_0033107,images/ISIC_0033107.jpg,masks/ISIC_0033107_segmentation.png
8781,val,ISIC_0033476,images/ISIC_0033476.jpg,masks/ISIC_0033476_segmentation.png
8782,val,ISIC_0032257,images/ISIC_0032257.jpg,masks/ISIC_0032257_segmentation.png
8783,val,ISIC_0032088,images/ISIC_0032088.jpg,masks/ISIC_0032088_segmentation.png
8784,val,ISIC_0029919,images/ISIC_0029919.jpg,masks/ISIC_0029919_segmentation.png
8785,val,ISIC_0032807,images/ISIC_0032807.jpg,masks/ISIC_0032807_segmentation.png
8786,val,ISIC_0025401,images/ISIC_0025401.jpg,masks/ISIC_0025401_segmentation.png
8787,val,ISIC_0031577,images/ISIC_0031577.jpg,masks/ISIC_0031577_segmentation.png
8788,val,ISIC_0026211,images/ISIC_0026211.jpg,masks/ISIC_0026211_segmentation.png
8789,val,ISIC_0024752,images/ISIC_0024752.jpg,masks/ISIC_0024752_segmentation.png
8790,val,ISIC_0029722,images/ISIC_0029722.jpg,masks/ISIC_0029722_segmentation.png
8791,val,ISIC_0032405,images/ISIC_0032405.jpg,masks/ISIC_0032405_segmentation.png
8792,val,ISIC_0029771,images/ISIC_0029771.jpg,masks/ISIC_0029771_segmentation.png
8793,val,ISIC_0030519,images/ISIC_0030519.jpg,masks/ISIC_0030519_segmentation.png
8794,val,ISIC_0025850,images/ISIC_0025850.jpg,masks/ISIC_0025850_segmentation.png
8795,val,ISIC_0026041,images/ISIC_0026041.jpg,masks/ISIC_0026041_segmentation.png
8796,val,ISIC_0027459,images/ISIC_0027459.jpg,masks/ISIC_0027459_segmentation.png
8797,val,ISIC_0032129,images/ISIC_0032129.jpg,masks/ISIC_0032129_segmentation.png
8798,val,ISIC_0030268,images/ISIC_0030268.jpg,masks/ISIC_0030268_segmentation.png
8799,val,ISIC_0030893,images/ISIC_0030893.jpg,masks/ISIC_0030893_segmentation.png
8800,val,ISIC_0027845,images/ISIC_0027845.jpg,masks/ISIC_0027845_segmentation.png
8801,val,ISIC_0030141,images/ISIC_0030141.jpg,masks/ISIC_0030141_segmentation.png
8802,val,ISIC_0027248,images/ISIC_0027248.jpg,masks/ISIC_0027248_segmentation.png
8803,val,ISIC_0033668,images/ISIC_0033668.jpg,masks/ISIC_0033668_segmentation.png
8804,val,ISIC_0024724,images/ISIC_0024724.jpg,masks/ISIC_0024724_segmentation.png
8805,val,ISIC_0033633,images/ISIC_0033633.jpg,masks/ISIC_0033633_segmentation.png
8806,val,ISIC_0026902,images/ISIC_0026902.jpg,masks/ISIC_0026902_segmentation.png
8807,val,ISIC_0027144,images/ISIC_0027144.jpg,masks/ISIC_0027144_segmentation.png
8808,val,ISIC_0034320,images/ISIC_0034320.jpg,masks/ISIC_0034320_segmentation.png
8809,val,ISIC_0031006,images/ISIC_0031006.jpg,masks/ISIC_0031006_segmentation.png
8810,val,ISIC_0024314,images/ISIC_0024314.jpg,masks/ISIC_0024314_segmentation.png
8811,val,ISIC_0028661,images/ISIC_0028661.jpg,masks/ISIC_0028661_segmentation.png
8812,val,ISIC_0028186,images/ISIC_0028186.jpg,masks/ISIC_0028186_segmentation.png
8813,val,ISIC_0025227,images/ISIC_0025227.jpg,masks/ISIC_0025227_segmentation.png
8814,val,ISIC_0032264,images/ISIC_0032264.jpg,masks/ISIC_0032264_segmentation.png
8815,val,ISIC_0031322,images/ISIC_0031322.jpg,masks/ISIC_0031322_segmentation.png
8816,val,ISIC_0024357,images/ISIC_0024357.jpg,masks/ISIC_0024357_segmentation.png
8817,val,ISIC_0026585,images/ISIC_0026585.jpg,masks/ISIC_0026585_segmentation.png
8818,val,ISIC_0027926,images/ISIC_0027926.jpg,masks/ISIC_0027926_segmentation.png
8819,val,ISIC_0028992,images/ISIC_0028992.jpg,masks/ISIC_0028992_segmentation.png
8820,val,ISIC_0032266,images/ISIC_0032266.jpg,masks/ISIC_0032266_segmentation.png
8821,val,ISIC_0032885,images/ISIC_0032885.jpg,masks/ISIC_0032885_segmentation.png
8822,val,ISIC_0027176,images/ISIC_0027176.jpg,masks/ISIC_0027176_segmentation.png
8823,val,ISIC_0029361,images/ISIC_0029361.jpg,masks/ISIC_0029361_segmentation.png
8824,val,ISIC_0031439,images/ISIC_0031439.jpg,masks/ISIC_0031439_segmentation.png
8825,val,ISIC_0031818,images/ISIC_0031818.jpg,masks/ISIC_0031818_segmentation.png
8826,val,ISIC_0028459,images/ISIC_0028459.jpg,masks/ISIC_0028459_segmentation.png
8827,val,ISIC_0030080,images/ISIC_0030080.jpg,masks/ISIC_0030080_segmentation.png
8828,val,ISIC_0030400,images/ISIC_0030400.jpg,masks/ISIC_0030400_segmentation.png
8829,val,ISIC_0025111,images/ISIC_0025111.jpg,masks/ISIC_0025111_segmentation.png
8830,val,ISIC_0027425,images/ISIC_0027425.jpg,masks/ISIC_0027425_segmentation.png
8831,val,ISIC_0028821,images/ISIC_0028821.jpg,masks/ISIC_0028821_segmentation.png
8832,val,ISIC_0026417,images/ISIC_0026417.jpg,masks/ISIC_0026417_segmentation.png
8833,val,ISIC_0032619,images/ISIC_0032619.jpg,masks/ISIC_0032619_segmentation.png
8834,val,ISIC_0032910,images/ISIC_0032910.jpg,masks/ISIC_0032910_segmentation.png
8835,val,ISIC_0025175,images/ISIC_0025175.jpg,masks/ISIC_0025175_segmentation.png
8836,val,ISIC_0029954,images/ISIC_0029954.jpg,masks/ISIC_0029954_segmentation.png
8837,val,ISIC_0032008,images/ISIC_0032008.jpg,masks/ISIC_0032008_segmentation.png
8838,val,ISIC_0027087,images/ISIC_0027087.jpg,masks/ISIC_0027087_segmentation.png
8839,val,ISIC_0025053,images/ISIC_0025053.jpg,masks/ISIC_0025053_segmentation.png
8840,val,ISIC_0031733,images/ISIC_0031733.jpg,masks/ISIC_0031733_segmentation.png
8841,val,ISIC_0029057,images/ISIC_0029057.jpg,masks/ISIC_0029057_segmentation.png
8842,val,ISIC_0034244,images/ISIC_0034244.jpg,masks/ISIC_0034244_segmentation.png
8843,val,ISIC_0034091,images/ISIC_0034091.jpg,masks/ISIC_0034091_segmentation.png
8844,val,ISIC_0025983,images/ISIC_0025983.jpg,masks/ISIC_0025983_segmentation.png
8845,val,ISIC_0030940,images/ISIC_0030940.jpg,masks/ISIC_0030940_segmentation.png
8846,val,ISIC_0030876,images/ISIC_0030876.jpg,masks/ISIC_0030876_segmentation.png
8847,val,ISIC_0027749,images/ISIC_0027749.jpg,masks/ISIC_0027749_segmentation.png
8848,val,ISIC_0029307,images/ISIC_0029307.jpg,masks/ISIC_0029307_segmentation.png
8849,val,ISIC_0033296,images/ISIC_0033296.jpg,masks/ISIC_0033296_segmentation.png
8850,val,ISIC_0024434,images/ISIC_0024434.jpg,masks/ISIC_0024434_segmentation.png
8851,val,ISIC_0030725,images/ISIC_0030725.jpg,masks/ISIC_0030725_segmentation.png
8852,val,ISIC_0032396,images/ISIC_0032396.jpg,masks/ISIC_0032396_segmentation.png
8853,val,ISIC_0030533,images/ISIC_0030533.jpg,masks/ISIC_0030533_segmentation.png
8854,val,ISIC_0034053,images/ISIC_0034053.jpg,masks/ISIC_0034053_segmentation.png
8855,val,ISIC_0027770,images/ISIC_0027770.jpg,masks/ISIC_0027770_segmentation.png
8856,val,ISIC_0028551,images/ISIC_0028551.jpg,masks/ISIC_0028551_segmentation.png
8857,val,ISIC_0032678,images/ISIC_0032678.jpg,masks/ISIC_0032678_segmentation.png
8858,val,ISIC_0033305,images/ISIC_0033305.jpg,masks/ISIC_0033305_segmentation.png
8859,val,ISIC_0031830,images/ISIC_0031830.jpg,masks/ISIC_0031830_segmentation.png
8860,val,ISIC_0032389,images/ISIC_0032389.jpg,masks/ISIC_0032389_segmentation.png
8861,val,ISIC_0026761,images/ISIC_0026761.jpg,masks/ISIC_0026761_segmentation.png
8862,val,ISIC_0027550,images/ISIC_0027550.jpg,masks/ISIC_0027550_segmentation.png
8863,val,ISIC_0032274,images/ISIC_0032274.jpg,masks/ISIC_0032274_segmentation.png
8864,val,ISIC_0026340,images/ISIC_0026340.jpg,masks/ISIC_0026340_segmentation.png
8865,val,ISIC_0028289,images/ISIC_0028289.jpg,masks/ISIC_0028289_segmentation.png
8866,val,ISIC_0033250,images/ISIC_0033250.jpg,masks/ISIC_0033250_segmentation.png
8867,val,ISIC_0028134,images/ISIC_0028134.jpg,masks/ISIC_0028134_segmentation.png
8868,val,ISIC_0025970,images/ISIC_0025970.jpg,masks/ISIC_0025970_segmentation.png
8869,val,ISIC_0029556,images/ISIC_0029556.jpg,masks/ISIC_0029556_segmentation.png
8870,val,ISIC_0024654,images/ISIC_0024654.jpg,masks/ISIC_0024654_segmentation.png
8871,val,ISIC_0029008,images/ISIC_0029008.jpg,masks/ISIC_0029008_segmentation.png
8872,val,ISIC_0027792,images/ISIC_0027792.jpg,masks/ISIC_0027792_segmentation.png
8873,val,ISIC_0030708,images/ISIC_0030708.jpg,masks/ISIC_0030708_segmentation.png
8874,val,ISIC_0033752,images/ISIC_0033752.jpg,masks/ISIC_0033752_segmentation.png
8875,val,ISIC_0028111,images/ISIC_0028111.jpg,masks/ISIC_0028111_segmentation.png
8876,val,ISIC_0026743,images/ISIC_0026743.jpg,masks/ISIC_0026743_segmentation.png
8877,val,ISIC_0031872,images/ISIC_0031872.jpg,masks/ISIC_0031872_segmentation.png
8878,val,ISIC_0029488,images/ISIC_0029488.jpg,masks/ISIC_0029488_segmentation.png
8879,val,ISIC_0027297,images/ISIC_0027297.jpg,masks/ISIC_0027297_segmentation.png
8880,val,ISIC_0032805,images/ISIC_0032805.jpg,masks/ISIC_0032805_segmentation.png
8881,val,ISIC_0027247,images/ISIC_0027247.jpg,masks/ISIC_0027247_segmentation.png
8882,val,ISIC_0033994,images/ISIC_0033994.jpg,masks/ISIC_0033994_segmentation.png
8883,val,ISIC_0028057,images/ISIC_0028057.jpg,masks/ISIC_0028057_segmentation.png
8884,val,ISIC_0028303,images/ISIC_0028303.jpg,masks/ISIC_0028303_segmentation.png
8885,val,ISIC_0030555,images/ISIC_0030555.jpg,masks/ISIC_0030555_segmentation.png
8886,val,ISIC_0027687,images/ISIC_0027687.jpg,masks/ISIC_0027687_segmentation.png
8887,val,ISIC_0028639,images/ISIC_0028639.jpg,masks/ISIC_0028639_segmentation.png
8888,val,ISIC_0027978,images/ISIC_0027978.jpg,masks/ISIC_0027978_segmentation.png
8889,val,ISIC_0025632,images/ISIC_0025632.jpg,masks/ISIC_0025632_segmentation.png
8890,val,ISIC_0026629,images/ISIC_0026629.jpg,masks/ISIC_0026629_segmentation.png
8891,val,ISIC_0026272,images/ISIC_0026272.jpg,masks/ISIC_0026272_segmentation.png
8892,val,ISIC_0028774,images/ISIC_0028774.jpg,masks/ISIC_0028774_segmentation.png
8893,val,ISIC_0025135,images/ISIC_0025135.jpg,masks/ISIC_0025135_segmentation.png
8894,val,ISIC_0033854,images/ISIC_0033854.jpg,masks/ISIC_0033854_segmentation.png
8895,val,ISIC_0025033,images/ISIC_0025033.jpg,masks/ISIC_0025033_segmentation.png
8896,val,ISIC_0024809,images/ISIC_0024809.jpg,masks/ISIC_0024809_segmentation.png
8897,val,ISIC_0032858,images/ISIC_0032858.jpg,masks/ISIC_0032858_segmentation.png
8898,val,ISIC_0026605,images/ISIC_0026605.jpg,masks/ISIC_0026605_segmentation.png
8899,val,ISIC_0025068,images/ISIC_0025068.jpg,masks/ISIC_0025068_segmentation.png
8900,val,ISIC_0027027,images/ISIC_0027027.jpg,masks/ISIC_0027027_segmentation.png
8901,val,ISIC_0028699,images/ISIC_0028699.jpg,masks/ISIC_0028699_segmentation.png
8902,val,ISIC_0028876,images/ISIC_0028876.jpg,masks/ISIC_0028876_segmentation.png
8903,val,ISIC_0030545,images/ISIC_0030545.jpg,masks/ISIC_0030545_segmentation.png
8904,val,ISIC_0028624,images/ISIC_0028624.jpg,masks/ISIC_0028624_segmentation.png
8905,val,ISIC_0028753,images/ISIC_0028753.jpg,masks/ISIC_0028753_segmentation.png
8906,val,ISIC_0027743,images/ISIC_0027743.jpg,masks/ISIC_0027743_segmentation.png
8907,val,ISIC_0033336,images/ISIC_0033336.jpg,masks/ISIC_0033336_segmentation.png
8908,val,ISIC_0029945,images/ISIC_0029945.jpg,masks/ISIC_0029945_segmentation.png
8909,val,ISIC_0027464,images/ISIC_0027464.jpg,masks/ISIC_0027464_segmentation.png
8910,val,ISIC_0029906,images/ISIC_0029906.jpg,masks/ISIC_0029906_segmentation.png
8911,val,ISIC_0027345,images/ISIC_0027345.jpg,masks/ISIC_0027345_segmentation.png
8912,val,ISIC_0027288,images/ISIC_0027288.jpg,masks/ISIC_0027288_segmentation.png
8913,val,ISIC_0026024,images/ISIC_0026024.jpg,masks/ISIC_0026024_segmentation.png
8914,val,ISIC_0028633,images/ISIC_0028633.jpg,masks/ISIC_0028633_segmentation.png
8915,val,ISIC_0025517,images/ISIC_0025517.jpg,masks/ISIC_0025517_segmentation.png
8916,val,ISIC_0029937,images/ISIC_0029937.jpg,masks/ISIC_0029937_segmentation.png
8917,val,ISIC_0030697,images/ISIC_0030697.jpg,masks/ISIC_0030697_segmentation.png
8918,val,ISIC_0024433,images/ISIC_0024433.jpg,masks/ISIC_0024433_segmentation.png
8919,val,ISIC_0024374,images/ISIC_0024374.jpg,masks/ISIC_0024374_segmentation.png
8920,val,ISIC_0032191,images/ISIC_0032191.jpg,masks/ISIC_0032191_segmentation.png
8921,val,ISIC_0025967,images/ISIC_0025967.jpg,masks/ISIC_0025967_segmentation.png
8922,val,ISIC_0033588,images/ISIC_0033588.jpg,masks/ISIC_0033588_segmentation.png
8923,val,ISIC_0025059,images/ISIC_0025059.jpg,masks/ISIC_0025059_segmentation.png
8924,val,ISIC_0024312,images/ISIC_0024312.jpg,masks/ISIC_0024312_segmentation.png
8925,val,ISIC_0033597,images/ISIC_0033597.jpg,masks/ISIC_0033597_segmentation.png
8926,val,ISIC_0031564,images/ISIC_0031564.jpg,masks/ISIC_0031564_segmentation.png
8927,val,ISIC_0033408,images/ISIC_0033408.jpg,masks/ISIC_0033408_segmentation.png
8928,val,ISIC_0025308,images/ISIC_0025308.jpg,masks/ISIC_0025308_segmentation.png
8929,val,ISIC_0032569,images/ISIC_0032569.jpg,masks/ISIC_0032569_segmentation.png
8930,val,ISIC_0033195,images/ISIC_0033195.jpg,masks/ISIC_0033195_segmentation.png
8931,val,ISIC_0028519,images/ISIC_0028519.jpg,masks/ISIC_0028519_segmentation.png
8932,val,ISIC_0033650,images/ISIC_0033650.jpg,masks/ISIC_0033650_segmentation.png
8933,val,ISIC_0031936,images/ISIC_0031936.jpg,masks/ISIC_0031936_segmentation.png
8934,val,ISIC_0032241,images/ISIC_0032241.jpg,masks/ISIC_0032241_segmentation.png
8935,val,ISIC_0025189,images/ISIC_0025189.jpg,masks/ISIC_0025189_segmentation.png
8936,val,ISIC_0028683,images/ISIC_0028683.jpg,masks/ISIC_0028683_segmentation.png
8937,val,ISIC_0033699,images/ISIC_0033699.jpg,masks/ISIC_0033699_segmentation.png
8938,val,ISIC_0028147,images/ISIC_0028147.jpg,masks/ISIC_0028147_segmentation.png
8939,val,ISIC_0026019,images/ISIC_0026019.jpg,masks/ISIC_0026019_segmentation.png
8940,val,ISIC_0028418,images/ISIC_0028418.jpg,masks/ISIC_0028418_segmentation.png
8941,val,ISIC_0028481,images/ISIC_0028481.jpg,masks/ISIC_0028481_segmentation.png
8942,val,ISIC_0027970,images/ISIC_0027970.jpg,masks/ISIC_0027970_segmentation.png
8943,val,ISIC_0026881,images/ISIC_0026881.jpg,masks/ISIC_0026881_segmentation.png
8944,val,ISIC_0034049,images/ISIC_0034049.jpg,masks/ISIC_0034049_segmentation.png
8945,val,ISIC_0027825,images/ISIC_0027825.jpg,masks/ISIC_0027825_segmentation.png
8946,val,ISIC_0025938,images/ISIC_0025938.jpg,masks/ISIC_0025938_segmentation.png
8947,val,ISIC_0029941,images/ISIC_0029941.jpg,masks/ISIC_0029941_segmentation.png
8948,val,ISIC_0025007,images/ISIC_0025007.jpg,masks/ISIC_0025007_segmentation.png
8949,val,ISIC_0024480,images/ISIC_0024480.jpg,masks/ISIC_0024480_segmentation.png
8950,val,ISIC_0031113,images/ISIC_0031113.jpg,masks/ISIC_0031113_segmentation.png
8951,val,ISIC_0034262,images/ISIC_0034262.jpg,masks/ISIC_0034262_segmentation.png
8952,val,ISIC_0028510,images/ISIC_0028510.jpg,masks/ISIC_0028510_segmentation.png
8953,val,ISIC_0024631,images/ISIC_0024631.jpg,masks/ISIC_0024631_segmentation.png
8954,val,ISIC_0031971,images/ISIC_0031971.jpg,masks/ISIC_0031971_segmentation.png
8955,val,ISIC_0029996,images/ISIC_0029996.jpg,masks/ISIC_0029996_segmentation.png
8956,val,ISIC_0032050,images/ISIC_0032050.jpg,masks/ISIC_0032050_segmentation.png
8957,val,ISIC_0025276,images/ISIC_0025276.jpg,masks/ISIC_0025276_segmentation.png
8958,val,ISIC_0032557,images/ISIC_0032557.jpg,masks/ISIC_0032557_segmentation.png
8959,val,ISIC_0028269,images/ISIC_0028269.jpg,masks/ISIC_0028269_segmentation.png
8960,val,ISIC_0034263,images/ISIC_0034263.jpg,masks/ISIC_0034263_segmentation.png
8961,val,ISIC_0025858,images/ISIC_0025858.jpg,masks/ISIC_0025858_segmentation.png
8962,val,ISIC_0029747,images/ISIC_0029747.jpg,masks/ISIC_0029747_segmentation.png
8963,val,ISIC_0026542,images/ISIC_0026542.jpg,masks/ISIC_0026542_segmentation.png
8964,val,ISIC_0034065,images/ISIC_0034065.jpg,masks/ISIC_0034065_segmentation.png
8965,val,ISIC_0029748,images/ISIC_0029748.jpg,masks/ISIC_0029748_segmentation.png
8966,val,ISIC_0024561,images/ISIC_0024561.jpg,masks/ISIC_0024561_segmentation.png
8967,val,ISIC_0032237,images/ISIC_0032237.jpg,masks/ISIC_0032237_segmentation.png
8968,val,ISIC_0025603,images/ISIC_0025603.jpg,masks/ISIC_0025603_segmentation.png
8969,val,ISIC_0030340,images/ISIC_0030340.jpg,masks/ISIC_0030340_segmentation.png
8970,val,ISIC_0032223,images/ISIC_0032223.jpg,masks/ISIC_0032223_segmentation.png
8971,val,ISIC_0026199,images/ISIC_0026199.jpg,masks/ISIC_0026199_segmentation.png
8972,val,ISIC_0025744,images/ISIC_0025744.jpg,masks/ISIC_0025744_segmentation.png
8973,val,ISIC_0027870,images/ISIC_0027870.jpg,masks/ISIC_0027870_segmentation.png
8974,val,ISIC_0031142,images/ISIC_0031142.jpg,masks/ISIC_0031142_segmentation.png
8975,val,ISIC_0032697,images/ISIC_0032697.jpg,masks/ISIC_0032697_segmentation.png
8976,val,ISIC_0025304,images/ISIC_0025304.jpg,masks/ISIC_0025304_segmentation.png
8977,val,ISIC_0031353,images/ISIC_0031353.jpg,masks/ISIC_0031353_segmentation.png
8978,val,ISIC_0031278,images/ISIC_0031278.jpg,masks/ISIC_0031278_segmentation.png
8979,val,ISIC_0031375,images/ISIC_0031375.jpg,masks/ISIC_0031375_segmentation.png
8980,val,ISIC_0030029,images/ISIC_0030029.jpg,masks/ISIC_0030029_segmentation.png
8981,val,ISIC_0028552,images/ISIC_0028552.jpg,masks/ISIC_0028552_segmentation.png
8982,val,ISIC_0027130,images/ISIC_0027130.jpg,masks/ISIC_0027130_segmentation.png
8983,val,ISIC_0028282,images/ISIC_0028282.jpg,masks/ISIC_0028282_segmentation.png
8984,val,ISIC_0032673,images/ISIC_0032673.jpg,masks/ISIC_0032673_segmentation.png
8985,val,ISIC_0031232,images/ISIC_0031232.jpg,masks/ISIC_0031232_segmentation.png
8986,val,ISIC_0033087,images/ISIC_0033087.jpg,masks/ISIC_0033087_segmentation.png
8987,val,ISIC_0030775,images/ISIC_0030775.jpg,masks/ISIC_0030775_segmentation.png
8988,val,ISIC_0034123,images/ISIC_0034123.jpg,masks/ISIC_0034123_segmentation.png
8989,val,ISIC_0028514,images/ISIC_0028514.jpg,masks/ISIC_0028514_segmentation.png
8990,val,ISIC_0028323,images/ISIC_0028323.jpg,masks/ISIC_0028323_segmentation.png
8991,val,ISIC_0026543,images/ISIC_0026543.jpg,masks/ISIC_0026543_segmentation.png
8992,val,ISIC_0025174,images/ISIC_0025174.jpg,masks/ISIC_0025174_segmentation.png
8993,val,ISIC_0025125,images/ISIC_0025125.jpg,masks/ISIC_0025125_segmentation.png
8994,val,ISIC_0025943,images/ISIC_0025943.jpg,masks/ISIC_0025943_segmentation.png
8995,val,ISIC_0028989,images/ISIC_0028989.jpg,masks/ISIC_0028989_segmentation.png
8996,val,ISIC_0028920,images/ISIC_0028920.jpg,masks/ISIC_0028920_segmentation.png
8997,val,ISIC_0028857,images/ISIC_0028857.jpg,masks/ISIC_0028857_segmentation.png
8998,val,ISIC_0025674,images/ISIC_0025674.jpg,masks/ISIC_0025674_segmentation.png
8999,val,ISIC_0025260,images/ISIC_0025260.jpg,masks/ISIC_0025260_segmentation.png
9000,test,ISIC_0027759,images/ISIC_0027759.jpg,masks/ISIC_0027759_segmentation.png
9001,test,ISIC_0033022,images/ISIC_0033022.jpg,masks/ISIC_0033022_segmentation.png
9002,test,ISIC_0033051,images/ISIC_0033051.jpg,masks/ISIC_0033051_segmentation.png
9003,test,ISIC_0024565,images/ISIC_0024565.jpg,masks/ISIC_0024565_segmentation.png
9004,test,ISIC_0027072,images/ISIC_0027072.jpg,masks/ISIC_0027072_segmentation.png
9005,test,ISIC_0029715,images/ISIC_0029715.jpg,masks/ISIC_0029715_segmentation.png
9006,test,ISIC_0034253,images/ISIC_0034253.jpg,masks/ISIC_0034253_segmentation.png
9007,test,ISIC_0027733,images/ISIC_0027733.jpg,masks/ISIC_0027733_segmentation.png
9008,test,ISIC_0028966,images/ISIC_0028966.jpg,masks/ISIC_0028966_segmentation.png
9009,test,ISIC_0028650,images/ISIC_0028650.jpg,masks/ISIC_0028650_segmentation.png
9010,test,ISIC_0031104,images/ISIC_0031104.jpg,masks/ISIC_0031104_segmentation.png
9011,test,ISIC_0026162,images/ISIC_0026162.jpg,masks/ISIC_0026162_segmentation.png
9012,test,ISIC_0031833,images/ISIC_0031833.jpg,masks/ISIC_0031833_segmentation.png
9013,test,ISIC_0025093,images/ISIC_0025093.jpg,masks/ISIC_0025093_segmentation.png
9014,test,ISIC_0032306,images/ISIC_0032306.jpg,masks/ISIC_0032306_segmentation.png
9015,test,ISIC_0028830,images/ISIC_0028830.jpg,masks/ISIC_0028830_segmentation.png
9016,test,ISIC_0027589,images/ISIC_0027589.jpg,masks/ISIC_0027589_segmentation.png
9017,test,ISIC_0033248,images/ISIC_0033248.jpg,masks/ISIC_0033248_segmentation.png
9018,test,ISIC_0025095,images/ISIC_0025095.jpg,masks/ISIC_0025095_segmentation.png
9019,test,ISIC_0031795,images/ISIC_0031795.jpg,masks/ISIC_0031795_segmentation.png
9020,test,ISIC_0030046,images/ISIC_0030046.jpg,masks/ISIC_0030046_segmentation.png
9021,test,ISIC_0025146,images/ISIC_0025146.jpg,masks/ISIC_0025146_segmentation.png
9022,test,ISIC_0033751,images/ISIC_0033751.jpg,masks/ISIC_0033751_segmentation.png
9023,test,ISIC_0031198,images/ISIC_0031198.jpg,masks/ISIC_0031198_segmentation.png
9024,test,ISIC_0029258,images/ISIC_0029258.jpg,masks/ISIC_0029258_segmentation.png
9025,test,ISIC_0031641,images/ISIC_0031641.jpg,masks/ISIC_0031641_segmentation.png
9026,test,ISIC_0028132,images/ISIC_0028132.jpg,masks/ISIC_0028132_segmentation.png
9027,test,ISIC_0031410,images/ISIC_0031410.jpg,masks/ISIC_0031410_segmentation.png
9028,test,ISIC_0028638,images/ISIC_0028638.jpg,masks/ISIC_0028638_segmentation.png
9029,test,ISIC_0028675,images/ISIC_0028675.jpg,masks/ISIC_0028675_segmentation.png
9030,test,ISIC_0029025,images/ISIC_0029025.jpg,masks/ISIC_0029025_segmentation.png
9031,test,ISIC_0031095,images/ISIC_0031095.jpg,masks/ISIC_0031095_segmentation.png
9032,test,ISIC_0032646,images/ISIC_0032646.jpg,masks/ISIC_0032646_segmentation.png
9033,test,ISIC_0024390,images/ISIC_0024390.jpg,masks/ISIC_0024390_segmentation.png
9034,test,ISIC_0027783,images/ISIC_0027783.jpg,masks/ISIC_0027783_segmentation.png
9035,test,ISIC_0027726,images/ISIC_0027726.jpg,masks/ISIC_0027726_segmentation.png
9036,test,ISIC_0031039,images/ISIC_0031039.jpg,masks/ISIC_0031039_segmentation.png
9037,test,ISIC_0024755,images/ISIC_0024755.jpg,masks/ISIC_0024755_segmentation.png
9038,test,ISIC_0031672,images/ISIC_0031672.jpg,masks/ISIC_0031672_segmentation.png
9039,test,ISIC_0027909,images/ISIC_0027909.jpg,masks/ISIC_0027909_segmentation.png
9040,test,ISIC_0032276,images/ISIC_0032276.jpg,masks/ISIC_0032276_segmentation.png
9041,test,ISIC_0030440,images/ISIC_0030440.jpg,masks/ISIC_0030440_segmentation.png
9042,test,ISIC_0030427,images/ISIC_0030427.jpg,masks/ISIC_0030427_segmentation.png
9043,test,ISIC_0032660,images/ISIC_0032660.jpg,masks/ISIC_0032660_segmentation.png
9044,test,ISIC_0028919,images/ISIC_0028919.jpg,masks/ISIC_0028919_segmentation.png
9045,test,ISIC_0030447,images/ISIC_0030447.jpg,masks/ISIC_0030447_segmentation.png
9046,test,ISIC_0030435,images/ISIC_0030435.jpg,masks/ISIC_0030435_segmentation.png
9047,test,ISIC_0031079,images/ISIC_0031079.jpg,masks/ISIC_0031079_segmentation.png
9048,test,ISIC_0027635,images/ISIC_0027635.jpg,masks/ISIC_0027635_segmentation.png
9049,test,ISIC_0031819,images/ISIC_0031819.jpg,masks/ISIC_0031819_segmentation.png
9050,test,ISIC_0031404,images/ISIC_0031404.jpg,masks/ISIC_0031404_segmentation.png
9051,test,ISIC_0026396,images/ISIC_0026396.jpg,masks/ISIC_0026396_segmentation.png
9052,test,ISIC_0028676,images/ISIC_0028676.jpg,masks/ISIC_0028676_segmentation.png
9053,test,ISIC_0026890,images/ISIC_0026890.jpg,masks/ISIC_0026890_segmentation.png
9054,test,ISIC_0030194,images/ISIC_0030194.jpg,masks/ISIC_0030194_segmentation.png
9055,test,ISIC_0027178,images/ISIC_0027178.jpg,masks/ISIC_0027178_segmentation.png
9056,test,ISIC_0033291,images/ISIC_0033291.jpg,masks/ISIC_0033291_segmentation.png
9057,test,ISIC_0029277,images/ISIC_0029277.jpg,masks/ISIC_0029277_segmentation.png
9058,test,ISIC_0030767,images/ISIC_0030767.jpg,masks/ISIC_0030767_segmentation.png
9059,test,ISIC_0024358,images/ISIC_0024358.jpg,masks/ISIC_0024358_segmentation.png
9060,test,ISIC_0024450,images/ISIC_0024450.jpg,masks/ISIC_0024450_segmentation.png
9061,test,ISIC_0031951,images/ISIC_0031951.jpg,masks/ISIC_0031951_segmentation.png
9062,test,ISIC_0024888,images/ISIC_0024888.jpg,masks/ISIC_0024888_segmentation.png
9063,test,ISIC_0027019,images/ISIC_0027019.jpg,masks/ISIC_0027019_segmentation.png
9064,test,ISIC_0027905,images/ISIC_0027905.jpg,masks/ISIC_0027905_segmentation.png
9065,test,ISIC_0033155,images/ISIC_0033155.jpg,masks/ISIC_0033155_segmentation.png
9066,test,ISIC_0029444,images/ISIC_0029444.jpg,masks/ISIC_0029444_segmentation.png
9067,test,ISIC_0029177,images/ISIC_0029177.jpg,masks/ISIC_0029177_segmentation.png
9068,test,ISIC_0028000,images/ISIC_0028000.jpg,masks/ISIC_0028000_segmentation.png
9069,test,ISIC_0034224,images/ISIC_0034224.jpg,masks/ISIC_0034224_segmentation.png
9070,test,ISIC_0024361,images/ISIC_0024361.jpg,masks/ISIC_0024361_segmentation.png
9071,test,ISIC_0032684,images/ISIC_0032684.jpg,masks/ISIC_0032684_segmentation.png
9072,test,ISIC_0033214,images/ISIC_0033214.jpg,masks/ISIC_0033214_segmentation.png
9073,test,ISIC_0032447,images/ISIC_0032447.jpg,masks/ISIC_0032447_segmentation.png
9074,test,ISIC_0033643,images/ISIC_0033643.jpg,masks/ISIC_0033643_segmentation.png
9075,test,ISIC_0029550,images/ISIC_0029550.jpg,masks/ISIC_0029550_segmentation.png
9076,test,ISIC_0034235,images/ISIC_0034235.jpg,masks/ISIC_0034235_segmentation.png
9077,test,ISIC_0033310,images/ISIC_0033310.jpg,masks/ISIC_0033310_segmentation.png
9078,test,ISIC_0025709,images/ISIC_0025709.jpg,masks/ISIC_0025709_segmentation.png
9079,test,ISIC_0025743,images/ISIC_0025743.jpg,masks/ISIC_0025743_segmentation.png
9080,test,ISIC_0028595,images/ISIC_0028595.jpg,masks/ISIC_0028595_segmentation.png
9081,test,ISIC_0030488,images/ISIC_0030488.jpg,masks/ISIC_0030488_segmentation.png
9082,test,ISIC_0031588,images/ISIC_0031588.jpg,masks/ISIC_0031588_segmentation.png
9083,test,ISIC_0031153,images/ISIC_0031153.jpg,masks/ISIC_0031153_segmentation.png
9084,test,ISIC_0032847,images/ISIC_0032847.jpg,masks/ISIC_0032847_segmentation.png
9085,test,ISIC_0024778,images/ISIC_0024778.jpg,masks/ISIC_0024778_segmentation.png
9086,test,ISIC_0025137,images/ISIC_0025137.jpg,masks/ISIC_0025137_segmentation.png
9087,test,ISIC_0024315,images/ISIC_0024315.jpg,masks/ISIC_0024315_segmentation.png
9088,test,ISIC_0032428,images/ISIC_0032428.jpg,masks/ISIC_0032428_segmentation.png
9089,test,ISIC_0025407,images/ISIC_0025407.jpg,masks/ISIC_0025407_segmentation.png
9090,test,ISIC_0034061,images/ISIC_0034061.jpg,masks/ISIC_0034061_segmentation.png
9091,test,ISIC_0027839,images/ISIC_0027839.jpg,masks/ISIC_0027839_segmentation.png
9092,test,ISIC_0032250,images/ISIC_0032250.jpg,masks/ISIC_0032250_segmentation.png
9093,test,ISIC_0031613,images/ISIC_0031613.jpg,masks/ISIC_0031613_segmentation.png
9094,test,ISIC_0025282,images/ISIC_0025282.jpg,masks/ISIC_0025282_segmentation.png
9095,test,ISIC_0032224,images/ISIC_0032224.jpg,masks/ISIC_0032224_segmentation.png
9096,test,ISIC_0027799,images/ISIC_0027799.jpg,masks/ISIC_0027799_segmentation.png
9097,test,ISIC_0030655,images/ISIC_0030655.jpg,masks/ISIC_0030655_segmentation.png
9098,test,ISIC_0025011,images/ISIC_0025011.jpg,masks/ISIC_0025011_segmentation.png
9099,test,ISIC_0034101,images/ISIC_0034101.jpg,masks/ISIC_0034101_segmentation.png
9100,test,ISIC_0029349,images/ISIC_0029349.jpg,masks/ISIC_0029349_segmentation.png
9101,test,ISIC_0025428,images/ISIC_0025428.jpg,masks/ISIC_0025428_segmentation.png
9102,test,ISIC_0029891,images/ISIC_0029891.jpg,masks/ISIC_0029891_segmentation.png
9103,test,ISIC_0029567,images/ISIC_0029567.jpg,masks/ISIC_0029567_segmentation.png
9104,test,ISIC_0028314,images/ISIC_0028314.jpg,masks/ISIC_0028314_segmentation.png
9105,test,ISIC_0026182,images/ISIC_0026182.jpg,masks/ISIC_0026182_segmentation.png
9106,test,ISIC_0033280,images/ISIC_0033280.jpg,masks/ISIC_0033280_segmentation.png
9107,test,ISIC_0025920,images/ISIC_0025920.jpg,masks/ISIC_0025920_segmentation.png
9108,test,ISIC_0029928,images/ISIC_0029928.jpg,masks/ISIC_0029928_segmentation.png
9109,test,ISIC_0030711,images/ISIC_0030711.jpg,masks/ISIC_0030711_segmentation.png
9110,test,ISIC_0030963,images/ISIC_0030963.jpg,masks/ISIC_0030963_segmentation.png
9111,test,ISIC_0031321,images/ISIC_0031321.jpg,masks/ISIC_0031321_segmentation.png
9112,test,ISIC_0030633,images/ISIC_0030633.jpg,masks/ISIC_0030633_segmentation.png
9113,test,ISIC_0033638,images/ISIC_0033638.jpg,masks/ISIC_0033638_segmentation.png
9114,test,ISIC_0029286,images/ISIC_0029286.jpg,masks/ISIC_0029286_segmentation.png
9115,test,ISIC_0029235,images/ISIC_0029235.jpg,masks/ISIC_0029235_segmentation.png
9116,test,ISIC_0025772,images/ISIC_0025772.jpg,masks/ISIC_0025772_segmentation.png
9117,test,ISIC_0028512,images/ISIC_0028512.jpg,masks/ISIC_0028512_segmentation.png
9118,test,ISIC_0028304,images/ISIC_0028304.jpg,masks/ISIC_0028304_segmentation.png
9119,test,ISIC_0026693,images/ISIC_0026693.jpg,masks/ISIC_0026693_segmentation.png
9120,test,ISIC_0026130,images/ISIC_0026130.jpg,masks/ISIC_0026130_segmentation.png
9121,test,ISIC_0029350,images/ISIC_0029350.jpg,masks/ISIC_0029350_segmentation.png
9122,test,ISIC_0025064,images/ISIC_0025064.jpg,masks/ISIC_0025064_segmentation.png
9123,test,ISIC_0030683,images/ISIC_0030683.jpg,masks/ISIC_0030683_segmentation.png
9124,test,ISIC_0033095,images/ISIC_0033095.jpg,masks/ISIC_0033095_segmentation.png
9125,test,ISIC_0030584,images/ISIC_0030584.jpg,masks/ISIC_0030584_segmentation.png
9126,test,ISIC_0025485,images/ISIC_0025485.jpg,masks/ISIC_0025485_segmentation.png
9127,test,ISIC_0031734,images/ISIC_0031734.jpg,masks/ISIC_0031734_segmentation.png
9128,test,ISIC_0024699,images/ISIC_0024699.jpg,masks/ISIC_0024699_segmentation.png
9129,test,ISIC_0034074,images/ISIC_0034074.jpg,masks/ISIC_0034074_segmentation.png
9130,test,ISIC_0026589,images/ISIC_0026589.jpg,masks/ISIC_0026589_segmentation.png
9131,test,ISIC_0024742,images/ISIC_0024742.jpg,masks/ISIC_0024742_segmentation.png
9132,test,ISIC_0030142,images/ISIC_0030142.jpg,masks/ISIC_0030142_segmentation.png
9133,test,ISIC_0025927,images/ISIC_0025927.jpg,masks/ISIC_0025927_segmentation.png
9134,test,ISIC_0032385,images/ISIC_0032385.jpg,masks/ISIC_0032385_segmentation.png
9135,test,ISIC_0030035,images/ISIC_0030035.jpg,masks/ISIC_0030035_segmentation.png
9136,test,ISIC_0025637,images/ISIC_0025637.jpg,masks/ISIC_0025637_segmentation.png
9137,test,ISIC_0031931,images/ISIC_0031931.jpg,masks/ISIC_0031931_segmentation.png
9138,test,ISIC_0027946,images/ISIC_0027946.jpg,masks/ISIC_0027946_segmentation.png
9139,test,ISIC_0032092,images/ISIC_0032092.jpg,masks/ISIC_0032092_segmentation.png
9140,test,ISIC_0027306,images/ISIC_0027306.jpg,masks/ISIC_0027306_segmentation.png
9141,test,ISIC_0034020,images/ISIC_0034020.jpg,masks/ISIC_0034020_segmentation.png
9142,test,ISIC_0030018,images/ISIC_0030018.jpg,masks/ISIC_0030018_segmentation.png
9143,test,ISIC_0026413,images/ISIC_0026413.jpg,masks/ISIC_0026413_segmentation.png
9144,test,ISIC_0028897,images/ISIC_0028897.jpg,masks/ISIC_0028897_segmentation.png
9145,test,ISIC_0030628,images/ISIC_0030628.jpg,masks/ISIC_0030628_segmentation.png
9146,test,ISIC_0026650,images/ISIC_0026650.jpg,masks/ISIC_0026650_segmentation.png
9147,test,ISIC_0033259,images/ISIC_0033259.jpg,masks/ISIC_0033259_segmentation.png
9148,test,ISIC_0028162,images/ISIC_0028162.jpg,masks/ISIC_0028162_segmentation.png
9149,test,ISIC_0028409,images/ISIC_0028409.jpg,masks/ISIC_0028409_segmentation.png
9150,test,ISIC_0024776,images/ISIC_0024776.jpg,masks/ISIC_0024776_segmentation.png
9151,test,ISIC_0025629,images/ISIC_0025629.jpg,masks/ISIC_0025629_segmentation.png
9152,test,ISIC_0028178,images/ISIC_0028178.jpg,masks/ISIC_0028178_segmentation.png
9153,test,ISIC_0029420,images/ISIC_0029420.jpg,masks/ISIC_0029420_segmentation.png
9154,test,ISIC_0032664,images/ISIC_0032664.jpg,masks/ISIC_0032664_segmentation.png
9155,test,ISIC_0033919,images/ISIC_0033919.jpg,masks/ISIC_0033919_segmentation.png
9156,test,ISIC_0029746,images/ISIC_0029746.jpg,masks/ISIC_0029746_segmentation.png
9157,test,ISIC_0032268,images/ISIC_0032268.jpg,masks/ISIC_0032268_segmentation.png
9158,test,ISIC_0028444,images/ISIC_0028444.jpg,masks/ISIC_0028444_segmentation.png
9159,test,ISIC_0025431,images/ISIC_0025431.jpg,masks/ISIC_0025431_segmentation.png
9160,test,ISIC_0031794,images/ISIC_0031794.jpg,masks/ISIC_0031794_segmentation.png
9161,test,ISIC_0025682,images/ISIC_0025682.jpg,masks/ISIC_0025682_segmentation.png
9162,test,ISIC_0027602,images/ISIC_0027602.jpg,masks/ISIC_0027602_segmentation.png
9163,test,ISIC_0027274,images/ISIC_0027274.jpg,masks/ISIC_0027274_segmentation.png
9164,test,ISIC_0031368,images/ISIC_0031368.jpg,masks/ISIC_0031368_segmentation.png
9165,test,ISIC_0024435,images/ISIC_0024435.jpg,masks/ISIC_0024435_segmentation.png
9166,test,ISIC_0028745,images/ISIC_0028745.jpg,masks/ISIC_0028745_segmentation.png
9167,test,ISIC_0031355,images/ISIC_0031355.jpg,masks/ISIC_0031355_segmentation.png
9168,test,ISIC_0028975,images/ISIC_0028975.jpg,masks/ISIC_0028975_segmentation.png
9169,test,ISIC_0029464,images/ISIC_0029464.jpg,masks/ISIC_0029464_segmentation.png
9170,test,ISIC_0030713,images/ISIC_0030713.jpg,masks/ISIC_0030713_segmentation.png
9171,test,ISIC_0031325,images/ISIC_0031325.jpg,masks/ISIC_0031325_segmentation.png
9172,test,ISIC_0033800,images/ISIC_0033800.jpg,masks/ISIC_0033800_segmentation.png
9173,test,ISIC_0028869,images/ISIC_0028869.jpg,masks/ISIC_0028869_segmentation.png
9174,test,ISIC_0028820,images/ISIC_0028820.jpg,masks/ISIC_0028820_segmentation.png
9175,test,ISIC_0033733,images/ISIC_0033733.jpg,masks/ISIC_0033733_segmentation.png
9176,test,ISIC_0029150,images/ISIC_0029150.jpg,masks/ISIC_0029150_segmentation.png
9177,test,ISIC_0032044,images/ISIC_0032044.jpg,masks/ISIC_0032044_segmentation.png
9178,test,ISIC_0033058,images/ISIC_0033058.jpg,masks/ISIC_0033058_segmentation.png
9179,test,ISIC_0030067,images/ISIC_0030067.jpg,masks/ISIC_0030067_segmentation.png
9180,test,ISIC_0034126,images/ISIC_0034126.jpg,masks/ISIC_0034126_segmentation.png
9181,test,ISIC_0033289,images/ISIC_0033289.jpg,masks/ISIC_0033289_segmentation.png
9182,test,ISIC_0028487,images/ISIC_0028487.jpg,masks/ISIC_0028487_segmentation.png
9183,test,ISIC_0029528,images/ISIC_0029528.jpg,masks/ISIC_0029528_segmentation.png
9184,test,ISIC_0029613,images/ISIC_0029613.jpg,masks/ISIC_0029613_segmentation.png
9185,test,ISIC_0028483,images/ISIC_0028483.jpg,masks/ISIC_0028483_segmentation.png
9186,test,ISIC_0030561,images/ISIC_0030561.jpg,masks/ISIC_0030561_segmentation.png
9187,test,ISIC_0026715,images/ISIC_0026715.jpg,masks/ISIC_0026715_segmentation.png
9188,test,ISIC_0027831,images/ISIC_0027831.jpg,masks/ISIC_0027831_segmentation.png
9189,test,ISIC_0033112,images/ISIC_0033112.jpg,masks/ISIC_0033112_segmentation.png
9190,test,ISIC_0027235,images/ISIC_0027235.jpg,masks/ISIC_0027235_segmentation.png
9191,test,ISIC_0031985,images/ISIC_0031985.jpg,masks/ISIC_0031985_segmentation.png
9192,test,ISIC_0027889,images/ISIC_0027889.jpg,masks/ISIC_0027889_segmentation.png
9193,test,ISIC_0030150,images/ISIC_0030150.jpg,masks/ISIC_0030150_segmentation.png
9194,test,ISIC_0033208,images/ISIC_0033208.jpg,masks/ISIC_0033208_segmentation.png
9195,test,ISIC_0033707,images/ISIC_0033707.jpg,masks/ISIC_0033707_segmentation.png
9196,test,ISIC_0031571,images/ISIC_0031571.jpg,masks/ISIC_0031571_segmentation.png
9197,test,ISIC_0026703,images/ISIC_0026703.jpg,masks/ISIC_0026703_segmentation.png
9198,test,ISIC_0028880,images/ISIC_0028880.jpg,masks/ISIC_0028880_segmentation.png
9199,test,ISIC_0031743,images/ISIC_0031743.jpg,masks/ISIC_0031743_segmentation.png
9200,test,ISIC_0030921,images/ISIC_0030921.jpg,masks/ISIC_0030921_segmentation.png
9201,test,ISIC_0032552,images/ISIC_0032552.jpg,masks/ISIC_0032552_segmentation.png
9202,test,ISIC_0027054,images/ISIC_0027054.jpg,masks/ISIC_0027054_segmentation.png
9203,test,ISIC_0026507,images/ISIC_0026507.jpg,masks/ISIC_0026507_segmentation.png
9204,test,ISIC_0029089,images/ISIC_0029089.jpg,masks/ISIC_0029089_segmentation.png
9205,test,ISIC_0027822,images/ISIC_0027822.jpg,masks/ISIC_0027822_segmentation.png
9206,test,ISIC_0024499,images/ISIC_0024499.jpg,masks/ISIC_0024499_segmentation.png
9207,test,ISIC_0032859,images/ISIC_0032859.jpg,masks/ISIC_0032859_segmentation.png
9208,test,ISIC_0027388,images/ISIC_0027388.jpg,masks/ISIC_0027388_segmentation.png
9209,test,ISIC_0033387,images/ISIC_0033387.jpg,masks/ISIC_0033387_segmentation.png
9210,test,ISIC_0030602,images/ISIC_0030602.jpg,masks/ISIC_0030602_segmentation.png
9211,test,ISIC_0031921,images/ISIC_0031921.jpg,masks/ISIC_0031921_segmentation.png
9212,test,ISIC_0031028,images/ISIC_0031028.jpg,masks/ISIC_0031028_segmentation.png
9213,test,ISIC_0028300,images/ISIC_0028300.jpg,masks/ISIC_0028300_segmentation.png
9214,test,ISIC_0024790,images/ISIC_0024790.jpg,masks/ISIC_0024790_segmentation.png
9215,test,ISIC_0033808,images/ISIC_0033808.jpg,masks/ISIC_0033808_segmentation.png
9216,test,ISIC_0027581,images/ISIC_0027581.jpg,masks/ISIC_0027581_segmentation.png
9217,test,ISIC_0025316,images/ISIC_0025316.jpg,masks/ISIC_0025316_segmentation.png
9218,test,ISIC_0031141,images/ISIC_0031141.jpg,masks/ISIC_0031141_segmentation.png
9219,test,ISIC_0028732,images/ISIC_0028732.jpg,masks/ISIC_0028732_segmentation.png
9220,test,ISIC_0029582,images/ISIC_0029582.jpg,masks/ISIC_0029582_segmentation.png
9221,test,ISIC_0030442,images/ISIC_0030442.jpg,masks/ISIC_0030442_segmentation.png
9222,test,ISIC_0031903,images/ISIC_0031903.jpg,masks/ISIC_0031903_segmentation.png
9223,test,ISIC_0028054,images/ISIC_0028054.jpg,masks/ISIC_0028054_segmentation.png
9224,test,ISIC_0026781,images/ISIC_0026781.jpg,masks/ISIC_0026781_segmentation.png
9225,test,ISIC_0026150,images/ISIC_0026150.jpg,masks/ISIC_0026150_segmentation.png
9226,test,ISIC_0033221,images/ISIC_0033221.jpg,masks/ISIC_0033221_segmentation.png
9227,test,ISIC_0034206,images/ISIC_0034206.jpg,masks/ISIC_0034206_segmentation.png
9228,test,ISIC_0030790,images/ISIC_0030790.jpg,masks/ISIC_0030790_segmentation.png
9229,test,ISIC_0029636,images/ISIC_0029636.jpg,masks/ISIC_0029636_segmentation.png
9230,test,ISIC_0028480,images/ISIC_0028480.jpg,masks/ISIC_0028480_segmentation.png
9231,test,ISIC_0033235,images/ISIC_0033235.jpg,masks/ISIC_0033235_segmentation.png
9232,test,ISIC_0031572,images/ISIC_0031572.jpg,masks/ISIC_0031572_segmentation.png
9233,test,ISIC_0025874,images/ISIC_0025874.jpg,masks/ISIC_0025874_segmentation.png
9234,test,ISIC_0032100,images/ISIC_0032100.jpg,masks/ISIC_0032100_segmentation.png
9235,test,ISIC_0025577,images/ISIC_0025577.jpg,masks/ISIC_0025577_segmentation.png
9236,test,ISIC_0028494,images/ISIC_0028494.jpg,masks/ISIC_0028494_segmentation.png
9237,test,ISIC_0026899,images/ISIC_0026899.jpg,masks/ISIC_0026899_segmentation.png
9238,test,ISIC_0027962,images/ISIC_0027962.jpg,masks/ISIC_0027962_segmentation.png
9239,test,ISIC_0028913,images/ISIC_0028913.jpg,masks/ISIC_0028913_segmentation.png
9240,test,ISIC_0031124,images/ISIC_0031124.jpg,masks/ISIC_0031124_segmentation.png
9241,test,ISIC_0025075,images/ISIC_0025075.jpg,masks/ISIC_0025075_segmentation.png
9242,test,ISIC_0028046,images/ISIC_0028046.jpg,masks/ISIC_0028046_segmentation.png
9243,test,ISIC_0028969,images/ISIC_0028969.jpg,masks/ISIC_0028969_segmentation.png
9244,test,ISIC_0031201,images/ISIC_0031201.jpg,masks/ISIC_0031201_segmentation.png
9245,test,ISIC_0032612,images/ISIC_0032612.jpg,masks/ISIC_0032612_segmentation.png
9246,test,ISIC_0033470,images/ISIC_0033470.jpg,masks/ISIC_0033470_segmentation.png
9247,test,ISIC_0030620,images/ISIC_0030620.jpg,masks/ISIC_0030620_segmentation.png
9248,test,ISIC_0030269,images/ISIC_0030269.jpg,masks/ISIC_0030269_segmentation.png
9249,test,ISIC_0031406,images/ISIC_0031406.jpg,masks/ISIC_0031406_segmentation.png
9250,test,ISIC_0025615,images/ISIC_0025615.jpg,masks/ISIC_0025615_segmentation.png
9251,test,ISIC_0025409,images/ISIC_0025409.jpg,masks/ISIC_0025409_segmentation.png
9252,test,ISIC_0033983,images/ISIC_0033983.jpg,masks/ISIC_0033983_segmentation.png
9253,test,ISIC_0033057,images/ISIC_0033057.jpg,masks/ISIC_0033057_segmentation.png
9254,test,ISIC_0030923,images/ISIC_0030923.jpg,masks/ISIC_0030923_segmentation.png
9255,test,ISIC_0030951,images/ISIC_0030951.jpg,masks/ISIC_0030951_segmentation.png
9256,test,ISIC_0030888,images/ISIC_0030888.jpg,masks/ISIC_0030888_segmentation.png
9257,test,ISIC_0028668,images/ISIC_0028668.jpg,masks/ISIC_0028668_segmentation.png
9258,test,ISIC_0032317,images/ISIC_0032317.jpg,masks/ISIC_0032317_segmentation.png
9259,test,ISIC_0029634,images/ISIC_0029634.jpg,masks/ISIC_0029634_segmentation.png
9260,test,ISIC_0028558,images/ISIC_0028558.jpg,masks/ISIC_0028558_segmentation.png
9261,test,ISIC_0031078,images/ISIC_0031078.jpg,masks/ISIC_0031078_segmentation.png
9262,test,ISIC_0027515,images/ISIC_0027515.jpg,masks/ISIC_0027515_segmentation.png
9263,test,ISIC_0031684,images/ISIC_0031684.jpg,masks/ISIC_0031684_segmentation.png
9264,test,ISIC_0026093,images/ISIC_0026093.jpg,masks/ISIC_0026093_segmentation.png
9265,test,ISIC_0025550,images/ISIC_0025550.jpg,masks/ISIC_0025550_segmentation.png
9266,test,ISIC_0028901,images/ISIC_0028901.jpg,masks/ISIC_0028901_segmentation.png
9267,test,ISIC_0024717,images/ISIC_0024717.jpg,masks/ISIC_0024717_segmentation.png
9268,test,ISIC_0025569,images/ISIC_0025569.jpg,masks/ISIC_0025569_segmentation.png
9269,test,ISIC_0031808,images/ISIC_0031808.jpg,masks/ISIC_0031808_segmentation.png
9270,test,ISIC_0033143,images/ISIC_0033143.jpg,masks/ISIC_0033143_segmentation.png
9271,test,ISIC_0026582,images/ISIC_0026582.jpg,masks/ISIC_0026582_segmentation.png
9272,test,ISIC_0026234,images/ISIC_0026234.jpg,masks/ISIC_0026234_segmentation.png
9273,test,ISIC_0029090,images/ISIC_0029090.jpg,masks/ISIC_0029090_segmentation.png
9274,test,ISIC_0025906,images/ISIC_0025906.jpg,masks/ISIC_0025906_segmentation.png
9275,test,ISIC_0024919,images/ISIC_0024919.jpg,masks/ISIC_0024919_segmentation.png
9276,test,ISIC_0026603,images/ISIC_0026603.jpg,masks/ISIC_0026603_segmentation.png
9277,test,ISIC_0029838,images/ISIC_0029838.jpg,masks/ISIC_0029838_segmentation.png
9278,test,ISIC_0031559,images/ISIC_0031559.jpg,masks/ISIC_0031559_segmentation.png
9279,test,ISIC_0027309,images/ISIC_0027309.jpg,masks/ISIC_0027309_segmentation.png
9280,test,ISIC_0033631,images/ISIC_0033631.jpg,masks/ISIC_0033631_segmentation.png
9281,test,ISIC_0028489,images/ISIC_0028489.jpg,masks/ISIC_0028489_segmentation.png
9282,test,ISIC_0029275,images/ISIC_0029275.jpg,masks/ISIC_0029275_segmentation.png
9283,test,ISIC_0027213,images/ISIC_0027213.jpg,masks/ISIC_0027213_segmentation.png
9284,test,ISIC_0030065,images/ISIC_0030065.jpg,masks/ISIC_0030065_segmentation.png
9285,test,ISIC_0031087,images/ISIC_0031087.jpg,masks/ISIC_0031087_segmentation.png
9286,test,ISIC_0033440,images/ISIC_0033440.jpg,masks/ISIC_0033440_segmentation.png
9287,test,ISIC_0031385,images/ISIC_0031385.jpg,masks/ISIC_0031385_segmentation.png
9288,test,ISIC_0032206,images/ISIC_0032206.jpg,masks/ISIC_0032206_segmentation.png
9289,test,ISIC_0029737,images/ISIC_0029737.jpg,masks/ISIC_0029737_segmentation.png
9290,test,ISIC_0030962,images/ISIC_0030962.jpg,masks/ISIC_0030962_segmentation.png
9291,test,ISIC_0028463,images/ISIC_0028463.jpg,masks/ISIC_0028463_segmentation.png
9292,test,ISIC_0029844,images/ISIC_0029844.jpg,masks/ISIC_0029844_segmentation.png
9293,test,ISIC_0024955,images/ISIC_0024955.jpg,masks/ISIC_0024955_segmentation.png
9294,test,ISIC_0033614,images/ISIC_0033614.jpg,masks/ISIC_0033614_segmentation.png
9295,test,ISIC_0033972,images/ISIC_0033972.jpg,masks/ISIC_0033972_segmentation.png
9296,test,ISIC_0032304,images/ISIC_0032304.jpg,masks/ISIC_0032304_segmentation.png
9297,test,ISIC_0031287,images/ISIC_0031287.jpg,masks/ISIC_0031287_segmentation.png
9298,test,ISIC_0029070,images/ISIC_0029070.jpg,masks/ISIC_0029070_segmentation.png
9299,test,ISIC_0024731,images/ISIC_0024731.jpg,masks/ISIC_0024731_segmentation.png
9300,test,ISIC_0025579,images/ISIC_0025579.jpg,masks/ISIC_0025579_segmentation.png
9301,test,ISIC_0028441,images/ISIC_0028441.jpg,masks/ISIC_0028441_segmentation.png
9302,test,ISIC_0025362,images/ISIC_0025362.jpg,masks/ISIC_0025362_segmentation.png
9303,test,ISIC_0025759,images/ISIC_0025759.jpg,masks/ISIC_0025759_segmentation.png
9304,test,ISIC_0029066,images/ISIC_0029066.jpg,masks/ISIC_0029066_segmentation.png
9305,test,ISIC_0028465,images/ISIC_0028465.jpg,masks/ISIC_0028465_segmentation.png
9306,test,ISIC_0027413,images/ISIC_0027413.jpg,masks/ISIC_0027413_segmentation.png
9307,test,ISIC_0028462,images/ISIC_0028462.jpg,masks/ISIC_0028462_segmentation.png
9308,test,ISIC_0034046,images/ISIC_0034046.jpg,masks/ISIC_0034046_segmentation.png
9309,test,ISIC_0029225,images/ISIC_0029225.jpg,masks/ISIC_0029225_segmentation.png
9310,test,ISIC_0033873,images/ISIC_0033873.jpg,masks/ISIC_0033873_segmentation.png
9311,test,ISIC_0028907,images/ISIC_0028907.jpg,masks/ISIC_0028907_segmentation.png
9312,test,ISIC_0026296,images/ISIC_0026296.jpg,masks/ISIC_0026296_segmentation.png
9313,test,ISIC_0029822,images/ISIC_0029822.jpg,masks/ISIC_0029822_segmentation.png
9314,test,ISIC_0027041,images/ISIC_0027041.jpg,masks/ISIC_0027041_segmentation.png
9315,test,ISIC_0033562,images/ISIC_0033562.jpg,masks/ISIC_0033562_segmentation.png
9316,test,ISIC_0029509,images/ISIC_0029509.jpg,masks/ISIC_0029509_segmentation.png
9317,test,ISIC_0027043,images/ISIC_0027043.jpg,masks/ISIC_0027043_segmentation.png
9318,test,ISIC_0026190,images/ISIC_0026190.jpg,masks/ISIC_0026190_segmentation.png
9319,test,ISIC_0028276,images/ISIC_0028276.jpg,masks/ISIC_0028276_segmentation.png
9320,test,ISIC_0032238,images/ISIC_0032238.jpg,masks/ISIC_0032238_segmentation.png
9321,test,ISIC_0031858,images/ISIC_0031858.jpg,masks/ISIC_0031858_segmentation.png
9322,test,ISIC_0024328,images/ISIC_0024328.jpg,masks/ISIC_0024328_segmentation.png
9323,test,ISIC_0030761,images/ISIC_0030761.jpg,masks/ISIC_0030761_segmentation.png
9324,test,ISIC_0027643,images/ISIC_0027643.jpg,masks/ISIC_0027643_segmentation.png
9325,test,ISIC_0033746,images/ISIC_0033746.jpg,masks/ISIC_0033746_segmentation.png
9326,test,ISIC_0029421,images/ISIC_0029421.jpg,masks/ISIC_0029421_segmentation.png
9327,test,ISIC_0033966,images/ISIC_0033966.jpg,masks/ISIC_0033966_segmentation.png
9328,test,ISIC_0026846,images/ISIC_0026846.jpg,masks/ISIC_0026846_segmentation.png
9329,test,ISIC_0025708,images/ISIC_0025708.jpg,masks/ISIC_0025708_segmentation.png
9330,test,ISIC_0026086,images/ISIC_0026086.jpg,masks/ISIC_0026086_segmentation.png
9331,test,ISIC_0028328,images/ISIC_0028328.jpg,masks/ISIC_0028328_segmentation.png
9332,test,ISIC_0025717,images/ISIC_0025717.jpg,masks/ISIC_0025717_segmentation.png
9333,test,ISIC_0028084,images/ISIC_0028084.jpg,masks/ISIC_0028084_segmentation.png
9334,test,ISIC_0029344,images/ISIC_0029344.jpg,masks/ISIC_0029344_segmentation.png
9335,test,ISIC_0031512,images/ISIC_0031512.jpg,masks/ISIC_0031512_segmentation.png
9336,test,ISIC_0031320,images/ISIC_0031320.jpg,masks/ISIC_0031320_segmentation.png
9337,test,ISIC_0032004,images/ISIC_0032004.jpg,masks/ISIC_0032004_segmentation.png
9338,test,ISIC_0025066,images/ISIC_0025066.jpg,masks/ISIC_0025066_segmentation.png
9339,test,ISIC_0026866,images/ISIC_0026866.jpg,masks/ISIC_0026866_segmentation.png
9340,test,ISIC_0026801,images/ISIC_0026801.jpg,masks/ISIC_0026801_segmentation.png
9341,test,ISIC_0029212,images/ISIC_0029212.jpg,masks/ISIC_0029212_segmentation.png
9342,test,ISIC_0025821,images/ISIC_0025821.jpg,masks/ISIC_0025821_segmentation.png
9343,test,ISIC_0026304,images/ISIC_0026304.jpg,masks/ISIC_0026304_segmentation.png
9344,test,ISIC_0028456,images/ISIC_0028456.jpg,masks/ISIC_0028456_segmentation.png
9345,test,ISIC_0030529,images/ISIC_0030529.jpg,masks/ISIC_0030529_segmentation.png
9346,test,ISIC_0030665,images/ISIC_0030665.jpg,masks/ISIC_0030665_segmentation.png
9347,test,ISIC_0028208,images/ISIC_0028208.jpg,masks/ISIC_0028208_segmentation.png
9348,test,ISIC_0027526,images/ISIC_0027526.jpg,masks/ISIC_0027526_segmentation.png
9349,test,ISIC_0025597,images/ISIC_0025597.jpg,masks/ISIC_0025597_segmentation.png
9350,test,ISIC_0024882,images/ISIC_0024882.jpg,masks/ISIC_0024882_segmentation.png
9351,test,ISIC_0032650,images/ISIC_0032650.jpg,masks/ISIC_0032650_segmentation.png
9352,test,ISIC_0029830,images/ISIC_0029830.jpg,masks/ISIC_0029830_segmentation.png
9353,test,ISIC_0028915,images/ISIC_0028915.jpg,masks/ISIC_0028915_segmentation.png
9354,test,ISIC_0031929,images/ISIC_0031929.jpg,masks/ISIC_0031929_segmentation.png
9355,test,ISIC_0024676,images/ISIC_0024676.jpg,masks/ISIC_0024676_segmentation.png
9356,test,ISIC_0032887,images/ISIC_0032887.jpg,masks/ISIC_0032887_segmentation.png
9357,test,ISIC_0033595,images/ISIC_0033595.jpg,masks/ISIC_0033595_segmentation.png
9358,test,ISIC_0031102,images/ISIC_0031102.jpg,masks/ISIC_0031102_segmentation.png
9359,test,ISIC_0032005,images/ISIC_0032005.jpg,masks/ISIC_0032005_segmentation.png
9360,test,ISIC_0030342,images/ISIC_0030342.jpg,masks/ISIC_0030342_segmentation.png
9361,test,ISIC_0027724,images/ISIC_0027724.jpg,masks/ISIC_0027724_segmentation.png
9362,test,ISIC_0032041,images/ISIC_0032041.jpg,masks/ISIC_0032041_segmentation.png
9363,test,ISIC_0033279,images/ISIC_0033279.jpg,masks/ISIC_0033279_segmentation.png
9364,test,ISIC_0028662,images/ISIC_0028662.jpg,masks/ISIC_0028662_segmentation.png
9365,test,ISIC_0029540,images/ISIC_0029540.jpg,masks/ISIC_0029540_segmentation.png
9366,test,ISIC_0032656,images/ISIC_0032656.jpg,masks/ISIC_0032656_segmentation.png
9367,test,ISIC_0033785,images/ISIC_0033785.jpg,masks/ISIC_0033785_segmentation.png
9368,test,ISIC_0033075,images/ISIC_0033075.jpg,masks/ISIC_0033075_segmentation.png
9369,test,ISIC_0025621,images/ISIC_0025621.jpg,masks/ISIC_0025621_segmentation.png
9370,test,ISIC_0034195,images/ISIC_0034195.jpg,masks/ISIC_0034195_segmentation.png
9371,test,ISIC_0027258,images/ISIC_0027258.jpg,masks/ISIC_0027258_segmentation.png
9372,test,ISIC_0029758,images/ISIC_0029758.jpg,masks/ISIC_0029758_segmentation.png
9373,test,ISIC_0031604,images/ISIC_0031604.jpg,masks/ISIC_0031604_segmentation.png
9374,test,ISIC_0030267,images/ISIC_0030267.jpg,masks/ISIC_0030267_segmentation.png
9375,test,ISIC_0030787,images/ISIC_0030787.jpg,masks/ISIC_0030787_segmentation.png
9376,test,ISIC_0031689,images/ISIC_0031689.jpg,masks/ISIC_0031689_segmentation.png
9377,test,ISIC_0029739,images/ISIC_0029739.jpg,masks/ISIC_0029739_segmentation.png
9378,test,ISIC_0031173,images/ISIC_0031173.jpg,masks/ISIC_0031173_segmentation.png
9379,test,ISIC_0026522,images/ISIC_0026522.jpg,masks/ISIC_0026522_segmentation.png
9380,test,ISIC_0026614,images/ISIC_0026614.jpg,masks/ISIC_0026614_segmentation.png
9381,test,ISIC_0031151,images/ISIC_0031151.jpg,masks/ISIC_0031151_segmentation.png
9382,test,ISIC_0027495,images/ISIC_0027495.jpg,masks/ISIC_0027495_segmentation.png
9383,test,ISIC_0024527,images/ISIC_0024527.jpg,masks/ISIC_0024527_segmentation.png
9384,test,ISIC_0027282,images/ISIC_0027282.jpg,masks/ISIC_0027282_segmentation.png
9385,test,ISIC_0031896,images/ISIC_0031896.jpg,masks/ISIC_0031896_segmentation.png
9386,test,ISIC_0031980,images/ISIC_0031980.jpg,masks/ISIC_0031980_segmentation.png
9387,test,ISIC_0029018,images/ISIC_0029018.jpg,masks/ISIC_0029018_segmentation.png
9388,test,ISIC_0024746,images/ISIC_0024746.jpg,masks/ISIC_0024746_segmentation.png
9389,test,ISIC_0033719,images/ISIC_0033719.jpg,masks/ISIC_0033719_segmentation.png
9390,test,ISIC_0026854,images/ISIC_0026854.jpg,masks/ISIC_0026854_segmentation.png
9391,test,ISIC_0030417,images/ISIC_0030417.jpg,masks/ISIC_0030417_segmentation.png
9392,test,ISIC_0024786,images/ISIC_0024786.jpg,masks/ISIC_0024786_segmentation.png
9393,test,ISIC_0024542,images/ISIC_0024542.jpg,masks/ISIC_0024542_segmentation.png
9394,test,ISIC_0028013,images/ISIC_0028013.jpg,masks/ISIC_0028013_segmentation.png
9395,test,ISIC_0024895,images/ISIC_0024895.jpg,masks/ISIC_0024895_segmentation.png
9396,test,ISIC_0031551,images/ISIC_0031551.jpg,masks/ISIC_0031551_segmentation.png
9397,test,ISIC_0028401,images/ISIC_0028401.jpg,masks/ISIC_0028401_segmentation.png
9398,test,ISIC_0027307,images/ISIC_0027307.jpg,masks/ISIC_0027307_segmentation.png
9399,test,ISIC_0030810,images/ISIC_0030810.jpg,masks/ISIC_0030810_segmentation.png
9400,test,ISIC_0025500,images/ISIC_0025500.jpg,masks/ISIC_0025500_segmentation.png
9401,test,ISIC_0032347,images/ISIC_0032347.jpg,masks/ISIC_0032347_segmentation.png
9402,test,ISIC_0033228,images/ISIC_0033228.jpg,masks/ISIC_0033228_segmentation.png
9403,test,ISIC_0031621,images/ISIC_0031621.jpg,masks/ISIC_0031621_segmentation.png
9404,test,ISIC_0027280,images/ISIC_0027280.jpg,masks/ISIC_0027280_segmentation.png
9405,test,ISIC_0032564,images/ISIC_0032564.jpg,masks/ISIC_0032564_segmentation.png
9406,test,ISIC_0030005,images/ISIC_0030005.jpg,masks/ISIC_0030005_segmentation.png
9407,test,ISIC_0025899,images/ISIC_0025899.jpg,masks/ISIC_0025899_segmentation.png
9408,test,ISIC_0025451,images/ISIC_0025451.jpg,masks/ISIC_0025451_segmentation.png
9409,test,ISIC_0033777,images/ISIC_0033777.jpg,masks/ISIC_0033777_segmentation.png
9410,test,ISIC_0024806,images/ISIC_0024806.jpg,masks/ISIC_0024806_segmentation.png
9411,test,ISIC_0026788,images/ISIC_0026788.jpg,masks/ISIC_0026788_segmentation.png
9412,test,ISIC_0032199,images/ISIC_0032199.jpg,masks/ISIC_0032199_segmentation.png
9413,test,ISIC_0033081,images/ISIC_0033081.jpg,masks/ISIC_0033081_segmentation.png
9414,test,ISIC_0029308,images/ISIC_0029308.jpg,masks/ISIC_0029308_segmentation.png
9415,test,ISIC_0027077,images/ISIC_0027077.jpg,masks/ISIC_0027077_segmentation.png
9416,test,ISIC_0026858,images/ISIC_0026858.jpg,masks/ISIC_0026858_segmentation.png
9417,test,ISIC_0025542,images/ISIC_0025542.jpg,masks/ISIC_0025542_segmentation.png
9418,test,ISIC_0030514,images/ISIC_0030514.jpg,masks/ISIC_0030514_segmentation.png
9419,test,ISIC_0029377,images/ISIC_0029377.jpg,masks/ISIC_0029377_segmentation.png
9420,test,ISIC_0024594,images/ISIC_0024594.jpg,masks/ISIC_0024594_segmentation.png
9421,test,ISIC_0032114,images/ISIC_0032114.jpg,masks/ISIC_0032114_segmentation.png
9422,test,ISIC_0028902,images/ISIC_0028902.jpg,masks/ISIC_0028902_segmentation.png
9423,test,ISIC_0028931,images/ISIC_0028931.jpg,masks/ISIC_0028931_segmentation.png
9424,test,ISIC_0028995,images/ISIC_0028995.jpg,masks/ISIC_0028995_segmentation.png
9425,test,ISIC_0032726,images/ISIC_0032726.jpg,masks/ISIC_0032726_segmentation.png
9426,test,ISIC_0025089,images/ISIC_0025089.jpg,masks/ISIC_0025089_segmentation.png
9427,test,ISIC_0029073,images/ISIC_0029073.jpg,masks/ISIC_0029073_segmentation.png
9428,test,ISIC_0026508,images/ISIC_0026508.jpg,masks/ISIC_0026508_segmentation.png
9429,test,ISIC_0026922,images/ISIC_0026922.jpg,masks/ISIC_0026922_segmentation.png
9430,test,ISIC_0027698,images/ISIC_0027698.jpg,masks/ISIC_0027698_segmentation.png
9431,test,ISIC_0026483,images/ISIC_0026483.jpg,masks/ISIC_0026483_segmentation.png
9432,test,ISIC_0033727,images/ISIC_0033727.jpg,masks/ISIC_0033727_segmentation.png
9433,test,ISIC_0032105,images/ISIC_0032105.jpg,masks/ISIC_0032105_segmentation.png
9434,test,ISIC_0033477,images/ISIC_0033477.jpg,masks/ISIC_0033477_segmentation.png
9435,test,ISIC_0033725,images/ISIC_0033725.jpg,masks/ISIC_0033725_segmentation.png
9436,test,ISIC_0025117,images/ISIC_0025117.jpg,masks/ISIC_0025117_segmentation.png
9437,test,ISIC_0031770,images/ISIC_0031770.jpg,masks/ISIC_0031770_segmentation.png
9438,test,ISIC_0029268,images/ISIC_0029268.jpg,masks/ISIC_0029268_segmentation.png
9439,test,ISIC_0033148,images/ISIC_0033148.jpg,masks/ISIC_0033148_segmentation.png
9440,test,ISIC_0032876,images/ISIC_0032876.jpg,masks/ISIC_0032876_segmentation.png
9441,test,ISIC_0029948,images/ISIC_0029948.jpg,masks/ISIC_0029948_segmentation.png
9442,test,ISIC_0027742,images/ISIC_0027742.jpg,masks/ISIC_0027742_segmentation.png
9443,test,ISIC_0025088,images/ISIC_0025088.jpg,masks/ISIC_0025088_segmentation.png
9444,test,ISIC_0033140,images/ISIC_0033140.jpg,masks/ISIC_0033140_segmentation.png
9445,test,ISIC_0033984,images/ISIC_0033984.jpg,masks/ISIC_0033984_segmentation.png
9446,test,ISIC_0025028,images/ISIC_0025028.jpg,masks/ISIC_0025028_segmentation.png
9447,test,ISIC_0031326,images/ISIC_0031326.jpg,masks/ISIC_0031326_segmentation.png
9448,test,ISIC_0024591,images/ISIC_0024591.jpg,masks/ISIC_0024591_segmentation.png
9449,test,ISIC_0025910,images/ISIC_0025910.jpg,masks/ISIC_0025910_segmentation.png
9450,test,ISIC_0028591,images/ISIC_0028591.jpg,masks/ISIC_0028591_segmentation.png
9451,test,ISIC_0029120,images/ISIC_0029120.jpg,masks/ISIC_0029120_segmentation.png
9452,test,ISIC_0025133,images/ISIC_0025133.jpg,masks/ISIC_0025133_segmentation.png
9453,test,ISIC_0030621,images/ISIC_0030621.jpg,masks/ISIC_0030621_segmentation.png
9454,test,ISIC_0032607,images/ISIC_0032607.jpg,masks/ISIC_0032607_segmentation.png
9455,test,ISIC_0029100,images/ISIC_0029100.jpg,masks/ISIC_0029100_segmentation.png
9456,test,ISIC_0032244,images/ISIC_0032244.jpg,masks/ISIC_0032244_segmentation.png
9457,test,ISIC_0029561,images/ISIC_0029561.jpg,masks/ISIC_0029561_segmentation.png
9458,test,ISIC_0026470,images/ISIC_0026470.jpg,masks/ISIC_0026470_segmentation.png
9459,test,ISIC_0031193,images/ISIC_0031193.jpg,masks/ISIC_0031193_segmentation.png
9460,test,ISIC_0031391,images/ISIC_0031391.jpg,masks/ISIC_0031391_segmentation.png
9461,test,ISIC_0030759,images/ISIC_0030759.jpg,masks/ISIC_0030759_segmentation.png
9462,test,ISIC_0025360,images/ISIC_0025360.jpg,masks/ISIC_0025360_segmentation.png
9463,test,ISIC_0031260,images/ISIC_0031260.jpg,masks/ISIC_0031260_segmentation.png
9464,test,ISIC_0029527,images/ISIC_0029527.jpg,masks/ISIC_0029527_segmentation.png
9465,test,ISIC_0029692,images/ISIC_0029692.jpg,masks/ISIC_0029692_segmentation.png
9466,test,ISIC_0027965,images/ISIC_0027965.jpg,masks/ISIC_0027965_segmentation.png
9467,test,ISIC_0027142,images/ISIC_0027142.jpg,masks/ISIC_0027142_segmentation.png
9468,test,ISIC_0027180,images/ISIC_0027180.jpg,masks/ISIC_0027180_segmentation.png
9469,test,ISIC_0026901,images/ISIC_0026901.jpg,masks/ISIC_0026901_segmentation.png
9470,test,ISIC_0033033,images/ISIC_0033033.jpg,masks/ISIC_0033033_segmentation.png
9471,test,ISIC_0031281,images/ISIC_0031281.jpg,masks/ISIC_0031281_segmentation.png
9472,test,ISIC_0028685,images/ISIC_0028685.jpg,masks/ISIC_0028685_segmentation.png
9473,test,ISIC_0028804,images/ISIC_0028804.jpg,masks/ISIC_0028804_segmentation.png
9474,test,ISIC_0032236,images/ISIC_0032236.jpg,masks/ISIC_0032236_segmentation.png
9475,test,ISIC_0028525,images/ISIC_0028525.jpg,masks/ISIC_0028525_segmentation.png
9476,test,ISIC_0027875,images/ISIC_0027875.jpg,masks/ISIC_0027875_segmentation.png
9477,test,ISIC_0024817,images/ISIC_0024817.jpg,masks/ISIC_0024817_segmentation.png
9478,test,ISIC_0031671,images/ISIC_0031671.jpg,masks/ISIC_0031671_segmentation.png
9479,test,ISIC_0025756,images/ISIC_0025756.jpg,masks/ISIC_0025756_segmentation.png
9480,test,ISIC_0031256,images/ISIC_0031256.jpg,masks/ISIC_0031256_segmentation.png
9481,test,ISIC_0025418,images/ISIC_0025418.jpg,masks/ISIC_0025418_segmentation.png
9482,test,ISIC_0031200,images/ISIC_0031200.jpg,masks/ISIC_0031200_segmentation.png
9483,test,ISIC_0027391,images/ISIC_0027391.jpg,masks/ISIC_0027391_segmentation.png
9484,test,ISIC_0030074,images/ISIC_0030074.jpg,masks/ISIC_0030074_segmentation.png
9485,test,ISIC_0033295,images/ISIC_0033295.jpg,masks/ISIC_0033295_segmentation.png
9486,test,ISIC_0031277,images/ISIC_0031277.jpg,masks/ISIC_0031277_segmentation.png
9487,test,ISIC_0025840,images/ISIC_0025840.jpg,masks/ISIC_0025840_segmentation.png
9488,test,ISIC_0027740,images/ISIC_0027740.jpg,masks/ISIC_0027740_segmentation.png
9489,test,ISIC_0033486,images/ISIC_0033486.jpg,masks/ISIC_0033486_segmentation.png
9490,test,ISIC_0033173,images/ISIC_0033173.jpg,masks/ISIC_0033173_segmentation.png
9491,test,ISIC_0031815,images/ISIC_0031815.jpg,masks/ISIC_0031815_segmentation.png
9492,test,ISIC_0029288,images/ISIC_0029288.jpg,masks/ISIC_0029288_segmentation.png
9493,test,ISIC_0033220,images/ISIC_0033220.jpg,masks/ISIC_0033220_segmentation.png
9494,test,ISIC_0031361,images/ISIC_0031361.jpg,masks/ISIC_0031361_segmentation.png
9495,test,ISIC_0031010,images/ISIC_0031010.jpg,masks/ISIC_0031010_segmentation.png
9496,test,ISIC_0025861,images/ISIC_0025861.jpg,masks/ISIC_0025861_segmentation.png
9497,test,ISIC_0029148,images/ISIC_0029148.jpg,masks/ISIC_0029148_segmentation.png
9498,test,ISIC_0027361,images/ISIC_0027361.jpg,masks/ISIC_0027361_segmentation.png
9499,test,ISIC_0024511,images/ISIC_0024511.jpg,masks/ISIC_0024511_segmentation.png
9500,test,ISIC_0030938,images/ISIC_0030938.jpg,masks/ISIC_0030938_segmentation.png
9501,test,ISIC_0029790,images/ISIC_0029790.jpg,masks/ISIC_0029790_segmentation.png
9502,test,ISIC_0032072,images/ISIC_0032072.jpg,masks/ISIC_0032072_segmentation.png
9503,test,ISIC_0033660,images/ISIC_0033660.jpg,masks/ISIC_0033660_segmentation.png
9504,test,ISIC_0025105,images/ISIC_0025105.jpg,masks/ISIC_0025105_segmentation.png
9505,test,ISIC_0033830,images/ISIC_0033830.jpg,masks/ISIC_0033830_segmentation.png
9506,test,ISIC_0029253,images/ISIC_0029253.jpg,masks/ISIC_0029253_segmentation.png
9507,test,ISIC_0030510,images/ISIC_0030510.jpg,masks/ISIC_0030510_segmentation.png
9508,test,ISIC_0031700,images/ISIC_0031700.jpg,masks/ISIC_0031700_segmentation.png
9509,test,ISIC_0027245,images/ISIC_0027245.jpg,masks/ISIC_0027245_segmentation.png
9510,test,ISIC_0030240,images/ISIC_0030240.jpg,masks/ISIC_0030240_segmentation.png
9511,test,ISIC_0028672,images/ISIC_0028672.jpg,masks/ISIC_0028672_segmentation.png
9512,test,ISIC_0031338,images/ISIC_0031338.jpg,masks/ISIC_0031338_segmentation.png
9513,test,ISIC_0024897,images/ISIC_0024897.jpg,masks/ISIC_0024897_segmentation.png
9514,test,ISIC_0025116,images/ISIC_0025116.jpg,masks/ISIC_0025116_segmentation.png
9515,test,ISIC_0026721,images/ISIC_0026721.jpg,masks/ISIC_0026721_segmentation.png
9516,test,ISIC_0029207,images/ISIC_0029207.jpg,masks/ISIC_0029207_segmentation.png
9517,test,ISIC_0031529,images/ISIC_0031529.jpg,masks/ISIC_0031529_segmentation.png
9518,test,ISIC_0031930,images/ISIC_0031930.jpg,masks/ISIC_0031930_segmentation.png
9519,test,ISIC_0031157,images/ISIC_0031157.jpg,masks/ISIC_0031157_segmentation.png
9520,test,ISIC_0032505,images/ISIC_0032505.jpg,masks/ISIC_0032505_segmentation.png
9521,test,ISIC_0024835,images/ISIC_0024835.jpg,masks/ISIC_0024835_segmentation.png
9522,test,ISIC_0027114,images/ISIC_0027114.jpg,masks/ISIC_0027114_segmentation.png
9523,test,ISIC_0027193,images/ISIC_0027193.jpg,masks/ISIC_0027193_segmentation.png
9524,test,ISIC_0034223,images/ISIC_0034223.jpg,masks/ISIC_0034223_segmentation.png
9525,test,ISIC_0029257,images/ISIC_0029257.jpg,masks/ISIC_0029257_segmentation.png
9526,test,ISIC_0029430,images/ISIC_0029430.jpg,masks/ISIC_0029430_segmentation.png
9527,test,ISIC_0025773,images/ISIC_0025773.jpg,masks/ISIC_0025773_segmentation.png
9528,test,ISIC_0030464,images/ISIC_0030464.jpg,masks/ISIC_0030464_segmentation.png
9529,test,ISIC_0031491,images/ISIC_0031491.jpg,masks/ISIC_0031491_segmentation.png
9530,test,ISIC_0026675,images/ISIC_0026675.jpg,masks/ISIC_0026675_segmentation.png
9531,test,ISIC_0032163,images/ISIC_0032163.jpg,masks/ISIC_0032163_segmentation.png
9532,test,ISIC_0029458,images/ISIC_0029458.jpg,masks/ISIC_0029458_segmentation.png
9533,test,ISIC_0026798,images/ISIC_0026798.jpg,masks/ISIC_0026798_segmentation.png
9534,test,ISIC_0027835,images/ISIC_0027835.jpg,masks/ISIC_0027835_segmentation.png
9535,test,ISIC_0027253,images/ISIC_0027253.jpg,masks/ISIC_0027253_segmentation.png
9536,test,ISIC_0030329,images/ISIC_0030329.jpg,masks/ISIC_0030329_segmentation.png
9537,test,ISIC_0030291,images/ISIC_0030291.jpg,masks/ISIC_0030291_segmentation.png
9538,test,ISIC_0024854,images/ISIC_0024854.jpg,masks/ISIC_0024854_segmentation.png
9539,test,ISIC_0034035,images/ISIC_0034035.jpg,masks/ISIC_0034035_segmentation.png
9540,test,ISIC_0028231,images/ISIC_0028231.jpg,masks/ISIC_0028231_segmentation.png
9541,test,ISIC_0029887,images/ISIC_0029887.jpg,masks/ISIC_0029887_segmentation.png
9542,test,ISIC_0032777,images/ISIC_0032777.jpg,masks/ISIC_0032777_segmentation.png
9543,test,ISIC_0030794,images/ISIC_0030794.jpg,masks/ISIC_0030794_segmentation.png
9544,test,ISIC_0031132,images/ISIC_0031132.jpg,masks/ISIC_0031132_segmentation.png
9545,test,ISIC_0029024,images/ISIC_0029024.jpg,masks/ISIC_0029024_segmentation.png
9546,test,ISIC_0033417,images/ISIC_0033417.jpg,masks/ISIC_0033417_segmentation.png
9547,test,ISIC_0030344,images/ISIC_0030344.jpg,masks/ISIC_0030344_segmentation.png
9548,test,ISIC_0030164,images/ISIC_0030164.jpg,masks/ISIC_0030164_segmentation.png
9549,test,ISIC_0031311,images/ISIC_0031311.jpg,masks/ISIC_0031311_segmentation.png
9550,test,ISIC_0025611,images/ISIC_0025611.jpg,masks/ISIC_0025611_segmentation.png
9551,test,ISIC_0024818,images/ISIC_0024818.jpg,masks/ISIC_0024818_segmentation.png
9552,test,ISIC_0033747,images/ISIC_0033747.jpg,masks/ISIC_0033747_segmentation.png
9553,test,ISIC_0031744,images/ISIC_0031744.jpg,masks/ISIC_0031744_segmentation.png
9554,test,ISIC_0026489,images/ISIC_0026489.jpg,masks/ISIC_0026489_segmentation.png
9555,test,ISIC_0032926,images/ISIC_0032926.jpg,masks/ISIC_0032926_segmentation.png
9556,test,ISIC_0028586,images/ISIC_0028586.jpg,masks/ISIC_0028586_segmentation.png
9557,test,ISIC_0031191,images/ISIC_0031191.jpg,masks/ISIC_0031191_segmentation.png
9558,test,ISIC_0031238,images/ISIC_0031238.jpg,masks/ISIC_0031238_segmentation.png
9559,test,ISIC_0032009,images/ISIC_0032009.jpg,masks/ISIC_0032009_segmentation.png
9560,test,ISIC_0033005,images/ISIC_0033005.jpg,masks/ISIC_0033005_segmentation.png
9561,test,ISIC_0033502,images/ISIC_0033502.jpg,masks/ISIC_0033502_segmentation.png
9562,test,ISIC_0024840,images/ISIC_0024840.jpg,masks/ISIC_0024840_segmentation.png
9563,test,ISIC_0027534,images/ISIC_0027534.jpg,masks/ISIC_0027534_segmentation.png
9564,test,ISIC_0028019,images/ISIC_0028019.jpg,masks/ISIC_0028019_segmentation.png
9565,test,ISIC_0027568,images/ISIC_0027568.jpg,masks/ISIC_0027568_segmentation.png
9566,test,ISIC_0029082,images/ISIC_0029082.jpg,masks/ISIC_0029082_segmentation.png
9567,test,ISIC_0025492,images/ISIC_0025492.jpg,masks/ISIC_0025492_segmentation.png
9568,test,ISIC_0030680,images/ISIC_0030680.jpg,masks/ISIC_0030680_segmentation.png
9569,test,ISIC_0028997,images/ISIC_0028997.jpg,masks/ISIC_0028997_segmentation.png
9570,test,ISIC_0031388,images/ISIC_0031388.jpg,masks/ISIC_0031388_segmentation.png
9571,test,ISIC_0026732,images/ISIC_0026732.jpg,masks/ISIC_0026732_segmentation.png
9572,test,ISIC_0024733,images/ISIC_0024733.jpg,masks/ISIC_0024733_segmentation.png
9573,test,ISIC_0028982,images/ISIC_0028982.jpg,masks/ISIC_0028982_segmentation.png
9574,test,ISIC_0028890,images/ISIC_0028890.jpg,masks/ISIC_0028890_segmentation.png
9575,test,ISIC_0030577,images/ISIC_0030577.jpg,masks/ISIC_0030577_segmentation.png
9576,test,ISIC_0028043,images/ISIC_0028043.jpg,masks/ISIC_0028043_segmentation.png
9577,test,ISIC_0030720,images/ISIC_0030720.jpg,masks/ISIC_0030720_segmentation.png
9578,test,ISIC_0030013,images/ISIC_0030013.jpg,masks/ISIC_0030013_segmentation.png
9579,test,ISIC_0031070,images/ISIC_0031070.jpg,masks/ISIC_0031070_segmentation.png
9580,test,ISIC_0033118,images/ISIC_0033118.jpg,masks/ISIC_0033118_segmentation.png
9581,test,ISIC_0029637,images/ISIC_0029637.jpg,masks/ISIC_0029637_segmentation.png
9582,test,ISIC_0030496,images/ISIC_0030496.jpg,masks/ISIC_0030496_segmentation.png
9583,test,ISIC_0033582,images/ISIC_0033582.jpg,masks/ISIC_0033582_segmentation.png
9584,test,ISIC_0029908,images/ISIC_0029908.jpg,masks/ISIC_0029908_segmentation.png
9585,test,ISIC_0029174,images/ISIC_0029174.jpg,masks/ISIC_0029174_segmentation.png
9586,test,ISIC_0025998,images/ISIC_0025998.jpg,masks/ISIC_0025998_segmentation.png
9587,test,ISIC_0033548,images/ISIC_0033548.jpg,masks/ISIC_0033548_segmentation.png
9588,test,ISIC_0032581,images/ISIC_0032581.jpg,masks/ISIC_0032581_segmentation.png
9589,test,ISIC_0031360,images/ISIC_0031360.jpg,masks/ISIC_0031360_segmentation.png
9590,test,ISIC_0025919,images/ISIC_0025919.jpg,masks/ISIC_0025919_segmentation.png
9591,test,ISIC_0030165,images/ISIC_0030165.jpg,masks/ISIC_0030165_segmentation.png
9592,test,ISIC_0029049,images/ISIC_0029049.jpg,masks/ISIC_0029049_segmentation.png
9593,test,ISIC_0027402,images/ISIC_0027402.jpg,masks/ISIC_0027402_segmentation.png
9594,test,ISIC_0030346,images/ISIC_0030346.jpg,masks/ISIC_0030346_segmentation.png
9595,test,ISIC_0032251,images/ISIC_0032251.jpg,masks/ISIC_0032251_segmentation.png
9596,test,ISIC_0025751,images/ISIC_0025751.jpg,masks/ISIC_0025751_segmentation.png
9597,test,ISIC_0028336,images/ISIC_0028336.jpg,masks/ISIC_0028336_segmentation.png
9598,test,ISIC_0024838,images/ISIC_0024838.jpg,masks/ISIC_0024838_segmentation.png
9599,test,ISIC_0031884,images/ISIC_0031884.jpg,masks/ISIC_0031884_segmentation.png
9600,test,ISIC_0033878,images/ISIC_0033878.jpg,masks/ISIC_0033878_segmentation.png
9601,test,ISIC_0025798,images/ISIC_0025798.jpg,masks/ISIC_0025798_segmentation.png
9602,test,ISIC_0029214,images/ISIC_0029214.jpg,masks/ISIC_0029214_segmentation.png
9603,test,ISIC_0024569,images/ISIC_0024569.jpg,masks/ISIC_0024569_segmentation.png
9604,test,ISIC_0029618,images/ISIC_0029618.jpg,masks/ISIC_0029618_segmentation.png
9605,test,ISIC_0032302,images/ISIC_0032302.jpg,masks/ISIC_0032302_segmentation.png
9606,test,ISIC_0033623,images/ISIC_0033623.jpg,masks/ISIC_0033623_segmentation.png
9607,test,ISIC_0033240,images/ISIC_0033240.jpg,masks/ISIC_0033240_segmentation.png
9608,test,ISIC_0030327,images/ISIC_0030327.jpg,masks/ISIC_0030327_segmentation.png
9609,test,ISIC_0031329,images/ISIC_0031329.jpg,masks/ISIC_0031329_segmentation.png
9610,test,ISIC_0033943,images/ISIC_0033943.jpg,masks/ISIC_0033943_segmentation.png
9611,test,ISIC_0031944,images/ISIC_0031944.jpg,masks/ISIC_0031944_segmentation.png
9612,test,ISIC_0026777,images/ISIC_0026777.jpg,masks/ISIC_0026777_segmentation.png
9613,test,ISIC_0024692,images/ISIC_0024692.jpg,masks/ISIC_0024692_segmentation.png
9614,test,ISIC_0026517,images/ISIC_0026517.jpg,masks/ISIC_0026517_segmentation.png
9615,test,ISIC_0029431,images/ISIC_0029431.jpg,masks/ISIC_0029431_segmentation.png
9616,test,ISIC_0029943,images/ISIC_0029943.jpg,masks/ISIC_0029943_segmentation.png
9617,test,ISIC_0026848,images/ISIC_0026848.jpg,masks/ISIC_0026848_segmentation.png
9618,test,ISIC_0028800,images/ISIC_0028800.jpg,masks/ISIC_0028800_segmentation.png
9619,test,ISIC_0026734,images/ISIC_0026734.jpg,masks/ISIC_0026734_segmentation.png
9620,test,ISIC_0030277,images/ISIC_0030277.jpg,masks/ISIC_0030277_segmentation.png
9621,test,ISIC_0025706,images/ISIC_0025706.jpg,masks/ISIC_0025706_segmentation.png
9622,test,ISIC_0030043,images/ISIC_0030043.jpg,masks/ISIC_0030043_segmentation.png
9623,test,ISIC_0032024,images/ISIC_0032024.jpg,masks/ISIC_0032024_segmentation.png
9624,test,ISIC_0028288,images/ISIC_0028288.jpg,masks/ISIC_0028288_segmentation.png
9625,test,ISIC_0029921,images/ISIC_0029921.jpg,masks/ISIC_0029921_segmentation.png
9626,test,ISIC_0032016,images/ISIC_0032016.jpg,masks/ISIC_0032016_segmentation.png
9627,test,ISIC_0027511,images/ISIC_0027511.jpg,masks/ISIC_0027511_segmentation.png
9628,test,ISIC_0025290,images/ISIC_0025290.jpg,masks/ISIC_0025290_segmentation.png
9629,test,ISIC_0033756,images/ISIC_0033756.jpg,masks/ISIC_0033756_segmentation.png
9630,test,ISIC_0029027,images/ISIC_0029027.jpg,masks/ISIC_0029027_segmentation.png
9631,test,ISIC_0025530,images/ISIC_0025530.jpg,masks/ISIC_0025530_segmentation.png
9632,test,ISIC_0029117,images/ISIC_0029117.jpg,masks/ISIC_0029117_segmentation.png
9633,test,ISIC_0025891,images/ISIC_0025891.jpg,masks/ISIC_0025891_segmentation.png
9634,test,ISIC_0024353,images/ISIC_0024353.jpg,masks/ISIC_0024353_segmentation.png
9635,test,ISIC_0030422,images/ISIC_0030422.jpg,masks/ISIC_0030422_segmentation.png
9636,test,ISIC_0030907,images/ISIC_0030907.jpg,masks/ISIC_0030907_segmentation.png
9637,test,ISIC_0027001,images/ISIC_0027001.jpg,masks/ISIC_0027001_segmentation.png
9638,test,ISIC_0033399,images/ISIC_0033399.jpg,masks/ISIC_0033399_segmentation.png
9639,test,ISIC_0025383,images/ISIC_0025383.jpg,masks/ISIC_0025383_segmentation.png
9640,test,ISIC_0028656,images/ISIC_0028656.jpg,masks/ISIC_0028656_segmentation.png
9641,test,ISIC_0025644,images/ISIC_0025644.jpg,masks/ISIC_0025644_segmentation.png
9642,test,ISIC_0031946,images/ISIC_0031946.jpg,masks/ISIC_0031946_segmentation.png
9643,test,ISIC_0029926,images/ISIC_0029926.jpg,masks/ISIC_0029926_segmentation.png
9644,test,ISIC_0032970,images/ISIC_0032970.jpg,masks/ISIC_0032970_segmentation.png
9645,test,ISIC_0034090,images/ISIC_0034090.jpg,masks/ISIC_0034090_segmentation.png
9646,test,ISIC_0024872,images/ISIC_0024872.jpg,masks/ISIC_0024872_segmentation.png
9647,test,ISIC_0032438,images/ISIC_0032438.jpg,masks/ISIC_0032438_segmentation.png
9648,test,ISIC_0030573,images/ISIC_0030573.jpg,masks/ISIC_0030573_segmentation.png
9649,test,ISIC_0032204,images/ISIC_0032204.jpg,masks/ISIC_0032204_segmentation.png
9650,test,ISIC_0026562,images/ISIC_0026562.jpg,masks/ISIC_0026562_segmentation.png
9651,test,ISIC_0029323,images/ISIC_0029323.jpg,masks/ISIC_0029323_segmentation.png
9652,test,ISIC_0027931,images/ISIC_0027931.jpg,masks/ISIC_0027931_segmentation.png
9653,test,ISIC_0031289,images/ISIC_0031289.jpg,masks/ISIC_0031289_segmentation.png
9654,test,ISIC_0032927,images/ISIC_0032927.jpg,masks/ISIC_0032927_segmentation.png
9655,test,ISIC_0024789,images/ISIC_0024789.jpg,masks/ISIC_0024789_segmentation.png
9656,test,ISIC_0024666,images/ISIC_0024666.jpg,masks/ISIC_0024666_segmentation.png
9657,test,ISIC_0032411,images/ISIC_0032411.jpg,masks/ISIC_0032411_segmentation.png
9658,test,ISIC_0030367,images/ISIC_0030367.jpg,masks/ISIC_0030367_segmentation.png
9659,test,ISIC_0025424,images/ISIC_0025424.jpg,masks/ISIC_0025424_segmentation.png
9660,test,ISIC_0031837,images/ISIC_0031837.jpg,masks/ISIC_0031837_segmentation.png
9661,test,ISIC_0034137,images/ISIC_0034137.jpg,masks/ISIC_0034137_segmentation.png
9662,test,ISIC_0026844,images/ISIC_0026844.jpg,masks/ISIC_0026844_segmentation.png
9663,test,ISIC_0028048,images/ISIC_0028048.jpg,masks/ISIC_0028048_segmentation.png
9664,test,ISIC_0027940,images/ISIC_0027940.jpg,masks/ISIC_0027940_segmentation.png
9665,test,ISIC_0029853,images/ISIC_0029853.jpg,masks/ISIC_0029853_segmentation.png
9666,test,ISIC_0032626,images/ISIC_0032626.jpg,masks/ISIC_0032626_segmentation.png
9667,test,ISIC_0026007,images/ISIC_0026007.jpg,masks/ISIC_0026007_segmentation.png
9668,test,ISIC_0031229,images/ISIC_0031229.jpg,masks/ISIC_0031229_segmentation.png
9669,test,ISIC_0033307,images/ISIC_0033307.jpg,masks/ISIC_0033307_segmentation.png
9670,test,ISIC_0029685,images/ISIC_0029685.jpg,masks/ISIC_0029685_segmentation.png
9671,test,ISIC_0024584,images/ISIC_0024584.jpg,masks/ISIC_0024584_segmentation.png
9672,test,ISIC_0031492,images/ISIC_0031492.jpg,masks/ISIC_0031492_segmentation.png
9673,test,ISIC_0025816,images/ISIC_0025816.jpg,masks/ISIC_0025816_segmentation.png
9674,test,ISIC_0029676,images/ISIC_0029676.jpg,masks/ISIC_0029676_segmentation.png
9675,test,ISIC_0031943,images/ISIC_0031943.jpg,masks/ISIC_0031943_segmentation.png
9676,test,ISIC_0025096,images/ISIC_0025096.jpg,masks/ISIC_0025096_segmentation.png
9677,test,ISIC_0031629,images/ISIC_0031629.jpg,masks/ISIC_0031629_segmentation.png
9678,test,ISIC_0033779,images/ISIC_0033779.jpg,masks/ISIC_0033779_segmentation.png
9679,test,ISIC_0031902,images/ISIC_0031902.jpg,masks/ISIC_0031902_segmentation.png
9680,test,ISIC_0024322,images/ISIC_0024322.jpg,masks/ISIC_0024322_segmentation.png
9681,test,ISIC_0032546,images/ISIC_0032546.jpg,masks/ISIC_0032546_segmentation.png
9682,test,ISIC_0032801,images/ISIC_0032801.jpg,masks/ISIC_0032801_segmentation.png
9683,test,ISIC_0025639,images/ISIC_0025639.jpg,masks/ISIC_0025639_segmentation.png
9684,test,ISIC_0026526,images/ISIC_0026526.jpg,masks/ISIC_0026526_segmentation.png
9685,test,ISIC_0032013,images/ISIC_0032013.jpg,masks/ISIC_0032013_segmentation.png
9686,test,ISIC_0027254,images/ISIC_0027254.jpg,masks/ISIC_0027254_segmentation.png
9687,test,ISIC_0029154,images/ISIC_0029154.jpg,masks/ISIC_0029154_segmentation.png
9688,test,ISIC_0026323,images/ISIC_0026323.jpg,masks/ISIC_0026323_segmentation.png
9689,test,ISIC_0028108,images/ISIC_0028108.jpg,masks/ISIC_0028108_segmentation.png
9690,test,ISIC_0024574,images/ISIC_0024574.jpg,masks/ISIC_0024574_segmentation.png
9691,test,ISIC_0032458,images/ISIC_0032458.jpg,masks/ISIC_0032458_segmentation.png
9692,test,ISIC_0024669,images/ISIC_0024669.jpg,masks/ISIC_0024669_segmentation.png
9693,test,ISIC_0031152,images/ISIC_0031152.jpg,masks/ISIC_0031152_segmentation.png
9694,test,ISIC_0024387,images/ISIC_0024387.jpg,masks/ISIC_0024387_segmentation.png
9695,test,ISIC_0028935,images/ISIC_0028935.jpg,masks/ISIC_0028935_segmentation.png
9696,test,ISIC_0030396,images/ISIC_0030396.jpg,masks/ISIC_0030396_segmentation.png
9697,test,ISIC_0032486,images/ISIC_0032486.jpg,masks/ISIC_0032486_segmentation.png
9698,test,ISIC_0026180,images/ISIC_0026180.jpg,masks/ISIC_0026180_segmentation.png
9699,test,ISIC_0028860,images/ISIC_0028860.jpg,masks/ISIC_0028860_segmentation.png
9700,test,ISIC_0031265,images/ISIC_0031265.jpg,masks/ISIC_0031265_segmentation.png
9701,test,ISIC_0030025,images/ISIC_0030025.jpg,masks/ISIC_0030025_segmentation.png
9702,test,ISIC_0027788,images/ISIC_0027788.jpg,masks/ISIC_0027788_segmentation.png
9703,test,ISIC_0027165,images/ISIC_0027165.jpg,masks/ISIC_0027165_segmentation.png
9704,test,ISIC_0032053,images/ISIC_0032053.jpg,masks/ISIC_0032053_segmentation.png
9705,test,ISIC_0033821,images/ISIC_0033821.jpg,masks/ISIC_0033821_segmentation.png
9706,test,ISIC_0028202,images/ISIC_0028202.jpg,masks/ISIC_0028202_segmentation.png
9707,test,ISIC_0029989,images/ISIC_0029989.jpg,masks/ISIC_0029989_segmentation.png
9708,test,ISIC_0025259,images/ISIC_0025259.jpg,masks/ISIC_0025259_segmentation.png
9709,test,ISIC_0025490,images/ISIC_0025490.jpg,masks/ISIC_0025490_segmentation.png
9710,test,ISIC_0031861,images/ISIC_0031861.jpg,masks/ISIC_0031861_segmentation.png
9711,test,ISIC_0029938,images/ISIC_0029938.jpg,masks/ISIC_0029938_segmentation.png
9712,test,ISIC_0030724,images/ISIC_0030724.jpg,masks/ISIC_0030724_segmentation.png
9713,test,ISIC_0033776,images/ISIC_0033776.jpg,masks/ISIC_0033776_segmentation.png
9714,test,ISIC_0032863,images/ISIC_0032863.jpg,masks/ISIC_0032863_segmentation.png
9715,test,ISIC_0029306,images/ISIC_0029306.jpg,masks/ISIC_0029306_segmentation.png
9716,test,ISIC_0033342,images/ISIC_0033342.jpg,masks/ISIC_0033342_segmentation.png
9717,test,ISIC_0033669,images/ISIC_0033669.jpg,masks/ISIC_0033669_segmentation.png
9718,test,ISIC_0030441,images/ISIC_0030441.jpg,masks/ISIC_0030441_segmentation.png
9719,test,ISIC_0030206,images/ISIC_0030206.jpg,masks/ISIC_0030206_segmentation.png
9720,test,ISIC_0029535,images/ISIC_0029535.jpg,masks/ISIC_0029535_segmentation.png
9721,test,ISIC_0029300,images/ISIC_0029300.jpg,masks/ISIC_0029300_segmentation.png
9722,test,ISIC_0033923,images/ISIC_0033923.jpg,masks/ISIC_0033923_segmentation.png
9723,test,ISIC_0031371,images/ISIC_0031371.jpg,masks/ISIC_0031371_segmentation.png
9724,test,ISIC_0033045,images/ISIC_0033045.jpg,masks/ISIC_0033045_segmentation.png
9725,test,ISIC_0027229,images/ISIC_0027229.jpg,masks/ISIC_0027229_segmentation.png
9726,test,ISIC_0033466,images/ISIC_0033466.jpg,masks/ISIC_0033466_segmentation.png
9727,test,ISIC_0032140,images/ISIC_0032140.jpg,masks/ISIC_0032140_segmentation.png
9728,test,ISIC_0031886,images/ISIC_0031886.jpg,masks/ISIC_0031886_segmentation.png
9729,test,ISIC_0030020,images/ISIC_0030020.jpg,masks/ISIC_0030020_segmentation.png
9730,test,ISIC_0029704,images/ISIC_0029704.jpg,masks/ISIC_0029704_segmentation.png
9731,test,ISIC_0033129,images/ISIC_0033129.jpg,masks/ISIC_0033129_segmentation.png
9732,test,ISIC_0033463,images/ISIC_0033463.jpg,masks/ISIC_0033463_segmentation.png
9733,test,ISIC_0030109,images/ISIC_0030109.jpg,masks/ISIC_0030109_segmentation.png
9734,test,ISIC_0031563,images/ISIC_0031563.jpg,masks/ISIC_0031563_segmentation.png
9735,test,ISIC_0032188,images/ISIC_0032188.jpg,masks/ISIC_0032188_segmentation.png
9736,test,ISIC_0034255,images/ISIC_0034255.jpg,masks/ISIC_0034255_segmentation.png
9737,test,ISIC_0032465,images/ISIC_0032465.jpg,masks/ISIC_0032465_segmentation.png
9738,test,ISIC_0025779,images/ISIC_0025779.jpg,masks/ISIC_0025779_segmentation.png
9739,test,ISIC_0031171,images/ISIC_0031171.jpg,masks/ISIC_0031171_segmentation.png
9740,test,ISIC_0028832,images/ISIC_0028832.jpg,masks/ISIC_0028832_segmentation.png
9741,test,ISIC_0028826,images/ISIC_0028826.jpg,masks/ISIC_0028826_segmentation.png
9742,test,ISIC_0026161,images/ISIC_0026161.jpg,masks/ISIC_0026161_segmentation.png
9743,test,ISIC_0026746,images/ISIC_0026746.jpg,masks/ISIC_0026746_segmentation.png
9744,test,ISIC_0033933,images/ISIC_0033933.jpg,masks/ISIC_0033933_segmentation.png
9745,test,ISIC_0028112,images/ISIC_0028112.jpg,masks/ISIC_0028112_segmentation.png
9746,test,ISIC_0032350,images/ISIC_0032350.jpg,masks/ISIC_0032350_segmentation.png
9747,test,ISIC_0028109,images/ISIC_0028109.jpg,masks/ISIC_0028109_segmentation.png
9748,test,ISIC_0030719,images/ISIC_0030719.jpg,masks/ISIC_0030719_segmentation.png
9749,test,ISIC_0033232,images/ISIC_0033232.jpg,masks/ISIC_0033232_segmentation.png
9750,test,ISIC_0025894,images/ISIC_0025894.jpg,masks/ISIC_0025894_segmentation.png
9751,test,ISIC_0026084,images/ISIC_0026084.jpg,masks/ISIC_0026084_segmentation.png
9752,test,ISIC_0029483,images/ISIC_0029483.jpg,masks/ISIC_0029483_segmentation.png
9753,test,ISIC_0031215,images/ISIC_0031215.jpg,masks/ISIC_0031215_segmentation.png
9754,test,ISIC_0028681,images/ISIC_0028681.jpg,masks/ISIC_0028681_segmentation.png
9755,test,ISIC_0026768,images/ISIC_0026768.jpg,masks/ISIC_0026768_segmentation.png
9756,test,ISIC_0032301,images/ISIC_0032301.jpg,masks/ISIC_0032301_segmentation.png
9757,test,ISIC_0026406,images/ISIC_0026406.jpg,masks/ISIC_0026406_segmentation.png
9758,test,ISIC_0027797,images/ISIC_0027797.jpg,masks/ISIC_0027797_segmentation.png
9759,test,ISIC_0033687,images/ISIC_0033687.jpg,masks/ISIC_0033687_segmentation.png
9760,test,ISIC_0028246,images/ISIC_0028246.jpg,masks/ISIC_0028246_segmentation.png
9761,test,ISIC_0031318,images/ISIC_0031318.jpg,masks/ISIC_0031318_segmentation.png
9762,test,ISIC_0027521,images/ISIC_0027521.jpg,masks/ISIC_0027521_segmentation.png
9763,test,ISIC_0024381,images/ISIC_0024381.jpg,masks/ISIC_0024381_segmentation.png
9764,test,ISIC_0030332,images/ISIC_0030332.jpg,masks/ISIC_0030332_segmentation.png
9765,test,ISIC_0028081,images/ISIC_0028081.jpg,masks/ISIC_0028081_segmentation.png
9766,test,ISIC_0026612,images/ISIC_0026612.jpg,masks/ISIC_0026612_segmentation.png
9767,test,ISIC_0032234,images/ISIC_0032234.jpg,masks/ISIC_0032234_segmentation.png
9768,test,ISIC_0032218,images/ISIC_0032218.jpg,masks/ISIC_0032218_segmentation.png
9769,test,ISIC_0033416,images/ISIC_0033416.jpg,masks/ISIC_0033416_segmentation.png
9770,test,ISIC_0032719,images/ISIC_0032719.jpg,masks/ISIC_0032719_segmentation.png
9771,test,ISIC_0024597,images/ISIC_0024597.jpg,masks/ISIC_0024597_segmentation.png
9772,test,ISIC_0024791,images/ISIC_0024791.jpg,masks/ISIC_0024791_segmentation.png
9773,test,ISIC_0025738,images/ISIC_0025738.jpg,masks/ISIC_0025738_segmentation.png
9774,test,ISIC_0033410,images/ISIC_0033410.jpg,masks/ISIC_0033410_segmentation.png
9775,test,ISIC_0026341,images/ISIC_0026341.jpg,masks/ISIC_0026341_segmentation.png
9776,test,ISIC_0028390,images/ISIC_0028390.jpg,masks/ISIC_0028390_segmentation.png
9777,test,ISIC_0032059,images/ISIC_0032059.jpg,masks/ISIC_0032059_segmentation.png
9778,test,ISIC_0030354,images/ISIC_0030354.jpg,masks/ISIC_0030354_segmentation.png
9779,test,ISIC_0027597,images/ISIC_0027597.jpg,masks/ISIC_0027597_segmentation.png
9780,test,ISIC_0029805,images/ISIC_0029805.jpg,masks/ISIC_0029805_segmentation.png
9781,test,ISIC_0032414,images/ISIC_0032414.jpg,masks/ISIC_0032414_segmentation.png
9782,test,ISIC_0031988,images/ISIC_0031988.jpg,masks/ISIC_0031988_segmentation.png
9783,test,ISIC_0029427,images/ISIC_0029427.jpg,masks/ISIC_0029427_segmentation.png
9784,test,ISIC_0028042,images/ISIC_0028042.jpg,masks/ISIC_0028042_segmentation.png
9785,test,ISIC_0024457,images/ISIC_0024457.jpg,masks/ISIC_0024457_segmentation.png
9786,test,ISIC_0025047,images/ISIC_0025047.jpg,masks/ISIC_0025047_segmentation.png
9787,test,ISIC_0026465,images/ISIC_0026465.jpg,masks/ISIC_0026465_segmentation.png
9788,test,ISIC_0026895,images/ISIC_0026895.jpg,masks/ISIC_0026895_segmentation.png
9789,test,ISIC_0028710,images/ISIC_0028710.jpg,masks/ISIC_0028710_segmentation.png
9790,test,ISIC_0026183,images/ISIC_0026183.jpg,masks/ISIC_0026183_segmentation.png
9791,test,ISIC_0033796,images/ISIC_0033796.jpg,masks/ISIC_0033796_segmentation.png
9792,test,ISIC_0026107,images/ISIC_0026107.jpg,masks/ISIC_0026107_segmentation.png
9793,test,ISIC_0029188,images/ISIC_0029188.jpg,masks/ISIC_0029188_segmentation.png
9794,test,ISIC_0028903,images/ISIC_0028903.jpg,masks/ISIC_0028903_segmentation.png
9795,test,ISIC_0028967,images/ISIC_0028967.jpg,masks/ISIC_0028967_segmentation.png
9796,test,ISIC_0032393,images/ISIC_0032393.jpg,masks/ISIC_0032393_segmentation.png
9797,test,ISIC_0032966,images/ISIC_0032966.jpg,masks/ISIC_0032966_segmentation.png
9798,test,ISIC_0031576,images/ISIC_0031576.jpg,masks/ISIC_0031576_segmentation.png
9799,test,ISIC_0024802,images/ISIC_0024802.jpg,masks/ISIC_0024802_segmentation.png
9800,test,ISIC_0029875,images/ISIC_0029875.jpg,masks/ISIC_0029875_segmentation.png
9801,test,ISIC_0030559,images/ISIC_0030559.jpg,masks/ISIC_0030559_segmentation.png
9802,test,ISIC_0025698,images/ISIC_0025698.jpg,masks/ISIC_0025698_segmentation.png
9803,test,ISIC_0028067,images/ISIC_0028067.jpg,masks/ISIC_0028067_segmentation.png
9804,test,ISIC_0027649,images/ISIC_0027649.jpg,masks/ISIC_0027649_segmentation.png
9805,test,ISIC_0024414,images/ISIC_0024414.jpg,masks/ISIC_0024414_segmentation.png
9806,test,ISIC_0026059,images/ISIC_0026059.jpg,masks/ISIC_0026059_segmentation.png
9807,test,ISIC_0025944,images/ISIC_0025944.jpg,masks/ISIC_0025944_segmentation.png
9808,test,ISIC_0033621,images/ISIC_0033621.jpg,masks/ISIC_0033621_segmentation.png
9809,test,ISIC_0028538,images/ISIC_0028538.jpg,masks/ISIC_0028538_segmentation.png
9810,test,ISIC_0032102,images/ISIC_0032102.jpg,masks/ISIC_0032102_segmentation.png
9811,test,ISIC_0032049,images/ISIC_0032049.jpg,masks/ISIC_0032049_segmentation.png
9812,test,ISIC_0032183,images/ISIC_0032183.jpg,masks/ISIC_0032183_segmentation.png
9813,test,ISIC_0025750,images/ISIC_0025750.jpg,masks/ISIC_0025750_segmentation.png
9814,test,ISIC_0032408,images/ISIC_0032408.jpg,masks/ISIC_0032408_segmentation.png
9815,test,ISIC_0027637,images/ISIC_0027637.jpg,masks/ISIC_0027637_segmentation.png
9816,test,ISIC_0024680,images/ISIC_0024680.jpg,masks/ISIC_0024680_segmentation.png
9817,test,ISIC_0033025,images/ISIC_0033025.jpg,masks/ISIC_0033025_segmentation.png
9818,test,ISIC_0031209,images/ISIC_0031209.jpg,masks/ISIC_0031209_segmentation.png
9819,test,ISIC_0024378,images/ISIC_0024378.jpg,masks/ISIC_0024378_segmentation.png
9820,test,ISIC_0028086,images/ISIC_0028086.jpg,masks/ISIC_0028086_segmentation.png
9821,test,ISIC_0030627,images/ISIC_0030627.jpg,masks/ISIC_0030627_segmentation.png
9822,test,ISIC_0027674,images/ISIC_0027674.jpg,masks/ISIC_0027674_segmentation.png
9823,test,ISIC_0026954,images/ISIC_0026954.jpg,masks/ISIC_0026954_segmentation.png
9824,test,ISIC_0024462,images/ISIC_0024462.jpg,masks/ISIC_0024462_segmentation.png
9825,test,ISIC_0030265,images/ISIC_0030265.jpg,masks/ISIC_0030265_segmentation.png
9826,test,ISIC_0033438,images/ISIC_0033438.jpg,masks/ISIC_0033438_segmentation.png
9827,test,ISIC_0025672,images/ISIC_0025672.jpg,masks/ISIC_0025672_segmentation.png
9828,test,ISIC_0025076,images/ISIC_0025076.jpg,masks/ISIC_0025076_segmentation.png
9829,test,ISIC_0032207,images/ISIC_0032207.jpg,masks/ISIC_0032207_segmentation.png
9830,test,ISIC_0027371,images/ISIC_0027371.jpg,masks/ISIC_0027371_segmentation.png
9831,test,ISIC_0028819,images/ISIC_0028819.jpg,masks/ISIC_0028819_segmentation.png
9832,test,ISIC_0026823,images/ISIC_0026823.jpg,masks/ISIC_0026823_segmentation.png
9833,test,ISIC_0033179,images/ISIC_0033179.jpg,masks/ISIC_0033179_segmentation.png
9834,test,ISIC_0028749,images/ISIC_0028749.jpg,masks/ISIC_0028749_segmentation.png
9835,test,ISIC_0028261,images/ISIC_0028261.jpg,masks/ISIC_0028261_segmentation.png
9836,test,ISIC_0029564,images/ISIC_0029564.jpg,masks/ISIC_0029564_segmentation.png
9837,test,ISIC_0029803,images/ISIC_0029803.jpg,masks/ISIC_0029803_segmentation.png
9838,test,ISIC_0032610,images/ISIC_0032610.jpg,masks/ISIC_0032610_segmentation.png
9839,test,ISIC_0030934,images/ISIC_0030934.jpg,masks/ISIC_0030934_segmentation.png
9840,test,ISIC_0027055,images/ISIC_0027055.jpg,masks/ISIC_0027055_segmentation.png
9841,test,ISIC_0033726,images/ISIC_0033726.jpg,masks/ISIC_0033726_segmentation.png
9842,test,ISIC_0032351,images/ISIC_0032351.jpg,masks/ISIC_0032351_segmentation.png
9843,test,ISIC_0025100,images/ISIC_0025100.jpg,masks/ISIC_0025100_segmentation.png
9844,test,ISIC_0030320,images/ISIC_0030320.jpg,masks/ISIC_0030320_segmentation.png
9845,test,ISIC_0030484,images/ISIC_0030484.jpg,masks/ISIC_0030484_segmentation.png
9846,test,ISIC_0024744,images/ISIC_0024744.jpg,masks/ISIC_0024744_segmentation.png
9847,test,ISIC_0029093,images/ISIC_0029093.jpg,masks/ISIC_0029093_segmentation.png
9848,test,ISIC_0025371,images/ISIC_0025371.jpg,masks/ISIC_0025371_segmentation.png
9849,test,ISIC_0029997,images/ISIC_0029997.jpg,masks/ISIC_0029997_segmentation.png
9850,test,ISIC_0030842,images/ISIC_0030842.jpg,masks/ISIC_0030842_segmentation.png
9851,test,ISIC_0031984,images/ISIC_0031984.jpg,masks/ISIC_0031984_segmentation.png
9852,test,ISIC_0030375,images/ISIC_0030375.jpg,masks/ISIC_0030375_segmentation.png
9853,test,ISIC_0029338,images/ISIC_0029338.jpg,masks/ISIC_0029338_segmentation.png
9854,test,ISIC_0024604,images/ISIC_0024604.jpg,masks/ISIC_0024604_segmentation.png
9855,test,ISIC_0027181,images/ISIC_0027181.jpg,masks/ISIC_0027181_segmentation.png
9856,test,ISIC_0027166,images/ISIC_0027166.jpg,masks/ISIC_0027166_segmentation.png
9857,test,ISIC_0025997,images/ISIC_0025997.jpg,masks/ISIC_0025997_segmentation.png
9858,test,ISIC_0032091,images/ISIC_0032091.jpg,masks/ISIC_0032091_segmentation.png
9859,test,ISIC_0031056,images/ISIC_0031056.jpg,masks/ISIC_0031056_segmentation.png
9860,test,ISIC_0033130,images/ISIC_0033130.jpg,masks/ISIC_0033130_segmentation.png
9861,test,ISIC_0028567,images/ISIC_0028567.jpg,masks/ISIC_0028567_segmentation.png
9862,test,ISIC_0029542,images/ISIC_0029542.jpg,masks/ISIC_0029542_segmentation.png
9863,test,ISIC_0028491,images/ISIC_0028491.jpg,masks/ISIC_0028491_segmentation.png
9864,test,ISIC_0025404,images/ISIC_0025404.jpg,masks/ISIC_0025404_segmentation.png
9865,test,ISIC_0029947,images/ISIC_0029947.jpg,masks/ISIC_0029947_segmentation.png
9866,test,ISIC_0030250,images/ISIC_0030250.jpg,masks/ISIC_0030250_segmentation.png
9867,test,ISIC_0027813,images/ISIC_0027813.jpg,masks/ISIC_0027813_segmentation.png
9868,test,ISIC_0033103,images/ISIC_0033103.jpg,masks/ISIC_0033103_segmentation.png
9869,test,ISIC_0026859,images/ISIC_0026859.jpg,masks/ISIC_0026859_segmentation.png
9870,test,ISIC_0026789,images/ISIC_0026789.jpg,masks/ISIC_0026789_segmentation.png
9871,test,ISIC_0026099,images/ISIC_0026099.jpg,masks/ISIC_0026099_segmentation.png
9872,test,ISIC_0029548,images/ISIC_0029548.jpg,masks/ISIC_0029548_segmentation.png
9873,test,ISIC_0028977,images/ISIC_0028977.jpg,masks/ISIC_0028977_segmentation.png
9874,test,ISIC_0033213,images/ISIC_0033213.jpg,masks/ISIC_0033213_segmentation.png
9875,test,ISIC_0025828,images/ISIC_0025828.jpg,masks/ISIC_0025828_segmentation.png
9876,test,ISIC_0033170,images/ISIC_0033170.jpg,masks/ISIC_0033170_segmentation.png
9877,test,ISIC_0029220,images/ISIC_0029220.jpg,masks/ISIC_0029220_segmentation.png
9878,test,ISIC_0029006,images/ISIC_0029006.jpg,masks/ISIC_0029006_segmentation.png
9879,test,ISIC_0024329,images/ISIC_0024329.jpg,masks/ISIC_0024329_segmentation.png
9880,test,ISIC_0031560,images/ISIC_0031560.jpg,masks/ISIC_0031560_segmentation.png
9881,test,ISIC_0025548,images/ISIC_0025548.jpg,masks/ISIC_0025548_segmentation.png
9882,test,ISIC_0026192,images/ISIC_0026192.jpg,masks/ISIC_0026192_segmentation.png
9883,test,ISIC_0027723,images/ISIC_0027723.jpg,masks/ISIC_0027723_segmentation.png
9884,test,ISIC_0033580,images/ISIC_0033580.jpg,masks/ISIC_0033580_segmentation.png
9885,test,ISIC_0026547,images/ISIC_0026547.jpg,masks/ISIC_0026547_segmentation.png
9886,test,ISIC_0027714,images/ISIC_0027714.jpg,masks/ISIC_0027714_segmentation.png
9887,test,ISIC_0027417,images/ISIC_0027417.jpg,masks/ISIC_0027417_segmentation.png
9888,test,ISIC_0032577,images/ISIC_0032577.jpg,masks/ISIC_0032577_segmentation.png
9889,test,ISIC_0026245,images/ISIC_0026245.jpg,masks/ISIC_0026245_segmentation.png
9890,test,ISIC_0031536,images/ISIC_0031536.jpg,masks/ISIC_0031536_segmentation.png
9891,test,ISIC_0031436,images/ISIC_0031436.jpg,masks/ISIC_0031436_segmentation.png
9892,test,ISIC_0034024,images/ISIC_0034024.jpg,masks/ISIC_0034024_segmentation.png
9893,test,ISIC_0024704,images/ISIC_0024704.jpg,masks/ISIC_0024704_segmentation.png
9894,test,ISIC_0029195,images/ISIC_0029195.jpg,masks/ISIC_0029195_segmentation.png
9895,test,ISIC_0031500,images/ISIC_0031500.jpg,masks/ISIC_0031500_segmentation.png
9896,test,ISIC_0027982,images/ISIC_0027982.jpg,masks/ISIC_0027982_segmentation.png
9897,test,ISIC_0032618,images/ISIC_0032618.jpg,masks/ISIC_0032618_segmentation.png
9898,test,ISIC_0030550,images/ISIC_0030550.jpg,masks/ISIC_0030550_segmentation.png
9899,test,ISIC_0033790,images/ISIC_0033790.jpg,masks/ISIC_0033790_segmentation.png
9900,test,ISIC_0026165,images/ISIC_0026165.jpg,masks/ISIC_0026165_segmentation.png
9901,test,ISIC_0028196,images/ISIC_0028196.jpg,masks/ISIC_0028196_segmentation.png
9902,test,ISIC_0027374,images/ISIC_0027374.jpg,masks/ISIC_0027374_segmentation.png
9903,test,ISIC_0028962,images/ISIC_0028962.jpg,masks/ISIC_0028962_segmentation.png
9904,test,ISIC_0029358,images/ISIC_0029358.jpg,masks/ISIC_0029358_segmentation.png
9905,test,ISIC_0025520,images/ISIC_0025520.jpg,masks/ISIC_0025520_segmentation.png
9906,test,ISIC_0031574,images/ISIC_0031574.jpg,masks/ISIC_0031574_segmentation.png
9907,test,ISIC_0027755,images/ISIC_0027755.jpg,masks/ISIC_0027755_segmentation.png
9908,test,ISIC_0033863,images/ISIC_0033863.jpg,masks/ISIC_0033863_segmentation.png
9909,test,ISIC_0033528,images/ISIC_0033528.jpg,masks/ISIC_0033528_segmentation.png
9910,test,ISIC_0024505,images/ISIC_0024505.jpg,masks/ISIC_0024505_segmentation.png
9911,test,ISIC_0033036,images/ISIC_0033036.jpg,masks/ISIC_0033036_segmentation.png
9912,test,ISIC_0030983,images/ISIC_0030983.jpg,masks/ISIC_0030983_segmentation.png
9913,test,ISIC_0033822,images/ISIC_0033822.jpg,masks/ISIC_0033822_segmentation.png
9914,test,ISIC_0028259,images/ISIC_0028259.jpg,masks/ISIC_0028259_segmentation.png
9915,test,ISIC_0029502,images/ISIC_0029502.jpg,masks/ISIC_0029502_segmentation.png
9916,test,ISIC_0030323,images/ISIC_0030323.jpg,masks/ISIC_0030323_segmentation.png
9917,test,ISIC_0026575,images/ISIC_0026575.jpg,masks/ISIC_0026575_segmentation.png
9918,test,ISIC_0024730,images/ISIC_0024730.jpg,masks/ISIC_0024730_segmentation.png
9919,test,ISIC_0034148,images/ISIC_0034148.jpg,masks/ISIC_0034148_segmentation.png
9920,test,ISIC_0031673,images/ISIC_0031673.jpg,masks/ISIC_0031673_segmentation.png
9921,test,ISIC_0027750,images/ISIC_0027750.jpg,masks/ISIC_0027750_segmentation.png
9922,test,ISIC_0026095,images/ISIC_0026095.jpg,masks/ISIC_0026095_segmentation.png
9923,test,ISIC_0025045,images/ISIC_0025045.jpg,masks/ISIC_0025045_segmentation.png
9924,test,ISIC_0028775,images/ISIC_0028775.jpg,masks/ISIC_0028775_segmentation.png
9925,test,ISIC_0029915,images/ISIC_0029915.jpg,masks/ISIC_0029915_segmentation.png
9926,test,ISIC_0027699,images/ISIC_0027699.jpg,masks/ISIC_0027699_segmentation.png
9927,test,ISIC_0033924,images/ISIC_0033924.jpg,masks/ISIC_0033924_segmentation.png
9928,test,ISIC_0028543,images/ISIC_0028543.jpg,masks/ISIC_0028543_segmentation.png
9929,test,ISIC_0033260,images/ISIC_0033260.jpg,masks/ISIC_0033260_segmentation.png
9930,test,ISIC_0030860,images/ISIC_0030860.jpg,masks/ISIC_0030860_segmentation.png
9931,test,ISIC_0031343,images/ISIC_0031343.jpg,masks/ISIC_0031343_segmentation.png
9932,test,ISIC_0032997,images/ISIC_0032997.jpg,masks/ISIC_0032997_segmentation.png
9933,test,ISIC_0034203,images/ISIC_0034203.jpg,masks/ISIC_0034203_segmentation.png
9934,test,ISIC_0033989,images/ISIC_0033989.jpg,masks/ISIC_0033989_segmentation.png
9935,test,ISIC_0032292,images/ISIC_0032292.jpg,masks/ISIC_0032292_segmentation.png
9936,test,ISIC_0029956,images/ISIC_0029956.jpg,masks/ISIC_0029956_segmentation.png
9937,test,ISIC_0030912,images/ISIC_0030912.jpg,masks/ISIC_0030912_segmentation.png
9938,test,ISIC_0027558,images/ISIC_0027558.jpg,masks/ISIC_0027558_segmentation.png
9939,test,ISIC_0027202,images/ISIC_0027202.jpg,masks/ISIC_0027202_segmentation.png
9940,test,ISIC_0024463,images/ISIC_0024463.jpg,masks/ISIC_0024463_segmentation.png
9941,test,ISIC_0033507,images/ISIC_0033507.jpg,masks/ISIC_0033507_segmentation.png
9942,test,ISIC_0034218,images/ISIC_0034218.jpg,masks/ISIC_0034218_segmentation.png
9943,test,ISIC_0027707,images/ISIC_0027707.jpg,masks/ISIC_0027707_segmentation.png
9944,test,ISIC_0030280,images/ISIC_0030280.jpg,masks/ISIC_0030280_segmentation.png
9945,test,ISIC_0025086,images/ISIC_0025086.jpg,masks/ISIC_0025086_segmentation.png
9946,test,ISIC_0026339,images/ISIC_0026339.jpg,masks/ISIC_0026339_segmentation.png
9947,test,ISIC_0028625,images/ISIC_0028625.jpg,masks/ISIC_0028625_segmentation.png
9948,test,ISIC_0026921,images/ISIC_0026921.jpg,masks/ISIC_0026921_segmentation.png
9949,test,ISIC_0028908,images/ISIC_0028908.jpg,masks/ISIC_0028908_segmentation.png
9950,test,ISIC_0031694,images/ISIC_0031694.jpg,masks/ISIC_0031694_segmentation.png
9951,test,ISIC_0034274,images/ISIC_0034274.jpg,masks/ISIC_0034274_segmentation.png
9952,test,ISIC_0028453,images/ISIC_0028453.jpg,masks/ISIC_0028453_segmentation.png
9953,test,ISIC_0030839,images/ISIC_0030839.jpg,masks/ISIC_0030839_segmentation.png
9954,test,ISIC_0030695,images/ISIC_0030695.jpg,masks/ISIC_0030695_segmentation.png
9955,test,ISIC_0031648,images/ISIC_0031648.jpg,masks/ISIC_0031648_segmentation.png
9956,test,ISIC_0028024,images/ISIC_0028024.jpg,masks/ISIC_0028024_segmentation.png
9957,test,ISIC_0025153,images/ISIC_0025153.jpg,masks/ISIC_0025153_segmentation.png
9958,test,ISIC_0033564,images/ISIC_0033564.jpg,masks/ISIC_0033564_segmentation.png
9959,test,ISIC_0030828,images/ISIC_0030828.jpg,masks/ISIC_0030828_segmentation.png
9960,test,ISIC_0031486,images/ISIC_0031486.jpg,masks/ISIC_0031486_segmentation.png
9961,test,ISIC_0029681,images/ISIC_0029681.jpg,masks/ISIC_0029681_segmentation.png
9962,test,ISIC_0031252,images/ISIC_0031252.jpg,masks/ISIC_0031252_segmentation.png
9963,test,ISIC_0033302,images/ISIC_0033302.jpg,masks/ISIC_0033302_segmentation.png
9964,test,ISIC_0024350,images/ISIC_0024350.jpg,masks/ISIC_0024350_segmentation.png
9965,test,ISIC_0027645,images/ISIC_0027645.jpg,masks/ISIC_0027645_segmentation.png
9966,test,ISIC_0028818,images/ISIC_0028818.jpg,masks/ISIC_0028818_segmentation.png
9967,test,ISIC_0029920,images/ISIC_0029920.jpg,masks/ISIC_0029920_segmentation.png
9968,test,ISIC_0030262,images/ISIC_0030262.jpg,masks/ISIC_0030262_segmentation.png
9969,test,ISIC_0030111,images/ISIC_0030111.jpg,masks/ISIC_0030111_segmentation.png
9970,test,ISIC_0032768,images/ISIC_0032768.jpg,masks/ISIC_0032768_segmentation.png
9971,test,ISIC_0033590,images/ISIC_0033590.jpg,masks/ISIC_0033590_segmentation.png
9972,test,ISIC_0027670,images/ISIC_0027670.jpg,masks/ISIC_0027670_segmentation.png
9973,test,ISIC_0029893,images/ISIC_0029893.jpg,masks/ISIC_0029893_segmentation.png
9974,test,ISIC_0030266,images/ISIC_0030266.jpg,masks/ISIC_0030266_segmentation.png
9975,test,ISIC_0029944,images/ISIC_0029944.jpg,masks/ISIC_0029944_segmentation.png
9976,test,ISIC_0031268,images/ISIC_0031268.jpg,masks/ISIC_0031268_segmentation.png
9977,test,ISIC_0031893,images/ISIC_0031893.jpg,masks/ISIC_0031893_segmentation.png
9978,test,ISIC_0027552,images/ISIC_0027552.jpg,masks/ISIC_0027552_segmentation.png
9979,test,ISIC_0031739,images/ISIC_0031739.jpg,masks/ISIC_0031739_segmentation.png
9980,test,ISIC_0028052,images/ISIC_0028052.jpg,masks/ISIC_0028052_segmentation.png
9981,test,ISIC_0026230,images/ISIC_0026230.jpg,masks/ISIC_0026230_segmentation.png
9982,test,ISIC_0026876,images/ISIC_0026876.jpg,masks/ISIC_0026876_segmentation.png
9983,test,ISIC_0032959,images/ISIC_0032959.jpg,masks/ISIC_0032959_segmentation.png
9984,test,ISIC_0033958,images/ISIC_0033958.jpg,masks/ISIC_0033958_segmentation.png
9985,test,ISIC_0024849,images/ISIC_0024849.jpg,masks/ISIC_0024849_segmentation.png
9986,test,ISIC_0030993,images/ISIC_0030993.jpg,masks/ISIC_0030993_segmentation.png
9987,test,ISIC_0033076,images/ISIC_0033076.jpg,masks/ISIC_0033076_segmentation.png
9988,test,ISIC_0032674,images/ISIC_0032674.jpg,masks/ISIC_0032674_segmentation.png
9989,test,ISIC_0025495,images/ISIC_0025495.jpg,masks/ISIC_0025495_segmentation.png
9990,test,ISIC_0029801,images/ISIC_0029801.jpg,masks/ISIC_0029801_segmentation.png
9991,test,ISIC_0032353,images/ISIC_0032353.jpg,masks/ISIC_0032353_segmentation.png
9992,test,ISIC_0025511,images/ISIC_0025511.jpg,masks/ISIC_0025511_segmentation.png
9993,test,ISIC_0027083,images/ISIC_0027083.jpg,masks/ISIC_0027083_segmentation.png
9994,test,ISIC_0031138,images/ISIC_0031138.jpg,masks/ISIC_0031138_segmentation.png
9995,test,ISIC_0027786,images/ISIC_0027786.jpg,masks/ISIC_0027786_segmentation.png
9996,test,ISIC_0032410,images/ISIC_0032410.jpg,masks/ISIC_0032410_segmentation.png
9997,test,ISIC_0025309,images/ISIC_0025309.jpg,masks/ISIC_0025309_segmentation.png
9998,test,ISIC_0027781,images/ISIC_0027781.jpg,masks/ISIC_0027781_segmentation.png
9999,test,ISIC_0024630,images/ISIC_0024630.jpg,masks/ISIC_0024630_segmentation.png
10000,test,ISIC_0030560,images/ISIC_0030560.jpg,masks/ISIC_0030560_segmentation.png
10001,test,ISIC_0029998,images/ISIC_0029998.jpg,masks/ISIC_0029998_segmentation.png
10002,test,ISIC_0034040,images/ISIC_0034040.jpg,masks/ISIC_0034040_segmentation.png
10003,test,ISIC_0026738,images/ISIC_0026738.jpg,masks/ISIC_0026738_segmentation.png
10004,test,ISIC_0033343,images/ISIC_0033343.jpg,masks/ISIC_0033343_segmentation.png
10005,test,ISIC_0034081,images/ISIC_0034081.jpg,masks/ISIC_0034081_segmentation.png
10006,test,ISIC_0027141,images/ISIC_0027141.jpg,masks/ISIC_0027141_segmentation.png
10007,test,ISIC_0026057,images/ISIC_0026057.jpg,masks/ISIC_0026057_segmentation.png
10008,test,ISIC_0031848,images/ISIC_0031848.jpg,masks/ISIC_0031848_segmentation.png
10009,test,ISIC_0030976,images/ISIC_0030976.jpg,masks/ISIC_0030976_segmentation.png
10010,test,ISIC_0026811,images/ISIC_0026811.jpg,masks/ISIC_0026811_segmentation.png
10011,test,ISIC_0029939,images/ISIC_0029939.jpg,masks/ISIC_0029939_segmentation.png
10012,test,ISIC_0031251,images/ISIC_0031251.jpg,masks/ISIC_0031251_segmentation.png
10013,test,ISIC_0024443,images/ISIC_0024443.jpg,masks/ISIC_0024443_segmentation.png
10014,test,ISIC_0031640,images/ISIC_0031640.jpg,masks/ISIC_0031640_segmentation.png
