index,split,image_id,image_path,mask_path
0,train,ISIC_0010553,ISIC-2017_Training_Data/ISIC_0010553.jpg,ISIC-2017_Training_Part1_GroundTruth/ISIC_0010553_segmentation.png
1,train,ISIC_0009925,ISIC-2017_Training_Data/ISIC_0009925.jpg,ISIC-2017_Training_Part1_GroundTruth/ISIC_0009925_segmentation.png
2,train,ISIC_0014394,ISIC-2017_Training_Data/ISIC_0014394.jpg,ISIC-2017_Training_Part1_GroundTruth/ISIC_0014394_segmentation.png
3,train,ISIC_0013997,ISIC-2017_Training_Data/ISIC_0013997.jpg,ISIC-2017_Training_Part1_GroundTruth/ISIC_0013997_segmentation.png
4,train,ISIC_0011367,ISIC-2017_Training_Data/ISIC_0011367.jpg,ISIC-2017_Training_Part1_GroundTruth/ISIC_0011367_segmentation.png
5,train,ISIC_0000198,ISIC-2017_Training_Data/ISIC_0000198.jpg,ISIC-2017_Training_Part1_GroundTruth/ISIC_0000198_segmentation.png
6,train,ISIC_0010326,ISIC-2017_Training_Data/ISIC_0010326.jpg,ISIC-2017_Training_Part1_GroundTruth/ISIC_0010326_segmentation.png
7,train,ISIC_0001102,ISIC-2017_Training_Data/ISIC_0001102.jpg,ISIC-2017_Training_Part1_GroundTruth/ISIC_0001102_segmentation.png
8,train,ISIC_0010574,ISIC-2017_Training_Data/ISIC_0010574.jpg,ISIC-2017_Training_Part1_GroundTruth/ISIC_0010574_segmentation.png
9,train,ISIC_0015189,ISIC-2017_Training_Data/ISIC_0015189.jpg,ISIC-2017_Training_Part1_GroundTruth/ISIC_0015189_segmentation.png
10,train,ISIC_0000220,ISIC-2017_Training_Data/ISIC_0000220.jpg,ISIC-2017_Training_Part1_GroundTruth/ISIC_0000220_segmentation.png
11,train,ISIC_0013223,ISIC-2017_Training_Data/ISIC_0013223.jpg,ISIC-2017_Training_Part1_GroundTruth/ISIC_0013223_segmentation.png
12,train,ISIC_0000038,ISIC-2017_Training_Data/ISIC_0000038.jpg,ISIC-2017_Training_Part1_GroundTruth/ISIC_0000038_segmentation.png
13,train,ISIC_0000193,ISIC-2017_Training_Data/ISIC_0000193.jpg,ISIC-2017_Training_Part1_GroundTruth/ISIC_0000193_segmentation.png
14,train,ISIC_0013039,ISIC-2017_Training_Data/ISIC_0013039.jpg,ISIC-2017_Training_Part1_GroundTruth/ISIC_0013039_segmentation.png
15,train,ISIC_0014476,ISIC-2017_Training_Data/ISIC_0014476.jpg,ISIC-2017_Training_Part1_GroundTruth/ISIC_0014476_segmentation.png
16,train,ISIC_0014923,ISIC-2017_Training_Data/ISIC_0014923.jpg,ISIC-2017_Training_Part1_GroundTruth/ISIC_0014923_segmentation.png
17,train,ISIC_0010070,ISIC-2017_Training_Data/ISIC_0010070.jpg,ISIC-2017_Training_Part1_GroundTruth/ISIC_0010070_segmentation.png
18,train,ISIC_0009252,ISIC-2017_Training_Data/ISIC_0009252.jpg,ISIC-2017_Training_Part1_GroundTruth/ISIC_0009252_segmentation.png
19,train,ISIC_0002107,ISIC-2017_Training_Data/ISIC_0002107.jpg,ISIC-2017_Training_Part1_GroundTruth/ISIC_0002107_segmentation.png
20,train,ISIC_0012678,ISIC-2017_Training_Data/ISIC_0012678.jpg,ISIC-2017_Training_Part1_GroundTruth/ISIC_0012678_segmentation.png
21,train,ISIC_0000098,ISIC-2017_Training_Data/ISIC_0000098.jpg,ISIC-2017_Training_Part1_GroundTruth/ISIC_0000098_segmentation.png
22,train,ISIC_0013713,ISIC-2017_Training_Data/ISIC_0013713.jpg,ISIC-2017_Training_Part1_GroundTruth/ISIC_0013713_segmentation.png
23,train,ISIC_0012907,ISIC-2017_Training_Data/ISIC_0012907.jpg,ISIC-2017_Training_Part1_GroundTruth/ISIC_0012907_segmentation.png
24,train,ISIC_0012386,ISIC-2017_Training_Data/ISIC_0012386.jpg,ISIC-2017_Training_Part1_GroundTruth/ISIC_0012386_segmentation.png
25,train,ISIC_0014654,ISIC-2017_Training_Data/ISIC_0014654.jpg,ISIC-2017_Training_Part1_GroundTruth/ISIC_0014654_segmentation.png
26,train,ISIC_0013530,ISIC-2017_Training_Data/ISIC_0013530.jpg,ISIC-2017_Training_Part1_GroundTruth/ISIC_0013530_segmentation.png
27,train,ISIC_0013160,ISIC-2017_Training_Data/ISIC_0013160.jpg,ISIC-2017_Training_Part1_GroundTruth/ISIC_0013160_segmentation.png
28,train,ISIC_0002673,ISIC-2017_Training_Data/ISIC_0002673.jpg,ISIC-2017_Training_Part1_GroundTruth/ISIC_0002673_segmentation.png
29,train,ISIC_0010449,ISIC-2017_Training_Data/ISIC_0010449.jpg,ISIC-2017_Training_Part1_GroundTruth/ISIC_0010449_segmentation.png
30,train,ISIC_0011110,ISIC-2017_Training_Data/ISIC_0011110.jpg,ISIC-2017_Training_Part1_GroundTruth/ISIC_0011110_segmentation.png
31,train,ISIC_0000078,ISIC-2017_Training_Data/ISIC_0000078.jpg,ISIC-2017_Training_Part1_GroundTruth/ISIC_0000078_segmentation.png
32,train,ISIC_0000042,ISIC-2017_Training_Data/ISIC_0000042.jpg,ISIC-2017_Training_Part1_GroundTruth/ISIC_0000042_segmentation.png
33,train,ISIC_0010557,ISIC-2017_Training_Data/ISIC_0010557.jpg,ISIC-2017_Training_Part1_GroundTruth/ISIC_0010557_segmentation.png
34,train,ISIC_0012709,ISIC-2017_Training_Data/ISIC_0012709.jpg,ISIC-2017_Training_Part1_GroundTruth/ISIC_0012709_segmentation.png
35,train,ISIC_0011095,ISIC-2017_Training_Data/ISIC_0011095.jpg,ISIC-2017_Training_Part1_GroundTruth/ISIC_0011095_segmentation.png
36,train,ISIC_0009533,ISIC-2017_Training_Data/ISIC_0009533.jpg,ISIC-2017_Training_Part1_GroundTruth/ISIC_0009533_segmentation.png
37,train,ISIC_0009430,ISIC-2017_Training_Data/ISIC_0009430.jpg,ISIC-2017_Training_Part1_GroundTruth/ISIC_0009430_segmentation.png
38,train,ISIC_0000332,ISIC-2017_Training_Data/ISIC_0000332.jpg,ISIC-2017_Training_Part1_GroundTruth/ISIC_0000332_segmentation.png
39,train,ISIC_0014903,ISIC-2017_Training_Data/ISIC_0014903.jpg,ISIC-2017_Training_Part1_GroundTruth/ISIC_0014903_segmentation.png
40,train,ISIC_0014694,ISIC-2017_Training_Data/ISIC_0014694.jpg,ISIC-2017_Training_Part1_GroundTruth/ISIC_0014694_segmentation.png
41,train,ISIC_0009939,ISIC-2017_Training_Data/ISIC_0009939.jpg,ISIC-2017_Training_Part1_GroundTruth/ISIC_0009939_segmentation.png
42,train,ISIC_0014582,ISIC-2017_Training_Data/ISIC_0014582.jpg,ISIC-2017_Training_Part1_GroundTruth/ISIC_0014582_segmentation.png
43,train,ISIC_0010479,ISIC-2017_Training_Data/ISIC_0010479.jpg,ISIC-2017_Training_Part1_GroundTruth/ISIC_0010479_segmentation.png
44,train,ISIC_0009910,ISIC-2017_Training_Data/ISIC_0009910.jpg,ISIC-2017_Training_Part1_GroundTruth/ISIC_0009910_segmentation.png
45,train,ISIC_0013333,ISIC-2017_Training_Data/ISIC_0013333.jpg,ISIC-2017_Training_Part1_GroundTruth/ISIC_0013333_segmentation.png
46,train,ISIC_0014615,ISIC-2017_Training_Data/ISIC_0014615.jpg,ISIC-2017_Training_Part1_GroundTruth/ISIC_0014615_segmentation.png
47,train,ISIC_0010047,ISIC-2017_Training_Data/ISIC_0010047.jpg,ISIC-2017_Training_Part1_GroundTruth/ISIC_0010047_segmentation.png
48,train,ISIC_0010603,ISIC-2017_Training_Data/ISIC_0010603.jpg,ISIC-2017_Training_Part1_GroundTruth/ISIC_0010603_segmentation.png
49,train,ISIC_0010213,ISIC-2017_Training_Data/ISIC_0010213.jpg,ISIC-2017_Training_Part1_GroundTruth/ISIC_0010213_segmentation.png
50,train,ISIC_0015170,ISIC-2017_Training_Data/ISIC_0015170.jpg,ISIC-2017_Training_Part1_GroundTruth/ISIC_0015170_segmentation.png
51,train,ISIC_0013187,ISIC-2017_Training_Data/ISIC_0013187.jpg,ISIC-2017_Training_Part1_GroundTruth/ISIC_0013187_segmentation.png
52,train,ISIC_0014504,ISIC-2017_Training_Data/ISIC_0014504.jpg,ISIC-2017_Training_Part1_GroundTruth/ISIC_0014504_segmentation.png
53,train,ISIC_0013027,ISIC-2017_Training_Data/ISIC_0013027.jpg,ISIC-2017_Training_Part1_GroundTruth/ISIC_0013027_segmentation.png
54,train,ISIC_0012164,ISIC-2017_Training_Data/ISIC_0012164.jpg,ISIC-2017_Training_Part1_GroundTruth/ISIC_0012164_segmentation.png
55,train,ISIC_0013121,ISIC-2017_Training_Data/ISIC_0013121.jpg,ISIC-2017_Training_Part1_GroundTruth/ISIC_0013121_segmentation.png
56,train,ISIC_0013972,ISIC-2017_Training_Data/ISIC_0013972.jpg,ISIC-2017_Training_Part1_GroundTruth/ISIC_0013972_segmentation.png
57,train,ISIC_0000427,ISIC-2017_Training_Data/ISIC_0000427.jpg,ISIC-2017_Training_Part1_GroundTruth/ISIC_0000427_segmentation.png
58,train,ISIC_0011115,ISIC-2017_Training_Data/ISIC_0011115.jpg,ISIC-2017_Training_Part1_GroundTruth/ISIC_0011115_segmentation.png
59,train,ISIC_0010069,ISIC-2017_Training_Data/ISIC_0010069.jpg,ISIC-2017_Training_Part1_GroundTruth/ISIC_0010069_segmentation.png
60,train,ISIC_0009935,ISIC-2017_Training_Data/ISIC_0009935.jpg,ISIC-2017_Training_Part1_GroundTruth/ISIC_0009935_segmentation.png
61,train,ISIC_0013126,ISIC-2017_Training_Data/ISIC_0013126.jpg,ISIC-2017_Training_Part1_GroundTruth/ISIC_0013126_segmentation.png
62,train,ISIC_0011145,ISIC-2017_Training_Data/ISIC_0011145.jpg,ISIC-2017_Training_Part1_GroundTruth/ISIC_0011145_segmentation.png
63,train,ISIC_0009972,ISIC-2017_Training_Data/ISIC_0009972.jpg,ISIC-2017_Training_Part1_GroundTruth/ISIC_0009972_segmentation.png
64,train,ISIC_0010192,ISIC-2017_Training_Data/ISIC_0010192.jpg,ISIC-2017_Training_Part1_GroundTruth/ISIC_0010192_segmentation.png
65,train,ISIC_0000449,ISIC-2017_Training_Data/ISIC_0000449.jpg,ISIC-2017_Training_Part1_GroundTruth/ISIC_0000449_segmentation.png
66,train,ISIC_0013803,ISIC-2017_Training_Data/ISIC_0013803.jpg,ISIC-2017_Training_Part1_GroundTruth/ISIC_0013803_segmentation.png
67,train,ISIC_0010055,ISIC-2017_Training_Data/ISIC_0010055.jpg,ISIC-2017_Training_Part1_GroundTruth/ISIC_0010055_segmentation.png
68,train,ISIC_0011107,ISIC-2017_Training_Data/ISIC_0011107.jpg,ISIC-2017_Training_Part1_GroundTruth/ISIC_0011107_segmentation.png
69,train,ISIC_0010046,ISIC-2017_Training_Data/ISIC_0010046.jpg,ISIC-2017_Training_Part1_GroundTruth/ISIC_0010046_segmentation.png
70,train,ISIC_0012212,ISIC-2017_Training_Data/ISIC_0012212.jpg,ISIC-2017_Training_Part1_GroundTruth/ISIC_0012212_segmentation.png
71,train,ISIC_0000044,ISIC-2017_Training_Data/ISIC_0000044.jpg,ISIC-2017_Training_Part1_GroundTruth/ISIC_0000044_segmentation.png
72,train,ISIC_0012772,ISIC-2017_Training_Data/ISIC_0012772.jpg,ISIC-2017_Training_Part1_GroundTruth/ISIC_0012772_segmentation.png
73,train,ISIC_0000159,ISIC-2017_Training_Data/ISIC_0000159.jpg,ISIC-2017_Training_Part1_GroundTruth/ISIC_0000159_segmentation.png
74,train,ISIC_0014028,ISIC-2017_Training_Data/ISIC_0014028.jpg,ISIC-2017_Training_Part1_GroundTruth/ISIC_0014028_segmentation.png
75,train,ISIC_0010100,ISIC-2017_Training_Data/ISIC_0010100.jpg,ISIC-2017_Training_Part1_GroundTruth/ISIC_0010100_segmentation.png
76,train,ISIC_0013055,ISIC-2017_Training_Data/ISIC_0013055.jpg,ISIC-2017_Training_Part1_GroundTruth/ISIC_0013055_segmentation.png
77,train,ISIC_0013621,ISIC-2017_Training_Data/ISIC_0013621.jpg,ISIC-2017_Training_Part1_GroundTruth/ISIC_0013621_segmentation.png
78,train,ISIC_0000314,ISIC-2017_Training_Data/ISIC_0000314.jpg,ISIC-2017_Training_Part1_GroundTruth/ISIC_0000314_segmentation.png
79,train,ISIC_0013888,ISIC-2017_Training_Data/ISIC_0013888.jpg,ISIC-2017_Training_Part1_GroundTruth/ISIC_0013888_segmentation.png
80,train,ISIC_0006326,ISIC-2017_Training_Data/ISIC_0006326.jpg,ISIC-2017_Training_Part1_GroundTruth/ISIC_0006326_segmentation.png
81,train,ISIC_0000354,ISIC-2017_Training_Data/ISIC_0000354.jpg,ISIC-2017_Training_Part1_GroundTruth/ISIC_0000354_segmentation.png
82,train,ISIC_0009188,ISIC-2017_Training_Data/ISIC_0009188.jpg,ISIC-2017_Training_Part1_GroundTruth/ISIC_0009188_segmentation.png
83,train,ISIC_0013601,ISIC-2017_Training_Data/ISIC_0013601.jpg,ISIC-2017_Training_Part1_GroundTruth/ISIC_0013601_segmentation.png
84,train,ISIC_0013165,ISIC-2017_Training_Data/ISIC_0013165.jpg,ISIC-2017_Training_Part1_GroundTruth/ISIC_0013165_segmentation.png
85,train,ISIC_0000062,ISIC-2017_Training_Data/ISIC_0000062.jpg,ISIC-2017_Training_Part1_GroundTruth/ISIC_0000062_segmentation.png
86,train,ISIC_0014849,ISIC-2017_Training_Data/ISIC_0014849.jpg,ISIC-2017_Training_Part1_GroundTruth/ISIC_0014849_segmentation.png
87,train,ISIC_0012281,ISIC-2017_Training_Data/ISIC_0012281.jpg,ISIC-2017_Training_Part1_GroundTruth/ISIC_0012281_segmentation.png
88,train,ISIC_0012376,ISIC-2017_Training_Data/ISIC_0012376.jpg,ISIC-2017_Training_Part1_GroundTruth/ISIC_0012376_segmentation.png
89,train,ISIC_0005548,ISIC-2017_Training_Data/ISIC_0005548.jpg,ISIC-2017_Training_Part1_GroundTruth/ISIC_0005548_segmentation.png
90,train,ISIC_0000197,ISIC-2017_Training_Data/ISIC_0000197.jpg,ISIC-2017_Training_Part1_GroundTruth/ISIC_0000197_segmentation.png
91,train,ISIC_0014171,ISIC-2017_Training_Data/ISIC_0014171.jpg,ISIC-2017_Training_Part1_GroundTruth/ISIC_0014171_segmentation.png
92,train,ISIC_0009879,ISIC-2017_Training_Data/ISIC_0009879.jpg,ISIC-2017_Training_Part1_GroundTruth/ISIC_0009879_segmentation.png
93,train,ISIC_0012517,ISIC-2017_Training_Data/ISIC_0012517.jpg,ISIC-2017_Training_Part1_GroundTruth/ISIC_0012517_segmentation.png
94,train,ISIC_0014613,ISIC-2017_Training_Data/ISIC_0014613.jpg,ISIC-2017_Training_Part1_GroundTruth/ISIC_0014613_segmentation.png
95,train,ISIC_0012224,ISIC-2017_Training_Data/ISIC_0012224.jpg,ISIC-2017_Training_Part1_GroundTruth/ISIC_0012224_segmentation.png
96,train,ISIC_0014511,ISIC-2017_Training_Data/ISIC_0014511.jpg,ISIC-2017_Training_Part1_GroundTruth/ISIC_0014511_segmentation.png
97,train,ISIC_0014762,ISIC-2017_Training_Data/ISIC_0014762.jpg,ISIC-2017_Training_Part1_GroundTruth/ISIC_0014762_segmentation.png
98,train,ISIC_0000107,ISIC-2017_Training_Data/ISIC_0000107.jpg,ISIC-2017_Training_Part1_GroundTruth/ISIC_0000107_segmentation.png
99,train,ISIC_0013500,ISIC-2017_Training_Data/ISIC_0013500.jpg,ISIC-2017_Training_Part1_GroundTruth/ISIC_0013500_segmentation.png
100,train,ISIC_0003005,ISIC-2017_Training_Data/ISIC_0003005.jpg,ISIC-2017_Training_Part1_GroundTruth/ISIC_0003005_segmentation.png
101,train,ISIC_0012090,ISIC-2017_Training_Data/ISIC_0012090.jpg,ISIC-2017_Training_Part1_GroundTruth/ISIC_0012090_segmentation.png
102,train,ISIC_0014576,ISIC-2017_Training_Data/ISIC_0014576.jpg,ISIC-2017_Training_Part1_GroundTruth/ISIC_0014576_segmentation.png
103,train,ISIC_0013830,ISIC-2017_Training_Data/ISIC_0013830.jpg,ISIC-2017_Training_Part1_GroundTruth/ISIC_0013830_segmentation.png
104,train,ISIC_0012527,ISIC-2017_Training_Data/ISIC_0012527.jpg,ISIC-2017_Training_Part1_GroundTruth/ISIC_0012527_segmentation.png
105,train,ISIC_0012377,ISIC-2017_Training_Data/ISIC_0012377.jpg,ISIC-2017_Training_Part1_GroundTruth/ISIC_0012377_segmentation.png
106,train,ISIC_0014904,ISIC-2017_Training_Data/ISIC_0014904.jpg,ISIC-2017_Training_Part1_GroundTruth/ISIC_0014904_segmentation.png
107,train,ISIC_0012999,ISIC-2017_Training_Data/ISIC_0012999.jpg,ISIC-2017_Training_Part1_GroundTruth/ISIC_0012999_segmentation.png
108,train,ISIC_0002476,ISIC-2017_Training_Data/ISIC_0002476.jpg,ISIC-2017_Training_Part1_GroundTruth/ISIC_0002476_segmentation.png
109,train,ISIC_0012962,ISIC-2017_Training_Data/ISIC_0012962.jpg,ISIC-2017_Training_Part1_GroundTruth/ISIC_0012962_segmentation.png
110,train,ISIC_0000124,ISIC-2017_Training_Data/ISIC_0000124.jpg,ISIC-2017_Training_Part1_GroundTruth/ISIC_0000124_segmentation.png
111,train,ISIC_0013365,ISIC-2017_Training_Data/ISIC_0013365.jpg,ISIC-2017_Training_Part1_GroundTruth/ISIC_0013365_segmentation.png
112,train,ISIC_0012257,ISIC-2017_Training_Data/ISIC_0012257.jpg,ISIC-2017_Training_Part1_GroundTruth/ISIC_0012257_segmentation.png
113,train,ISIC_0011117,ISIC-2017_Training_Data/ISIC_0011117.jpg,ISIC-2017_Training_Part1_GroundTruth/ISIC_0011117_segmentation.png
114,train,ISIC_0014441,ISIC-2017_Training_Data/ISIC_0014441.jpg,ISIC-2017_Training_Part1_GroundTruth/ISIC_0014441_segmentation.png
115,train,ISIC_0002438,ISIC-2017_Training_Data/ISIC_0002438.jpg,ISIC-2017_Training_Part1_GroundTruth/ISIC_0002438_segmentation.png
116,train,ISIC_0012768,ISIC-2017_Training_Data/ISIC_0012768.jpg,ISIC-2017_Training_Part1_GroundTruth/ISIC_0012768_segmentation.png
117,train,ISIC_0013044,ISIC-2017_Training_Data/ISIC_0013044.jpg,ISIC-2017_Training_Part1_GroundTruth/ISIC_0013044_segmentation.png
118,train,ISIC_0000514,ISIC-2017_Training_Data/ISIC_0000514.jpg,ISIC-2017_Training_Part1_GroundTruth/ISIC_0000514_segmentation.png
119,train,ISIC_0000067,ISIC-2017_Training_Data/ISIC_0000067.jpg,ISIC-2017_Training_Part1_GroundTruth/ISIC_0000067_segmentation.png
120,train,ISIC_0010234,ISIC-2017_Training_Data/ISIC_0010234.jpg,ISIC-2017_Training_Part1_GroundTruth/ISIC_0010234_segmentation.png
121,train,ISIC_0000468,ISIC-2017_Training_Data/ISIC_0000468.jpg,ISIC-2017_Training_Part1_GroundTruth/ISIC_0000468_segmentation.png
122,train,ISIC_0000498,ISIC-2017_Training_Data/ISIC_0000498.jpg,ISIC-2017_Training_Part1_GroundTruth/ISIC_0000498_segmentation.png
123,train,ISIC_0000176,ISIC-2017_Training_Data/ISIC_0000176.jpg,ISIC-2017_Training_Part1_GroundTruth/ISIC_0000176_segmentation.png
124,train,ISIC_0010593,ISIC-2017_Training_Data/ISIC_0010593.jpg,ISIC-2017_Training_Part1_GroundTruth/ISIC_0010593_segmentation.png
125,train,ISIC_0013136,ISIC-2017_Training_Data/ISIC_0013136.jpg,ISIC-2017_Training_Part1_GroundTruth/ISIC_0013136_segmentation.png
126,train,ISIC_0011211,ISIC-2017_Training_Data/ISIC_0011211.jpg,ISIC-2017_Training_Part1_GroundTruth/ISIC_0011211_segmentation.png
127,train,ISIC_0013643,ISIC-2017_Training_Data/ISIC_0013643.jpg,ISIC-2017_Training_Part1_GroundTruth/ISIC_0013643_segmentation.png
128,train,ISIC_0000524,ISIC-2017_Training_Data/ISIC_0000524.jpg,ISIC-2017_Training_Part1_GroundTruth/ISIC_0000524_segmentation.png
129,train,ISIC_0013559,ISIC-2017_Training_Data/ISIC_0013559.jpg,ISIC-2017_Training_Part1_GroundTruth/ISIC_0013559_segmentation.png
130,train,ISIC_0010261,ISIC-2017_Training_Data/ISIC_0010261.jpg,ISIC-2017_Training_Part1_GroundTruth/ISIC_0010261_segmentation.png
131,train,ISIC_0000475,ISIC-2017_Training_Data/ISIC_0000475.jpg,ISIC-2017_Training_Part1_GroundTruth/ISIC_0000475_segmentation.png
132,train,ISIC_0010087,ISIC-2017_Training_Data/ISIC_0010087.jpg,ISIC-2017_Training_Part1_GroundTruth/ISIC_0010087_segmentation.png
133,train,ISIC_0010435,ISIC-2017_Training_Data/ISIC_0010435.jpg,ISIC-2017_Training_Part1_GroundTruth/ISIC_0010435_segmentation.png
134,train,ISIC_0010018,ISIC-2017_Training_Data/ISIC_0010018.jpg,ISIC-2017_Training_Part1_GroundTruth/ISIC_0010018_segmentation.png
135,train,ISIC_0013983,ISIC-2017_Training_Data/ISIC_0013983.jpg,ISIC-2017_Training_Part1_GroundTruth/ISIC_0013983_segmentation.png
136,train,ISIC_0014596,ISIC-2017_Training_Data/ISIC_0014596.jpg,ISIC-2017_Training_Part1_GroundTruth/ISIC_0014596_segmentation.png
137,train,ISIC_0000053,ISIC-2017_Training_Data/ISIC_0000053.jpg,ISIC-2017_Training_Part1_GroundTruth/ISIC_0000053_segmentation.png
138,train,ISIC_0014708,ISIC-2017_Training_Data/ISIC_0014708.jpg,ISIC-2017_Training_Part1_GroundTruth/ISIC_0014708_segmentation.png
139,train,ISIC_0000341,ISIC-2017_Training_Data/ISIC_0000341.jpg,ISIC-2017_Training_Part1_GroundTruth/ISIC_0000341_segmentation.png
140,train,ISIC_0012823,ISIC-2017_Training_Data/ISIC_0012823.jpg,ISIC-2017_Training_Part1_GroundTruth/ISIC_0012823_segmentation.png
141,train,ISIC_0010483,ISIC-2017_Training_Data/ISIC_0010483.jpg,ISIC-2017_Training_Part1_GroundTruth/ISIC_0010483_segmentation.png
142,train,ISIC_0000018,ISIC-2017_Training_Data/ISIC_0000018.jpg,ISIC-2017_Training_Part1_GroundTruth/ISIC_0000018_segmentation.png
143,train,ISIC_0008998,ISIC-2017_Training_Data/ISIC_0008998.jpg,ISIC-2017_Training_Part1_GroundTruth/ISIC_0008998_segmentation.png
144,train,ISIC_0013428,ISIC-2017_Training_Data/ISIC_0013428.jpg,ISIC-2017_Training_Part1_GroundTruth/ISIC_0013428_segmentation.png
145,train,ISIC_0014480,ISIC-2017_Training_Data/ISIC_0014480.jpg,ISIC-2017_Training_Part1_GroundTruth/ISIC_0014480_segmentation.png
146,train,ISIC_0013371,ISIC-2017_Training_Data/ISIC_0013371.jpg,ISIC-2017_Training_Part1_GroundTruth/ISIC_0013371_segmentation.png
147,train,ISIC_0012475,ISIC-2017_Training_Data/ISIC_0012475.jpg,ISIC-2017_Training_Part1_GroundTruth/ISIC_0012475_segmentation.png
148,train,ISIC_0010368,ISIC-2017_Training_Data/ISIC_0010368.jpg,ISIC-2017_Training_Part1_GroundTruth/ISIC_0010368_segmentation.png
149,train,ISIC_0010265,ISIC-2017_Training_Data/ISIC_0010265.jpg,ISIC-2017_Training_Part1_GroundTruth/ISIC_0010265_segmentation.png
150,train,ISIC_0013461,ISIC-2017_Training_Data/ISIC_0013461.jpg,ISIC-2017_Training_Part1_GroundTruth/ISIC_0013461_segmentation.png
151,train,ISIC_0010379,ISIC-2017_Training_Data/ISIC_0010379.jpg,ISIC-2017_Training_Part1_GroundTruth/ISIC_0010379_segmentation.png
152,train,ISIC_0010028,ISIC-2017_Training_Data/ISIC_0010028.jpg,ISIC-2017_Training_Part1_GroundTruth/ISIC_0010028_segmentation.png
153,train,ISIC_0009896,ISIC-2017_Training_Data/ISIC_0009896.jpg,ISIC-2017_Training_Part1_GroundTruth/ISIC_0009896_segmentation.png
154,train,ISIC_0010365,ISIC-2017_Training_Data/ISIC_0010365.jpg,ISIC-2017_Training_Part1_GroundTruth/ISIC_0010365_segmentation.png
155,train,ISIC_0000056,ISIC-2017_Training_Data/ISIC_0000056.jpg,ISIC-2017_Training_Part1_GroundTruth/ISIC_0000056_segmentation.png
156,train,ISIC_0011085,ISIC-2017_Training_Data/ISIC_0011085.jpg,ISIC-2017_Training_Part1_GroundTruth/ISIC_0011085_segmentation.png
157,train,ISIC_0000386,ISIC-2017_Training_Data/ISIC_0000386.jpg,ISIC-2017_Training_Part1_GroundTruth/ISIC_0000386_segmentation.png
158,train,ISIC_0000368,ISIC-2017_Training_Data/ISIC_0000368.jpg,ISIC-2017_Training_Part1_GroundTruth/ISIC_0000368_segmentation.png
159,train,ISIC_0012827,ISIC-2017_Training_Data/ISIC_0012827.jpg,ISIC-2017_Training_Part1_GroundTruth/ISIC_0012827_segmentation.png
160,train,ISIC_0009956,ISIC-2017_Training_Data/ISIC_0009956.jpg,ISIC-2017_Training_Part1_GroundTruth/ISIC_0009956_segmentation.png
161,train,ISIC_0013201,ISIC-2017_Training_Data/ISIC_0013201.jpg,ISIC-2017_Training_Part1_GroundTruth/ISIC_0013201_segmentation.png
162,train,ISIC_0013423,ISIC-2017_Training_Data/ISIC_0013423.jpg,ISIC-2017_Training_Part1_GroundTruth/ISIC_0013423_segmentation.png
163,train,ISIC_0000059,ISIC-2017_Training_Data/ISIC_0000059.jpg,ISIC-2017_Training_Part1_GroundTruth/ISIC_0000059_segmentation.png
164,train,ISIC_0013498,ISIC-2017_Training_Data/ISIC_0013498.jpg,ISIC-2017_Training_Part1_GroundTruth/ISIC_0013498_segmentation.png
165,train,ISIC_0014612,ISIC-2017_Training_Data/ISIC_0014612.jpg,ISIC-2017_Training_Part1_GroundTruth/ISIC_0014612_segmentation.png
166,train,ISIC_0012721,ISIC-2017_Training_Data/ISIC_0012721.jpg,ISIC-2017_Training_Part1_GroundTruth/ISIC_0012721_segmentation.png
167,train,ISIC_0000161,ISIC-2017_Training_Data/ISIC_0000161.jpg,ISIC-2017_Training_Part1_GroundTruth/ISIC_0000161_segmentation.png
168,train,ISIC_0000113,ISIC-2017_Training_Data/ISIC_0000113.jpg,ISIC-2017_Training_Part1_GroundTruth/ISIC_0000113_segmentation.png
169,train,ISIC_0013625,ISIC-2017_Training_Data/ISIC_0013625.jpg,ISIC-2017_Training_Part1_GroundTruth/ISIC_0013625_segmentation.png
170,train,ISIC_0000028,ISIC-2017_Training_Data/ISIC_0000028.jpg,ISIC-2017_Training_Part1_GroundTruth/ISIC_0000028_segmentation.png
171,train,ISIC_0014707,ISIC-2017_Training_Data/ISIC_0014707.jpg,ISIC-2017_Training_Part1_GroundTruth/ISIC_0014707_segmentation.png
172,train,ISIC_0002206,ISIC-2017_Training_Data/ISIC_0002206.jpg,ISIC-2017_Training_Part1_GroundTruth/ISIC_0002206_segmentation.png
173,train,ISIC_0012182,ISIC-2017_Training_Data/ISIC_0012182.jpg,ISIC-2017_Training_Part1_GroundTruth/ISIC_0012182_segmentation.png
174,train,ISIC_0013970,ISIC-2017_Training_Data/ISIC_0013970.jpg,ISIC-2017_Training_Part1_GroundTruth/ISIC_0013970_segmentation.png
175,train,ISIC_0010229,ISIC-2017_Training_Data/ISIC_0010229.jpg,ISIC-2017_Training_Part1_GroundTruth/ISIC_0010229_segmentation.png
176,train,ISIC_0013981,ISIC-2017_Training_Data/ISIC_0013981.jpg,ISIC-2017_Training_Part1_GroundTruth/ISIC_0013981_segmentation.png
177,train,ISIC_0010014,ISIC-2017_Training_Data/ISIC_0010014.jpg,ISIC-2017_Training_Part1_GroundTruth/ISIC_0010014_segmentation.png
178,train,ISIC_0011296,ISIC-2017_Training_Data/ISIC_0011296.jpg,ISIC-2017_Training_Part1_GroundTruth/ISIC_0011296_segmentation.png
179,train,ISIC_0000489,ISIC-2017_Training_Data/ISIC_0000489.jpg,ISIC-2017_Training_Part1_GroundTruth/ISIC_0000489_segmentation.png
180,train,ISIC_0011347,ISIC-2017_Training_Data/ISIC_0011347.jpg,ISIC-2017_Training_Part1_GroundTruth/ISIC_0011347_segmentation.png
181,train,ISIC_0000471,ISIC-2017_Training_Data/ISIC_0000471.jpg,ISIC-2017_Training_Part1_GroundTruth/ISIC_0000471_segmentation.png
182,train,ISIC_0014602,ISIC-2017_Training_Data/ISIC_0014602.jpg,ISIC-2017_Training_Part1_GroundTruth/ISIC_0014602_segmentation.png
183,train,ISIC_0014646,ISIC-2017_Training_Data/ISIC_0014646.jpg,ISIC-2017_Training_Part1_GroundTruth/ISIC_0014646_segmentation.png
184,train,ISIC_0010471,ISIC-2017_Training_Data/ISIC_0010471.jpg,ISIC-2017_Training_Part1_GroundTruth/ISIC_0010471_segmentation.png
185,train,ISIC_0000095,ISIC-2017_Training_Data/ISIC_0000095.jpg,ISIC-2017_Training_Part1_GroundTruth/ISIC_0000095_segmentation.png
186,train,ISIC_0014823,ISIC-2017_Training_Data/ISIC_0014823.jpg,ISIC-2017_Training_Part1_GroundTruth/ISIC_0014823_segmentation.png
187,train,ISIC_0002469,ISIC-2017_Training_Data/ISIC_0002469.jpg,ISIC-2017_Training_Part1_GroundTruth/ISIC_0002469_segmentation.png
188,train,ISIC_0014692,ISIC-2017_Training_Data/ISIC_0014692.jpg,ISIC-2017_Training_Part1_GroundTruth/ISIC_0014692_segmentation.png
189,train,ISIC_0012512,ISIC-2017_Training_Data/ISIC_0012512.jpg,ISIC-2017_Training_Part1_GroundTruth/ISIC_0012512_segmentation.png
190,train,ISIC_0009971,ISIC-2017_Training_Data/ISIC_0009971.jpg,ISIC-2017_Training_Part1_GroundTruth/ISIC_0009971_segmentation.png
191,train,ISIC_0009871,ISIC-2017_Training_Data/ISIC_0009871.jpg,ISIC-2017_Training_Part1_GroundTruth/ISIC_0009871_segmentation.png
192,train,ISIC_0012274,ISIC-2017_Training_Data/ISIC_0012274.jpg,ISIC-2017_Training_Part1_GroundTruth/ISIC_0012274_segmentation.png
193,train,ISIC_0013861,ISIC-2017_Training_Data/ISIC_0013861.jpg,ISIC-2017_Training_Part1_GroundTruth/ISIC_0013861_segmentation.png
194,train,ISIC_0000367,ISIC-2017_Training_Data/ISIC_0000367.jpg,ISIC-2017_Training_Part1_GroundTruth/ISIC_0000367_segmentation.png
195,train,ISIC_0014821,ISIC-2017_Training_Data/ISIC_0014821.jpg,ISIC-2017_Training_Part1_GroundTruth/ISIC_0014821_segmentation.png
196,train,ISIC_0010060,ISIC-2017_Training_Data/ISIC_0010060.jpg,ISIC-2017_Training_Part1_GroundTruth/ISIC_0010060_segmentation.png
197,train,ISIC_0013996,ISIC-2017_Training_Data/ISIC_0013996.jpg,ISIC-2017_Training_Part1_GroundTruth/ISIC_0013996_segmentation.png
198,train,ISIC_0012739,ISIC-2017_Training_Data/ISIC_0012739.jpg,ISIC-2017_Training_Part1_GroundTruth/ISIC_0012739_segmentation.png
199,train,ISIC_0001119,ISIC-2017_Training_Data/ISIC_0001119.jpg,ISIC-2017_Training_Part1_GroundTruth/ISIC_0001119_segmentation.png
200,train,ISIC_0004166,ISIC-2017_Training_Data/ISIC_0004166.jpg,ISIC-2017_Training_Part1_GroundTruth/ISIC_0004166_segmentation.png
201,train,ISIC_0013037,ISIC-2017_Training_Data/ISIC_0013037.jpg,ISIC-2017_Training_Part1_GroundTruth/ISIC_0013037_segmentation.png
202,train,ISIC_0014696,ISIC-2017_Training_Data/ISIC_0014696.jpg,ISIC-2017_Training_Part1_GroundTruth/ISIC_0014696_segmentation.png
203,train,ISIC_0000074,ISIC-2017_Training_Data/ISIC_0000074.jpg,ISIC-2017_Training_Part1_GroundTruth/ISIC_0000074_segmentation.png
204,train,ISIC_0012453,ISIC-2017_Training_Data/ISIC_0012453.jpg,ISIC-2017_Training_Part1_GroundTruth/ISIC_0012453_segmentation.png
205,train,ISIC_0000323,ISIC-2017_Training_Data/ISIC_0000323.jpg,ISIC-2017_Training_Part1_GroundTruth/ISIC_0000323_segmentation.png
206,train,ISIC_0000364,ISIC-2017_Training_Data/ISIC_0000364.jpg,ISIC-2017_Training_Part1_GroundTruth/ISIC_0000364_segmentation.png
207,train,ISIC_0013918,ISIC-2017_Training_Data/ISIC_0013918.jpg,ISIC-2017_Training_Part1_GroundTruth/ISIC_0013918_segmentation.png
208,train,ISIC_0010585,ISIC-2017_Training_Data/ISIC_0010585.jpg,ISIC-2017_Training_Part1_GroundTruth/ISIC_0010585_segmentation.png
209,train,ISIC_0008406,ISIC-2017_Training_Data/ISIC_0008406.jpg,ISIC-2017_Training_Part1_GroundTruth/ISIC_0008406_segmentation.png
210,train,ISIC_0009975,ISIC-2017_Training_Data/ISIC_0009975.jpg,ISIC-2017_Training_Part1_GroundTruth/ISIC_0009975_segmentation.png
211,train,ISIC_0014583,ISIC-2017_Training_Data/ISIC_0014583.jpg,ISIC-2017_Training_Part1_GroundTruth/ISIC_0014583_segmentation.png
212,train,ISIC_0011127,ISIC-2017_Training_Data/ISIC_0011127.jpg,ISIC-2017_Training_Part1_GroundTruth/ISIC_0011127_segmentation.png
213,train,ISIC_0010059,ISIC-2017_Training_Data/ISIC_0010059.jpg,ISIC-2017_Training_Part1_GroundTruth/ISIC_0010059_segmentation.png
214,train,ISIC_0010054,ISIC-2017_Training_Data/ISIC_0010054.jpg,ISIC-2017_Training_Part1_GroundTruth/ISIC_0010054_segmentation.png
215,train,ISIC_0013747,ISIC-2017_Training_Data/ISIC_0013747.jpg,ISIC-2017_Training_Part1_GroundTruth/ISIC_0013747_segmentation.png
216,train,ISIC_0013652,ISIC-2017_Training_Data/ISIC_0013652.jpg,ISIC-2017_Training_Part1_GroundTruth/ISIC_0013652_segmentation.png
217,train,ISIC_0000499,ISIC-2017_Training_Data/ISIC_0000499.jpg,ISIC-2017_Training_Part1_GroundTruth/ISIC_0000499_segmentation.png
218,train,ISIC_0010327,ISIC-2017_Training_Data/ISIC_0010327.jpg,ISIC-2017_Training_Part1_GroundTruth/ISIC_0010327_segmentation.png
219,train,ISIC_0000128,ISIC-2017_Training_Data/ISIC_0000128.jpg,ISIC-2017_Training_Part1_GroundTruth/ISIC_0000128_segmentation.png
220,train,ISIC_0013982,ISIC-2017_Training_Data/ISIC_0013982.jpg,ISIC-2017_Training_Part1_GroundTruth/ISIC_0013982_segmentation.png
221,train,ISIC_0000316,ISIC-2017_Training_Data/ISIC_0000316.jpg,ISIC-2017_Training_Part1_GroundTruth/ISIC_0000316_segmentation.png
222,train,ISIC_0013552,ISIC-2017_Training_Data/ISIC_0013552.jpg,ISIC-2017_Training_Part1_GroundTruth/ISIC_0013552_segmentation.png
223,train,ISIC_0013458,ISIC-2017_Training_Data/ISIC_0013458.jpg,ISIC-2017_Training_Part1_GroundTruth/ISIC_0013458_segmentation.png
224,train,ISIC_0014763,ISIC-2017_Training_Data/ISIC_0014763.jpg,ISIC-2017_Training_Part1_GroundTruth/ISIC_0014763_segmentation.png
225,train,ISIC_0000532,ISIC-2017_Training_Data/ISIC_0000532.jpg,ISIC-2017_Training_Part1_GroundTruth/ISIC_0000532_segmentation.png
226,train,ISIC_0009967,ISIC-2017_Training_Data/ISIC_0009967.jpg,ISIC-2017_Training_Part1_GroundTruth/ISIC_0009967_segmentation.png
227,train,ISIC_0014046,ISIC-2017_Training_Data/ISIC_0014046.jpg,ISIC-2017_Training_Part1_GroundTruth/ISIC_0014046_segmentation.png
228,train,ISIC_0000100,ISIC-2017_Training_Data/ISIC_0000100.jpg,ISIC-2017_Training_Part1_GroundTruth/ISIC_0000100_segmentation.png
229,train,ISIC_0000155,ISIC-2017_Training_Data/ISIC_0000155.jpg,ISIC-2017_Training_Part1_GroundTruth/ISIC_0000155_segmentation.png
230,train,ISIC_0013832,ISIC-2017_Training_Data/ISIC_0013832.jpg,ISIC-2017_Training_Part1_GroundTruth/ISIC_0013832_segmentation.png
231,train,ISIC_0000188,ISIC-2017_Training_Data/ISIC_0000188.jpg,ISIC-2017_Training_Part1_GroundTruth/ISIC_0000188_segmentation.png
232,train,ISIC_0015260,ISIC-2017_Training_Data/ISIC_0015260.jpg,ISIC-2017_Training_Part1_GroundTruth/ISIC_0015260_segmentation.png
233,train,ISIC_0000002,ISIC-2017_Training_Data/ISIC_0000002.jpg,ISIC-2017_Training_Part1_GroundTruth/ISIC_0000002_segmentation.png
234,train,ISIC_0009898,ISIC-2017_Training_Data/ISIC_0009898.jpg,ISIC-2017_Training_Part1_GroundTruth/ISIC_0009898_segmentation.png
235,train,ISIC_0009882,ISIC-2017_Training_Data/ISIC_0009882.jpg,ISIC-2017_Training_Part1_GroundTruth/ISIC_0009882_segmentation.png
236,train,ISIC_0012094,ISIC-2017_Training_Data/ISIC_0012094.jpg,ISIC-2017_Training_Part1_GroundTruth/ISIC_0012094_segmentation.png
237,train,ISIC_0012235,ISIC-2017_Training_Data/ISIC_0012235.jpg,ISIC-2017_Training_Part1_GroundTruth/ISIC_0012235_segmentation.png
238,train,ISIC_0010017,ISIC-2017_Training_Data/ISIC_0010017.jpg,ISIC-2017_Training_Part1_GroundTruth/ISIC_0010017_segmentation.png
239,train,ISIC_0000900,ISIC-2017_Training_Data/ISIC_0000900.jpg,ISIC-2017_Training_Part1_GroundTruth/ISIC_0000900_segmentation.png
240,train,ISIC_0012205,ISIC-2017_Training_Data/ISIC_0012205.jpg,ISIC-2017_Training_Part1_GroundTruth/ISIC_0012205_segmentation.png
241,train,ISIC_0010176,ISIC-2017_Training_Data/ISIC_0010176.jpg,ISIC-2017_Training_Part1_GroundTruth/ISIC_0010176_segmentation.png
242,train,ISIC_0007475,ISIC-2017_Training_Data/ISIC_0007475.jpg,ISIC-2017_Training_Part1_GroundTruth/ISIC_0007475_segmentation.png
243,train,ISIC_0012675,ISIC-2017_Training_Data/ISIC_0012675.jpg,ISIC-2017_Training_Part1_GroundTruth/ISIC_0012675_segmentation.png
244,train,ISIC_0012303,ISIC-2017_Training_Data/ISIC_0012303.jpg,ISIC-2017_Training_Part1_GroundTruth/ISIC_0012303_segmentation.png
245,train,ISIC_0012880,ISIC-2017_Training_Data/ISIC_0012880.jpg,ISIC-2017_Training_Part1_GroundTruth/ISIC_0012880_segmentation.png
246,train,ISIC_0010336,ISIC-2017_Training_Data/ISIC_0010336.jpg,ISIC-2017_Training_Part1_GroundTruth/ISIC_0010336_segmentation.png
247,train,ISIC_0010207,ISIC-2017_Training_Data/ISIC_0010207.jpg,ISIC-2017_Training_Part1_GroundTruth/ISIC_0010207_segmentation.png
248,train,ISIC_0000246,ISIC-2017_Training_Data/ISIC_0000246.jpg,ISIC-2017_Training_Part1_GroundTruth/ISIC_0000246_segmentation.png
249,train,ISIC_0011352,ISIC-2017_Training_Data/ISIC_0011352.jpg,ISIC-2017_Training_Part1_GroundTruth/ISIC_0011352_segmentation.png
250,train,ISIC_0000217,ISIC-2017_Training_Data/ISIC_0000217.jpg,ISIC-2017_Training_Part1_GroundTruth/ISIC_0000217_segmentation.png
251,train,ISIC_0009083,ISIC-2017_Training_Data/ISIC_0009083.jpg,ISIC-2017_Training_Part1_GroundTruth/ISIC_0009083_segmentation.png
252,train,ISIC_0000218,ISIC-2017_Training_Data/ISIC_0000218.jpg,ISIC-2017_Training_Part1_GroundTruth/ISIC_0000218_segmentation.png
253,train,ISIC_0000544,ISIC-2017_Training_Data/ISIC_0000544.jpg,ISIC-2017_Training_Part1_GroundTruth/ISIC_0000544_segmentation.png
254,train,ISIC_0013817,ISIC-2017_Training_Data/ISIC_0013817.jpg,ISIC-2017_Training_Part1_GroundTruth/ISIC_0013817_segmentation.png
255,train,ISIC_0012359,ISIC-2017_Training_Data/ISIC_0012359.jpg,ISIC-2017_Training_Part1_GroundTruth/ISIC_0012359_segmentation.png
256,train,ISIC_0011170,ISIC-2017_Training_Data/ISIC_0011170.jpg,ISIC-2017_Training_Part1_GroundTruth/ISIC_0011170_segmentation.png
257,train,ISIC_0000547,ISIC-2017_Training_Data/ISIC_0000547.jpg,ISIC-2017_Training_Part1_GroundTruth/ISIC_0000547_segmentation.png
258,train,ISIC_0000156,ISIC-2017_Training_Data/ISIC_0000156.jpg,ISIC-2017_Training_Part1_GroundTruth/ISIC_0000156_segmentation.png
259,train,ISIC_0002374,ISIC-2017_Training_Data/ISIC_0002374.jpg,ISIC-2017_Training_Part1_GroundTruth/ISIC_0002374_segmentation.png
260,train,ISIC_0013086,ISIC-2017_Training_Data/ISIC_0013086.jpg,ISIC-2017_Training_Part1_GroundTruth/ISIC_0013086_segmentation.png
261,train,ISIC_0009962,ISIC-2017_Training_Data/ISIC_0009962.jpg,ISIC-2017_Training_Part1_GroundTruth/ISIC_0009962_segmentation.png
262,train,ISIC_0000226,ISIC-2017_Training_Data/ISIC_0000226.jpg,ISIC-2017_Training_Part1_GroundTruth/ISIC_0000226_segmentation.png
263,train,ISIC_0014083,ISIC-2017_Training_Data/ISIC_0014083.jpg,ISIC-2017_Training_Part1_GroundTruth/ISIC_0014083_segmentation.png
264,train,ISIC_0011343,ISIC-2017_Training_Data/ISIC_0011343.jpg,ISIC-2017_Training_Part1_GroundTruth/ISIC_0011343_segmentation.png
265,train,ISIC_0012813,ISIC-2017_Training_Data/ISIC_0012813.jpg,ISIC-2017_Training_Part1_GroundTruth/ISIC_0012813_segmentation.png
266,train,ISIC_0012156,ISIC-2017_Training_Data/ISIC_0012156.jpg,ISIC-2017_Training_Part1_GroundTruth/ISIC_0012156_segmentation.png
267,train,ISIC_0012665,ISIC-2017_Training_Data/ISIC_0012665.jpg,ISIC-2017_Training_Part1_GroundTruth/ISIC_0012665_segmentation.png
268,train,ISIC_0002647,ISIC-2017_Training_Data/ISIC_0002647.jpg,ISIC-2017_Training_Part1_GroundTruth/ISIC_0002647_segmentation.png
269,train,ISIC_0014830,ISIC-2017_Training_Data/ISIC_0014830.jpg,ISIC-2017_Training_Part1_GroundTruth/ISIC_0014830_segmentation.png
270,train,ISIC_0014410,ISIC-2017_Training_Data/ISIC_0014410.jpg,ISIC-2017_Training_Part1_GroundTruth/ISIC_0014410_segmentation.png
271,train,ISIC_0014554,ISIC-2017_Training_Data/ISIC_0014554.jpg,ISIC-2017_Training_Part1_GroundTruth/ISIC_0014554_segmentation.png
272,train,ISIC_0000143,ISIC-2017_Training_Data/ISIC_0000143.jpg,ISIC-2017_Training_Part1_GroundTruth/ISIC_0000143_segmentation.png
273,train,ISIC_0000504,ISIC-2017_Training_Data/ISIC_0000504.jpg,ISIC-2017_Training_Part1_GroundTruth/ISIC_0000504_segmentation.png
274,train,ISIC_0013596,ISIC-2017_Training_Data/ISIC_0013596.jpg,ISIC-2017_Training_Part1_GroundTruth/ISIC_0013596_segmentation.png
275,train,ISIC_0013927,ISIC-2017_Training_Data/ISIC_0013927.jpg,ISIC-2017_Training_Part1_GroundTruth/ISIC_0013927_segmentation.png
276,train,ISIC_0013798,ISIC-2017_Training_Data/ISIC_0013798.jpg,ISIC-2017_Training_Part1_GroundTruth/ISIC_0013798_segmentation.png
277,train,ISIC_0000460,ISIC-2017_Training_Data/ISIC_0000460.jpg,ISIC-2017_Training_Part1_GroundTruth/ISIC_0000460_segmentation.png
278,train,ISIC_0012669,ISIC-2017_Training_Data/ISIC_0012669.jpg,ISIC-2017_Training_Part1_GroundTruth/ISIC_0012669_segmentation.png
279,train,ISIC_0013806,ISIC-2017_Training_Data/ISIC_0013806.jpg,ISIC-2017_Training_Part1_GroundTruth/ISIC_0013806_segmentation.png
280,train,ISIC_0011126,ISIC-2017_Training_Data/ISIC_0011126.jpg,ISIC-2017_Training_Part1_GroundTruth/ISIC_0011126_segmentation.png
281,train,ISIC_0010227,ISIC-2017_Training_Data/ISIC_0010227.jpg,ISIC-2017_Training_Part1_GroundTruth/ISIC_0010227_segmentation.png
282,train,ISIC_0009941,ISIC-2017_Training_Data/ISIC_0009941.jpg,ISIC-2017_Training_Part1_GroundTruth/ISIC_0009941_segmentation.png
283,train,ISIC_0010494,ISIC-2017_Training_Data/ISIC_0010494.jpg,ISIC-2017_Training_Part1_GroundTruth/ISIC_0010494_segmentation.png
284,train,ISIC_0000529,ISIC-2017_Training_Data/ISIC_0000529.jpg,ISIC-2017_Training_Part1_GroundTruth/ISIC_0000529_segmentation.png
285,train,ISIC_0012884,ISIC-2017_Training_Data/ISIC_0012884.jpg,ISIC-2017_Training_Part1_GroundTruth/ISIC_0012884_segmentation.png
286,train,ISIC_0000539,ISIC-2017_Training_Data/ISIC_0000539.jpg,ISIC-2017_Training_Part1_GroundTruth/ISIC_0000539_segmentation.png
287,train,ISIC_0000307,ISIC-2017_Training_Data/ISIC_0000307.jpg,ISIC-2017_Training_Part1_GroundTruth/ISIC_0000307_segmentation.png
288,train,ISIC_0012902,ISIC-2017_Training_Data/ISIC_0012902.jpg,ISIC-2017_Training_Part1_GroundTruth/ISIC_0012902_segmentation.png
289,train,ISIC_0013024,ISIC-2017_Training_Data/ISIC_0013024.jpg,ISIC-2017_Training_Part1_GroundTruth/ISIC_0013024_segmentation.png
290,train,ISIC_0013975,ISIC-2017_Training_Data/ISIC_0013975.jpg,ISIC-2017_Training_Part1_GroundTruth/ISIC_0013975_segmentation.png
291,train,ISIC_0000455,ISIC-2017_Training_Data/ISIC_0000455.jpg,ISIC-2017_Training_Part1_GroundTruth/ISIC_0000455_segmentation.png
292,train,ISIC_0014069,ISIC-2017_Training_Data/ISIC_0014069.jpg,ISIC-2017_Training_Part1_GroundTruth/ISIC_0014069_segmentation.png
293,train,ISIC_0000157,ISIC-2017_Training_Data/ISIC_0000157.jpg,ISIC-2017_Training_Part1_GroundTruth/ISIC_0000157_segmentation.png
294,train,ISIC_0010588,ISIC-2017_Training_Data/ISIC_0010588.jpg,ISIC-2017_Training_Part1_GroundTruth/ISIC_0010588_segmentation.png
295,train,ISIC_0014317,ISIC-2017_Training_Data/ISIC_0014317.jpg,ISIC-2017_Training_Part1_GroundTruth/ISIC_0014317_segmentation.png
296,train,ISIC_0013012,ISIC-2017_Training_Data/ISIC_0013012.jpg,ISIC-2017_Training_Part1_GroundTruth/ISIC_0013012_segmentation.png
297,train,ISIC_0010596,ISIC-2017_Training_Data/ISIC_0010596.jpg,ISIC-2017_Training_Part1_GroundTruth/ISIC_0010596_segmentation.png
298,train,ISIC_0010850,ISIC-2017_Training_Data/ISIC_0010850.jpg,ISIC-2017_Training_Part1_GroundTruth/ISIC_0010850_segmentation.png
299,train,ISIC_0010374,ISIC-2017_Training_Data/ISIC_0010374.jpg,ISIC-2017_Training_Part1_GroundTruth/ISIC_0010374_segmentation.png
300,train,ISIC_0014805,ISIC-2017_Training_Data/ISIC_0014805.jpg,ISIC-2017_Training_Part1_GroundTruth/ISIC_0014805_segmentation.png
301,train,ISIC_0012700,ISIC-2017_Training_Data/ISIC_0012700.jpg,ISIC-2017_Training_Part1_GroundTruth/ISIC_0012700_segmentation.png
302,train,ISIC_0000154,ISIC-2017_Training_Data/ISIC_0000154.jpg,ISIC-2017_Training_Part1_GroundTruth/ISIC_0000154_segmentation.png
303,train,ISIC_0003056,ISIC-2017_Training_Data/ISIC_0003056.jpg,ISIC-2017_Training_Part1_GroundTruth/ISIC_0003056_segmentation.png
304,train,ISIC_0012141,ISIC-2017_Training_Data/ISIC_0012141.jpg,ISIC-2017_Training_Part1_GroundTruth/ISIC_0012141_segmentation.png
305,train,ISIC_0013385,ISIC-2017_Training_Data/ISIC_0013385.jpg,ISIC-2017_Training_Part1_GroundTruth/ISIC_0013385_segmentation.png
306,train,ISIC_0014811,ISIC-2017_Training_Data/ISIC_0014811.jpg,ISIC-2017_Training_Part1_GroundTruth/ISIC_0014811_segmentation.png
307,train,ISIC_0008403,ISIC-2017_Training_Data/ISIC_0008403.jpg,ISIC-2017_Training_Part1_GroundTruth/ISIC_0008403_segmentation.png
308,train,ISIC_0000223,ISIC-2017_Training_Data/ISIC_0000223.jpg,ISIC-2017_Training_Part1_GroundTruth/ISIC_0000223_segmentation.png
309,train,ISIC_0013193,ISIC-2017_Training_Data/ISIC_0013193.jpg,ISIC-2017_Training_Part1_GroundTruth/ISIC_0013193_segmentation.png
310,train,ISIC_0000253,ISIC-2017_Training_Data/ISIC_0000253.jpg,ISIC-2017_Training_Part1_GroundTruth/ISIC_0000253_segmentation.png
311,train,ISIC_0000543,ISIC-2017_Training_Data/ISIC_0000543.jpg,ISIC-2017_Training_Part1_GroundTruth/ISIC_0000543_segmentation.png
312,train,ISIC_0000162,ISIC-2017_Training_Data/ISIC_0000162.jpg,ISIC-2017_Training_Part1_GroundTruth/ISIC_0000162_segmentation.png
313,train,ISIC_0012116,ISIC-2017_Training_Data/ISIC_0012116.jpg,ISIC-2017_Training_Part1_GroundTruth/ISIC_0012116_segmentation.png
314,train,ISIC_0011082,ISIC-2017_Training_Data/ISIC_0011082.jpg,ISIC-2017_Training_Part1_GroundTruth/ISIC_0011082_segmentation.png
315,train,ISIC_0013437,ISIC-2017_Training_Data/ISIC_0013437.jpg,ISIC-2017_Training_Part1_GroundTruth/ISIC_0013437_segmentation.png
316,train,ISIC_0013819,ISIC-2017_Training_Data/ISIC_0013819.jpg,ISIC-2017_Training_Part1_GroundTruth/ISIC_0013819_segmentation.png
317,train,ISIC_0000138,ISIC-2017_Training_Data/ISIC_0000138.jpg,ISIC-2017_Training_Part1_GroundTruth/ISIC_0000138_segmentation.png
318,train,ISIC_0013984,ISIC-2017_Training_Data/ISIC_0013984.jpg,ISIC-2017_Training_Part1_GroundTruth/ISIC_0013984_segmentation.png
319,train,ISIC_0009874,ISIC-2017_Training_Data/ISIC_0009874.jpg,ISIC-2017_Training_Part1_GroundTruth/ISIC_0009874_segmentation.png
320,train,ISIC_0000133,ISIC-2017_Training_Data/ISIC_0000133.jpg,ISIC-2017_Training_Part1_GroundTruth/ISIC_0000133_segmentation.png
321,train,ISIC_0013204,ISIC-2017_Training_Data/ISIC_0013204.jpg,ISIC-2017_Training_Part1_GroundTruth/ISIC_0013204_segmentation.png
322,train,ISIC_0014515,ISIC-2017_Training_Data/ISIC_0014515.jpg,ISIC-2017_Training_Part1_GroundTruth/ISIC_0014515_segmentation.png
323,train,ISIC_0010330,ISIC-2017_Training_Data/ISIC_0010330.jpg,ISIC-2017_Training_Part1_GroundTruth/ISIC_0010330_segmentation.png
324,train,ISIC_0010318,ISIC-2017_Training_Data/ISIC_0010318.jpg,ISIC-2017_Training_Part1_GroundTruth/ISIC_0010318_segmentation.png
325,train,ISIC_0000480,ISIC-2017_Training_Data/ISIC_0000480.jpg,ISIC-2017_Training_Part1_GroundTruth/ISIC_0000480_segmentation.png
326,train,ISIC_0014920,ISIC-2017_Training_Data/ISIC_0014920.jpg,ISIC-2017_Training_Part1_GroundTruth/ISIC_0014920_segmentation.png
327,train,ISIC_0013603,ISIC-2017_Training_Data/ISIC_0013603.jpg,ISIC-2017_Training_Part1_GroundTruth/ISIC_0013603_segmentation.png
328,train,ISIC_0012673,ISIC-2017_Training_Data/ISIC_0012673.jpg,ISIC-2017_Training_Part1_GroundTruth/ISIC_0012673_segmentation.png
329,train,ISIC_0014157,ISIC-2017_Training_Data/ISIC_0014157.jpg,ISIC-2017_Training_Part1_GroundTruth/ISIC_0014157_segmentation.png
330,train,ISIC_0014640,ISIC-2017_Training_Data/ISIC_0014640.jpg,ISIC-2017_Training_Part1_GroundTruth/ISIC_0014640_segmentation.png
331,train,ISIC_0010075,ISIC-2017_Training_Data/ISIC_0010075.jpg,ISIC-2017_Training_Part1_GroundTruth/ISIC_0010075_segmentation.png
332,train,ISIC_0014133,ISIC-2017_Training_Data/ISIC_0014133.jpg,ISIC-2017_Training_Part1_GroundTruth/ISIC_0014133_segmentation.png
333,train,ISIC_0008541,ISIC-2017_Training_Data/ISIC_0008541.jpg,ISIC-2017_Training_Part1_GroundTruth/ISIC_0008541_segmentation.png
334,train,ISIC_0012939,ISIC-2017_Training_Data/ISIC_0012939.jpg,ISIC-2017_Training_Part1_GroundTruth/ISIC_0012939_segmentation.png
335,train,ISIC_0012363,ISIC-2017_Training_Data/ISIC_0012363.jpg,ISIC-2017_Training_Part1_GroundTruth/ISIC_0012363_segmentation.png
336,train,ISIC_0014603,ISIC-2017_Training_Data/ISIC_0014603.jpg,ISIC-2017_Training_Part1_GroundTruth/ISIC_0014603_segmentation.png
337,train,ISIC_0003174,ISIC-2017_Training_Data/ISIC_0003174.jpg,ISIC-2017_Training_Part1_GroundTruth/ISIC_0003174_segmentation.png
338,train,ISIC_0013862,ISIC-2017_Training_Data/ISIC_0013862.jpg,ISIC-2017_Training_Part1_GroundTruth/ISIC_0013862_segmentation.png
339,train,ISIC_0013089,ISIC-2017_Training_Data/ISIC_0013089.jpg,ISIC-2017_Training_Part1_GroundTruth/ISIC_0013089_segmentation.png
340,train,ISIC_0000383,ISIC-2017_Training_Data/ISIC_0000383.jpg,ISIC-2017_Training_Part1_GroundTruth/ISIC_0000383_segmentation.png
341,train,ISIC_0013198,ISIC-2017_Training_Data/ISIC_0013198.jpg,ISIC-2017_Training_Part1_GroundTruth/ISIC_0013198_segmentation.png
342,train,ISIC_0014316,ISIC-2017_Training_Data/ISIC_0014316.jpg,ISIC-2017_Training_Part1_GroundTruth/ISIC_0014316_segmentation.png
343,train,ISIC_0013212,ISIC-2017_Training_Data/ISIC_0013212.jpg,ISIC-2017_Training_Part1_GroundTruth/ISIC_0013212_segmentation.png
344,train,ISIC_0012464,ISIC-2017_Training_Data/ISIC_0012464.jpg,ISIC-2017_Training_Part1_GroundTruth/ISIC_0012464_segmentation.png
345,train,ISIC_0013967,ISIC-2017_Training_Data/ISIC_0013967.jpg,ISIC-2017_Training_Part1_GroundTruth/ISIC_0013967_segmentation.png
346,train,ISIC_0011227,ISIC-2017_Training_Data/ISIC_0011227.jpg,ISIC-2017_Training_Part1_GroundTruth/ISIC_0011227_segmentation.png
347,train,ISIC_0009993,ISIC-2017_Training_Data/ISIC_0009993.jpg,ISIC-2017_Training_Part1_GroundTruth/ISIC_0009993_segmentation.png
348,train,ISIC_0010254,ISIC-2017_Training_Data/ISIC_0010254.jpg,ISIC-2017_Training_Part1_GroundTruth/ISIC_0010254_segmentation.png
349,train,ISIC_0012329,ISIC-2017_Training_Data/ISIC_0012329.jpg,ISIC-2017_Training_Part1_GroundTruth/ISIC_0012329_segmentation.png
350,train,ISIC_0002885,ISIC-2017_Training_Data/ISIC_0002885.jpg,ISIC-2017_Training_Part1_GroundTruth/ISIC_0002885_segmentation.png
351,train,ISIC_0013040,ISIC-2017_Training_Data/ISIC_0013040.jpg,ISIC-2017_Training_Part1_GroundTruth/ISIC_0013040_segmentation.png
352,train,ISIC_0000021,ISIC-2017_Training_Data/ISIC_0000021.jpg,ISIC-2017_Training_Part1_GroundTruth/ISIC_0000021_segmentation.png
353,train,ISIC_0000199,ISIC-2017_Training_Data/ISIC_0000199.jpg,ISIC-2017_Training_Part1_GroundTruth/ISIC_0000199_segmentation.png
354,train,ISIC_0002488,ISIC-2017_Training_Data/ISIC_0002488.jpg,ISIC-2017_Training_Part1_GroundTruth/ISIC_0002488_segmentation.png
355,train,ISIC_0000036,ISIC-2017_Training_Data/ISIC_0000036.jpg,ISIC-2017_Training_Part1_GroundTruth/ISIC_0000036_segmentation.png
356,train,ISIC_0000319,ISIC-2017_Training_Data/ISIC_0000319.jpg,ISIC-2017_Training_Part1_GroundTruth/ISIC_0000319_segmentation.png
357,train,ISIC_0014163,ISIC-2017_Training_Data/ISIC_0014163.jpg,ISIC-2017_Training_Part1_GroundTruth/ISIC_0014163_segmentation.png
358,train,ISIC_0000536,ISIC-2017_Training_Data/ISIC_0000536.jpg,ISIC-2017_Training_Part1_GroundTruth/ISIC_0000536_segmentation.png
359,train,ISIC_0012787,ISIC-2017_Training_Data/ISIC_0012787.jpg,ISIC-2017_Training_Part1_GroundTruth/ISIC_0012787_segmentation.png
360,train,ISIC_0010067,ISIC-2017_Training_Data/ISIC_0010067.jpg,ISIC-2017_Training_Part1_GroundTruth/ISIC_0010067_segmentation.png
361,train,ISIC_0000262,ISIC-2017_Training_Data/ISIC_0000262.jpg,ISIC-2017_Training_Part1_GroundTruth/ISIC_0000262_segmentation.png
362,train,ISIC_0011118,ISIC-2017_Training_Data/ISIC_0011118.jpg,ISIC-2017_Training_Part1_GroundTruth/ISIC_0011118_segmentation.png
363,train,ISIC_0000376,ISIC-2017_Training_Data/ISIC_0000376.jpg,ISIC-2017_Training_Part1_GroundTruth/ISIC_0000376_segmentation.png
364,train,ISIC_0000012,ISIC-2017_Training_Data/ISIC_0000012.jpg,ISIC-2017_Training_Part1_GroundTruth/ISIC_0000012_segmentation.png
365,train,ISIC_0014535,ISIC-2017_Training_Data/ISIC_0014535.jpg,ISIC-2017_Training_Part1_GroundTruth/ISIC_0014535_segmentation.png
366,train,ISIC_0013494,ISIC-2017_Training_Data/ISIC_0013494.jpg,ISIC-2017_Training_Part1_GroundTruth/ISIC_0013494_segmentation.png
367,train,ISIC_0000415,ISIC-2017_Training_Data/ISIC_0000415.jpg,ISIC-2017_Training_Part1_GroundTruth/ISIC_0000415_segmentation.png
368,train,ISIC_0010370,ISIC-2017_Training_Data/ISIC_0010370.jpg,ISIC-2017_Training_Part1_GroundTruth/ISIC_0010370_segmentation.png
369,train,ISIC_0014714,ISIC-2017_Training_Data/ISIC_0014714.jpg,ISIC-2017_Training_Part1_GroundTruth/ISIC_0014714_segmentation.png
370,train,ISIC_0010569,ISIC-2017_Training_Data/ISIC_0010569.jpg,ISIC-2017_Training_Part1_GroundTruth/ISIC_0010569_segmentation.png
371,train,ISIC_0000125,ISIC-2017_Training_Data/ISIC_0000125.jpg,ISIC-2017_Training_Part1_GroundTruth/ISIC_0000125_segmentation.png
372,train,ISIC_0000408,ISIC-2017_Training_Data/ISIC_0000408.jpg,ISIC-2017_Training_Part1_GroundTruth/ISIC_0000408_segmentation.png
373,train,ISIC_0013635,ISIC-2017_Training_Data/ISIC_0013635.jpg,ISIC-2017_Training_Part1_GroundTruth/ISIC_0013635_segmentation.png
374,train,ISIC_0000295,ISIC-2017_Training_Data/ISIC_0000295.jpg,ISIC-2017_Training_Part1_GroundTruth/ISIC_0000295_segmentation.png
375,train,ISIC_0000479,ISIC-2017_Training_Data/ISIC_0000479.jpg,ISIC-2017_Training_Part1_GroundTruth/ISIC_0000479_segmentation.png
376,train,ISIC_0012452,ISIC-2017_Training_Data/ISIC_0012452.jpg,ISIC-2017_Training_Part1_GroundTruth/ISIC_0012452_segmentation.png
377,train,ISIC_0006193,ISIC-2017_Training_Data/ISIC_0006193.jpg,ISIC-2017_Training_Part1_GroundTruth/ISIC_0006193_segmentation.png
378,train,ISIC_0013585,ISIC-2017_Training_Data/ISIC_0013585.jpg,ISIC-2017_Training_Part1_GroundTruth/ISIC_0013585_segmentation.png
379,train,ISIC_0014795,ISIC-2017_Training_Data/ISIC_0014795.jpg,ISIC-2017_Training_Part1_GroundTruth/ISIC_0014795_segmentation.png
380,train,ISIC_0000409,ISIC-2017_Training_Data/ISIC_0000409.jpg,ISIC-2017_Training_Part1_GroundTruth/ISIC_0000409_segmentation.png
381,train,ISIC_0013707,ISIC-2017_Training_Data/ISIC_0013707.jpg,ISIC-2017_Training_Part1_GroundTruth/ISIC_0013707_segmentation.png
382,train,ISIC_0011294,ISIC-2017_Training_Data/ISIC_0011294.jpg,ISIC-2017_Training_Part1_GroundTruth/ISIC_0011294_segmentation.png
383,train,ISIC_0012495,ISIC-2017_Training_Data/ISIC_0012495.jpg,ISIC-2017_Training_Part1_GroundTruth/ISIC_0012495_segmentation.png
384,train,ISIC_0000023,ISIC-2017_Training_Data/ISIC_0000023.jpg,ISIC-2017_Training_Part1_GroundTruth/ISIC_0000023_segmentation.png
385,train,ISIC_0013208,ISIC-2017_Training_Data/ISIC_0013208.jpg,ISIC-2017_Training_Part1_GroundTruth/ISIC_0013208_segmentation.png
386,train,ISIC_0013526,ISIC-2017_Training_Data/ISIC_0013526.jpg,ISIC-2017_Training_Part1_GroundTruth/ISIC_0013526_segmentation.png
387,train,ISIC_0010582,ISIC-2017_Training_Data/ISIC_0010582.jpg,ISIC-2017_Training_Part1_GroundTruth/ISIC_0010582_segmentation.png
388,train,ISIC_0000293,ISIC-2017_Training_Data/ISIC_0000293.jpg,ISIC-2017_Training_Part1_GroundTruth/ISIC_0000293_segmentation.png
389,train,ISIC_0003308,ISIC-2017_Training_Data/ISIC_0003308.jpg,ISIC-2017_Training_Part1_GroundTruth/ISIC_0003308_segmentation.png
390,train,ISIC_0010032,ISIC-2017_Training_Data/ISIC_0010032.jpg,ISIC-2017_Training_Part1_GroundTruth/ISIC_0010032_segmentation.png
391,train,ISIC_0011146,ISIC-2017_Training_Data/ISIC_0011146.jpg,ISIC-2017_Training_Part1_GroundTruth/ISIC_0011146_segmentation.png
392,train,ISIC_0000347,ISIC-2017_Training_Data/ISIC_0000347.jpg,ISIC-2017_Training_Part1_GroundTruth/ISIC_0000347_segmentation.png
393,train,ISIC_0012671,ISIC-2017_Training_Data/ISIC_0012671.jpg,ISIC-2017_Training_Part1_GroundTruth/ISIC_0012671_segmentation.png
394,train,ISIC_0013229,ISIC-2017_Training_Data/ISIC_0013229.jpg,ISIC-2017_Training_Part1_GroundTruth/ISIC_0013229_segmentation.png
395,train,ISIC_0013403,ISIC-2017_Training_Data/ISIC_0013403.jpg,ISIC-2017_Training_Part1_GroundTruth/ISIC_0013403_segmentation.png
396,train,ISIC_0012887,ISIC-2017_Training_Data/ISIC_0012887.jpg,ISIC-2017_Training_Part1_GroundTruth/ISIC_0012887_segmentation.png
397,train,ISIC_0013443,ISIC-2017_Training_Data/ISIC_0013443.jpg,ISIC-2017_Training_Part1_GroundTruth/ISIC_0013443_segmentation.png
398,train,ISIC_0014715,ISIC-2017_Training_Data/ISIC_0014715.jpg,ISIC-2017_Training_Part1_GroundTruth/ISIC_0014715_segmentation.png
399,train,ISIC_0012682,ISIC-2017_Training_Data/ISIC_0012682.jpg,ISIC-2017_Training_Part1_GroundTruth/ISIC_0012682_segmentation.png
400,train,ISIC_0012681,ISIC-2017_Training_Data/ISIC_0012681.jpg,ISIC-2017_Training_Part1_GroundTruth/ISIC_0012681_segmentation.png
401,train,ISIC_0008626,ISIC-2017_Training_Data/ISIC_0008626.jpg,ISIC-2017_Training_Part1_GroundTruth/ISIC_0008626_segmentation.png
402,train,ISIC_0014897,ISIC-2017_Training_Data/ISIC_0014897.jpg,ISIC-2017_Training_Part1_GroundTruth/ISIC_0014897_segmentation.png
403,train,ISIC_0013516,ISIC-2017_Training_Data/ISIC_0013516.jpg,ISIC-2017_Training_Part1_GroundTruth/ISIC_0013516_segmentation.png
404,train,ISIC_0013106,ISIC-2017_Training_Data/ISIC_0013106.jpg,ISIC-2017_Training_Part1_GroundTruth/ISIC_0013106_segmentation.png
405,train,ISIC_0014797,ISIC-2017_Training_Data/ISIC_0014797.jpg,ISIC-2017_Training_Part1_GroundTruth/ISIC_0014797_segmentation.png
406,train,ISIC_0012390,ISIC-2017_Training_Data/ISIC_0012390.jpg,ISIC-2017_Training_Part1_GroundTruth/ISIC_0012390_segmentation.png
407,train,ISIC_0011213,ISIC-2017_Training_Data/ISIC_0011213.jpg,ISIC-2017_Training_Part1_GroundTruth/ISIC_0011213_segmentation.png
408,train,ISIC_0009964,ISIC-2017_Training_Data/ISIC_0009964.jpg,ISIC-2017_Training_Part1_GroundTruth/ISIC_0009964_segmentation.png
409,train,ISIC_0013001,ISIC-2017_Training_Data/ISIC_0013001.jpg,ISIC-2017_Training_Part1_GroundTruth/ISIC_0013001_segmentation.png
410,train,ISIC_0011339,ISIC-2017_Training_Data/ISIC_0011339.jpg,ISIC-2017_Training_Part1_GroundTruth/ISIC_0011339_segmentation.png
411,train,ISIC_0013268,ISIC-2017_Training_Data/ISIC_0013268.jpg,ISIC-2017_Training_Part1_GroundTruth/ISIC_0013268_segmentation.png
412,train,ISIC_0011207,ISIC-2017_Training_Data/ISIC_0011207.jpg,ISIC-2017_Training_Part1_GroundTruth/ISIC_0011207_segmentation.png
413,train,ISIC_0000148,ISIC-2017_Training_Data/ISIC_0000148.jpg,ISIC-2017_Training_Part1_GroundTruth/ISIC_0000148_segmentation.png
414,train,ISIC_0000380,ISIC-2017_Training_Data/ISIC_0000380.jpg,ISIC-2017_Training_Part1_GroundTruth/ISIC_0000380_segmentation.png
415,train,ISIC_0010058,ISIC-2017_Training_Data/ISIC_0010058.jpg,ISIC-2017_Training_Part1_GroundTruth/ISIC_0010058_segmentation.png
416,train,ISIC_0012770,ISIC-2017_Training_Data/ISIC_0012770.jpg,ISIC-2017_Training_Part1_GroundTruth/ISIC_0012770_segmentation.png
417,train,ISIC_0013054,ISIC-2017_Training_Data/ISIC_0013054.jpg,ISIC-2017_Training_Part1_GroundTruth/ISIC_0013054_segmentation.png
418,train,ISIC_0000511,ISIC-2017_Training_Data/ISIC_0000511.jpg,ISIC-2017_Training_Part1_GroundTruth/ISIC_0000511_segmentation.png
419,train,ISIC_0014667,ISIC-2017_Training_Data/ISIC_0014667.jpg,ISIC-2017_Training_Part1_GroundTruth/ISIC_0014667_segmentation.png
420,train,ISIC_0000345,ISIC-2017_Training_Data/ISIC_0000345.jpg,ISIC-2017_Training_Part1_GroundTruth/ISIC_0000345_segmentation.png
421,train,ISIC_0013836,ISIC-2017_Training_Data/ISIC_0013836.jpg,ISIC-2017_Training_Part1_GroundTruth/ISIC_0013836_segmentation.png
422,train,ISIC_0014197,ISIC-2017_Training_Data/ISIC_0014197.jpg,ISIC-2017_Training_Part1_GroundTruth/ISIC_0014197_segmentation.png
423,train,ISIC_0000111,ISIC-2017_Training_Data/ISIC_0000111.jpg,ISIC-2017_Training_Part1_GroundTruth/ISIC_0000111_segmentation.png
424,train,ISIC_0000213,ISIC-2017_Training_Data/ISIC_0000213.jpg,ISIC-2017_Training_Part1_GroundTruth/ISIC_0000213_segmentation.png
425,train,ISIC_0014183,ISIC-2017_Training_Data/ISIC_0014183.jpg,ISIC-2017_Training_Part1_GroundTruth/ISIC_0014183_segmentation.png
426,train,ISIC_0010599,ISIC-2017_Training_Data/ISIC_0010599.jpg,ISIC-2017_Training_Part1_GroundTruth/ISIC_0010599_segmentation.png
427,train,ISIC_0014529,ISIC-2017_Training_Data/ISIC_0014529.jpg,ISIC-2017_Training_Part1_GroundTruth/ISIC_0014529_segmentation.png
428,train,ISIC_0000439,ISIC-2017_Training_Data/ISIC_0000439.jpg,ISIC-2017_Training_Part1_GroundTruth/ISIC_0000439_segmentation.png
429,train,ISIC_0000338,ISIC-2017_Training_Data/ISIC_0000338.jpg,ISIC-2017_Training_Part1_GroundTruth/ISIC_0000338_segmentation.png
430,train,ISIC_0012792,ISIC-2017_Training_Data/ISIC_0012792.jpg,ISIC-2017_Training_Part1_GroundTruth/ISIC_0012792_segmentation.png
431,train,ISIC_0000252,ISIC-2017_Training_Data/ISIC_0000252.jpg,ISIC-2017_Training_Part1_GroundTruth/ISIC_0000252_segmentation.png
432,train,ISIC_0000082,ISIC-2017_Training_Data/ISIC_0000082.jpg,ISIC-2017_Training_Part1_GroundTruth/ISIC_0000082_segmentation.png
433,train,ISIC_0010262,ISIC-2017_Training_Data/ISIC_0010262.jpg,ISIC-2017_Training_Part1_GroundTruth/ISIC_0010262_segmentation.png
434,train,ISIC_0000073,ISIC-2017_Training_Data/ISIC_0000073.jpg,ISIC-2017_Training_Part1_GroundTruth/ISIC_0000073_segmentation.png
435,train,ISIC_0014890,ISIC-2017_Training_Data/ISIC_0014890.jpg,ISIC-2017_Training_Part1_GroundTruth/ISIC_0014890_segmentation.png
436,train,ISIC_0012177,ISIC-2017_Training_Data/ISIC_0012177.jpg,ISIC-2017_Training_Part1_GroundTruth/ISIC_0012177_segmentation.png
437,train,ISIC_0012871,ISIC-2017_Training_Data/ISIC_0012871.jpg,ISIC-2017_Training_Part1_GroundTruth/ISIC_0012871_segmentation.png
438,train,ISIC_0012137,ISIC-2017_Training_Data/ISIC_0012137.jpg,ISIC-2017_Training_Part1_GroundTruth/ISIC_0012137_segmentation.png
439,train,ISIC_0013839,ISIC-2017_Training_Data/ISIC_0013839.jpg,ISIC-2017_Training_Part1_GroundTruth/ISIC_0013839_segmentation.png
440,train,ISIC_0011079,ISIC-2017_Training_Data/ISIC_0011079.jpg,ISIC-2017_Training_Part1_GroundTruth/ISIC_0011079_segmentation.png
441,train,ISIC_0004168,ISIC-2017_Training_Data/ISIC_0004168.jpg,ISIC-2017_Training_Part1_GroundTruth/ISIC_0004168_segmentation.png
442,train,ISIC_0000388,ISIC-2017_Training_Data/ISIC_0000388.jpg,ISIC-2017_Training_Part1_GroundTruth/ISIC_0000388_segmentation.png
443,train,ISIC_0000099,ISIC-2017_Training_Data/ISIC_0000099.jpg,ISIC-2017_Training_Part1_GroundTruth/ISIC_0000099_segmentation.png
444,train,ISIC_0012445,ISIC-2017_Training_Data/ISIC_0012445.jpg,ISIC-2017_Training_Part1_GroundTruth/ISIC_0012445_segmentation.png
445,train,ISIC_0000112,ISIC-2017_Training_Data/ISIC_0000112.jpg,ISIC-2017_Training_Part1_GroundTruth/ISIC_0000112_segmentation.png
446,train,ISIC_0010554,ISIC-2017_Training_Data/ISIC_0010554.jpg,ISIC-2017_Training_Part1_GroundTruth/ISIC_0010554_segmentation.png
447,train,ISIC_0014179,ISIC-2017_Training_Data/ISIC_0014179.jpg,ISIC-2017_Training_Part1_GroundTruth/ISIC_0014179_segmentation.png
448,train,ISIC_0013922,ISIC-2017_Training_Data/ISIC_0013922.jpg,ISIC-2017_Training_Part1_GroundTruth/ISIC_0013922_segmentation.png
449,train,ISIC_0013184,ISIC-2017_Training_Data/ISIC_0013184.jpg,ISIC-2017_Training_Part1_GroundTruth/ISIC_0013184_segmentation.png
450,train,ISIC_0012539,ISIC-2017_Training_Data/ISIC_0012539.jpg,ISIC-2017_Training_Part1_GroundTruth/ISIC_0012539_segmentation.png
451,train,ISIC_0013274,ISIC-2017_Training_Data/ISIC_0013274.jpg,ISIC-2017_Training_Part1_GroundTruth/ISIC_0013274_segmentation.png
452,train,ISIC_0000140,ISIC-2017_Training_Data/ISIC_0000140.jpg,ISIC-2017_Training_Part1_GroundTruth/ISIC_0000140_segmentation.png
453,train,ISIC_0000515,ISIC-2017_Training_Data/ISIC_0000515.jpg,ISIC-2017_Training_Part1_GroundTruth/ISIC_0000515_segmentation.png
454,train,ISIC_0000185,ISIC-2017_Training_Data/ISIC_0000185.jpg,ISIC-2017_Training_Part1_GroundTruth/ISIC_0000185_segmentation.png
455,train,ISIC_0000072,ISIC-2017_Training_Data/ISIC_0000072.jpg,ISIC-2017_Training_Part1_GroundTruth/ISIC_0000072_segmentation.png
456,train,ISIC_0014144,ISIC-2017_Training_Data/ISIC_0014144.jpg,ISIC-2017_Training_Part1_GroundTruth/ISIC_0014144_segmentation.png
457,train,ISIC_0013499,ISIC-2017_Training_Data/ISIC_0013499.jpg,ISIC-2017_Training_Part1_GroundTruth/ISIC_0013499_segmentation.png
458,train,ISIC_0013340,ISIC-2017_Training_Data/ISIC_0013340.jpg,ISIC-2017_Training_Part1_GroundTruth/ISIC_0013340_segmentation.png
459,train,ISIC_0000212,ISIC-2017_Training_Data/ISIC_0000212.jpg,ISIC-2017_Training_Part1_GroundTruth/ISIC_0000212_segmentation.png
460,train,ISIC_0009869,ISIC-2017_Training_Data/ISIC_0009869.jpg,ISIC-2017_Training_Part1_GroundTruth/ISIC_0009869_segmentation.png
461,train,ISIC_0009297,ISIC-2017_Training_Data/ISIC_0009297.jpg,ISIC-2017_Training_Part1_GroundTruth/ISIC_0009297_segmentation.png
462,train,ISIC_0009991,ISIC-2017_Training_Data/ISIC_0009991.jpg,ISIC-2017_Training_Part1_GroundTruth/ISIC_0009991_segmentation.png
463,train,ISIC_0014385,ISIC-2017_Training_Data/ISIC_0014385.jpg,ISIC-2017_Training_Part1_GroundTruth/ISIC_0014385_segmentation.png
464,train,ISIC_0012970,ISIC-2017_Training_Data/ISIC_0012970.jpg,ISIC-2017_Training_Part1_GroundTruth/ISIC_0012970_segmentation.png
465,train,ISIC_0013364,ISIC-2017_Training_Data/ISIC_0013364.jpg,ISIC-2017_Training_Part1_GroundTruth/ISIC_0013364_segmentation.png
466,train,ISIC_0013553,ISIC-2017_Training_Data/ISIC_0013553.jpg,ISIC-2017_Training_Part1_GroundTruth/ISIC_0013553_segmentation.png
467,train,ISIC_0013497,ISIC-2017_Training_Data/ISIC_0013497.jpg,ISIC-2017_Training_Part1_GroundTruth/ISIC_0013497_segmentation.png
468,train,ISIC_0012877,ISIC-2017_Training_Data/ISIC_0012877.jpg,ISIC-2017_Training_Part1_GroundTruth/ISIC_0012877_segmentation.png
469,train,ISIC_0012666,ISIC-2017_Training_Data/ISIC_0012666.jpg,ISIC-2017_Training_Part1_GroundTruth/ISIC_0012666_segmentation.png
470,train,ISIC_0012529,ISIC-2017_Training_Data/ISIC_0012529.jpg,ISIC-2017_Training_Part1_GroundTruth/ISIC_0012529_segmentation.png
471,train,ISIC_0010202,ISIC-2017_Training_Data/ISIC_0010202.jpg,ISIC-2017_Training_Part1_GroundTruth/ISIC_0010202_segmentation.png
472,train,ISIC_0010858,ISIC-2017_Training_Data/ISIC_0010858.jpg,ISIC-2017_Training_Part1_GroundTruth/ISIC_0010858_segmentation.png
473,train,ISIC_0014850,ISIC-2017_Training_Data/ISIC_0014850.jpg,ISIC-2017_Training_Part1_GroundTruth/ISIC_0014850_segmentation.png
474,train,ISIC_0013831,ISIC-2017_Training_Data/ISIC_0013831.jpg,ISIC-2017_Training_Part1_GroundTruth/ISIC_0013831_segmentation.png
475,train,ISIC_0005000,ISIC-2017_Training_Data/ISIC_0005000.jpg,ISIC-2017_Training_Part1_GroundTruth/ISIC_0005000_segmentation.png
476,train,ISIC_0013748,ISIC-2017_Training_Data/ISIC_0013748.jpg,ISIC-2017_Training_Part1_GroundTruth/ISIC_0013748_segmentation.png
477,train,ISIC_0011204,ISIC-2017_Training_Data/ISIC_0011204.jpg,ISIC-2017_Training_Part1_GroundTruth/ISIC_0011204_segmentation.png
478,train,ISIC_0013007,ISIC-2017_Training_Data/ISIC_0013007.jpg,ISIC-2017_Training_Part1_GroundTruth/ISIC_0013007_segmentation.png
479,train,ISIC_0014908,ISIC-2017_Training_Data/ISIC_0014908.jpg,ISIC-2017_Training_Part1_GroundTruth/ISIC_0014908_segmentation.png
480,train,ISIC_0012697,ISIC-2017_Training_Data/ISIC_0012697.jpg,ISIC-2017_Training_Part1_GroundTruth/ISIC_0012697_segmentation.png
481,train,ISIC_0013845,ISIC-2017_Training_Data/ISIC_0013845.jpg,ISIC-2017_Training_Part1_GroundTruth/ISIC_0013845_segmentation.png
482,train,ISIC_0000538,ISIC-2017_Training_Data/ISIC_0000538.jpg,ISIC-2017_Training_Part1_GroundTruth/ISIC_0000538_segmentation.png
483,train,ISIC_0000413,ISIC-2017_Training_Data/ISIC_0000413.jpg,ISIC-2017_Training_Part1_GroundTruth/ISIC_0000413_segmentation.png
484,train,ISIC_0000485,ISIC-2017_Training_Data/ISIC_0000485.jpg,ISIC-2017_Training_Part1_GroundTruth/ISIC_0000485_segmentation.png
485,train,ISIC_0012905,ISIC-2017_Training_Data/ISIC_0012905.jpg,ISIC-2017_Training_Part1_GroundTruth/ISIC_0012905_segmentation.png
486,train,ISIC_0013409,ISIC-2017_Training_Data/ISIC_0013409.jpg,ISIC-2017_Training_Part1_GroundTruth/ISIC_0013409_segmentation.png
487,train,ISIC_0012704,ISIC-2017_Training_Data/ISIC_0012704.jpg,ISIC-2017_Training_Part1_GroundTruth/ISIC_0012704_segmentation.png
488,train,ISIC_0012374,ISIC-2017_Training_Data/ISIC_0012374.jpg,ISIC-2017_Training_Part1_GroundTruth/ISIC_0012374_segmentation.png
489,train,ISIC_0001100,ISIC-2017_Training_Data/ISIC_0001100.jpg,ISIC-2017_Training_Part1_GroundTruth/ISIC_0001100_segmentation.png
490,train,ISIC_0014475,ISIC-2017_Training_Data/ISIC_0014475.jpg,ISIC-2017_Training_Part1_GroundTruth/ISIC_0014475_segmentation.png
491,train,ISIC_0013581,ISIC-2017_Training_Data/ISIC_0013581.jpg,ISIC-2017_Training_Part1_GroundTruth/ISIC_0013581_segmentation.png
492,train,ISIC_0012655,ISIC-2017_Training_Data/ISIC_0012655.jpg,ISIC-2017_Training_Part1_GroundTruth/ISIC_0012655_segmentation.png
493,train,ISIC_0008992,ISIC-2017_Training_Data/ISIC_0008992.jpg,ISIC-2017_Training_Part1_GroundTruth/ISIC_0008992_segmentation.png
494,train,ISIC_0000167,ISIC-2017_Training_Data/ISIC_0000167.jpg,ISIC-2017_Training_Part1_GroundTruth/ISIC_0000167_segmentation.png
495,train,ISIC_0014136,ISIC-2017_Training_Data/ISIC_0014136.jpg,ISIC-2017_Training_Part1_GroundTruth/ISIC_0014136_segmentation.png
496,train,ISIC_0010860,ISIC-2017_Training_Data/ISIC_0010860.jpg,ISIC-2017_Training_Part1_GroundTruth/ISIC_0010860_segmentation.png
497,train,ISIC_0000052,ISIC-2017_Training_Data/ISIC_0000052.jpg,ISIC-2017_Training_Part1_GroundTruth/ISIC_0000052_segmentation.png
498,train,ISIC_0013249,ISIC-2017_Training_Data/ISIC_0013249.jpg,ISIC-2017_Training_Part1_GroundTruth/ISIC_0013249_segmentation.png
499,train,ISIC_0014430,ISIC-2017_Training_Data/ISIC_0014430.jpg,ISIC-2017_Training_Part1_GroundTruth/ISIC_0014430_segmentation.png
500,train,ISIC_0011328,ISIC-2017_Training_Data/ISIC_0011328.jpg,ISIC-2017_Training_Part1_GroundTruth/ISIC_0011328_segmentation.png
501,train,ISIC_0014432,ISIC-2017_Training_Data/ISIC_0014432.jpg,ISIC-2017_Training_Part1_GroundTruth/ISIC_0014432_segmentation.png
502,train,ISIC_0011158,ISIC-2017_Training_Data/ISIC_0011158.jpg,ISIC-2017_Training_Part1_GroundTruth/ISIC_0011158_segmentation.png
503,train,ISIC_0000177,ISIC-2017_Training_Data/ISIC_0000177.jpg,ISIC-2017_Training_Part1_GroundTruth/ISIC_0000177_segmentation.png
504,train,ISIC_0011124,ISIC-2017_Training_Data/ISIC_0011124.jpg,ISIC-2017_Training_Part1_GroundTruth/ISIC_0011124_segmentation.png
505,train,ISIC_0013222,ISIC-2017_Training_Data/ISIC_0013222.jpg,ISIC-2017_Training_Part1_GroundTruth/ISIC_0013222_segmentation.png
506,train,ISIC_0000353,ISIC-2017_Training_Data/ISIC_0000353.jpg,ISIC-2017_Training_Part1_GroundTruth/ISIC_0000353_segmentation.png
507,train,ISIC_0000151,ISIC-2017_Training_Data/ISIC_0000151.jpg,ISIC-2017_Training_Part1_GroundTruth/ISIC_0000151_segmentation.png
508,train,ISIC_0010255,ISIC-2017_Training_Data/ISIC_0010255.jpg,ISIC-2017_Training_Part1_GroundTruth/ISIC_0010255_segmentation.png
509,train,ISIC_0013346,ISIC-2017_Training_Data/ISIC_0013346.jpg,ISIC-2017_Training_Part1_GroundTruth/ISIC_0013346_segmentation.png
510,train,ISIC_0011398,ISIC-2017_Training_Data/ISIC_0011398.jpg,ISIC-2017_Training_Part1_GroundTruth/ISIC_0011398_segmentation.png
511,train,ISIC_0009960,ISIC-2017_Training_Data/ISIC_0009960.jpg,ISIC-2017_Training_Part1_GroundTruth/ISIC_0009960_segmentation.png
512,train,ISIC_0000119,ISIC-2017_Training_Data/ISIC_0000119.jpg,ISIC-2017_Training_Part1_GroundTruth/ISIC_0000119_segmentation.png
513,train,ISIC_0011155,ISIC-2017_Training_Data/ISIC_0011155.jpg,ISIC-2017_Training_Part1_GroundTruth/ISIC_0011155_segmentation.png
514,train,ISIC_0012883,ISIC-2017_Training_Data/ISIC_0012883.jpg,ISIC-2017_Training_Part1_GroundTruth/ISIC_0012883_segmentation.png
515,train,ISIC_0004115,ISIC-2017_Training_Data/ISIC_0004115.jpg,ISIC-2017_Training_Part1_GroundTruth/ISIC_0004115_segmentation.png
516,train,ISIC_0010053,ISIC-2017_Training_Data/ISIC_0010053.jpg,ISIC-2017_Training_Part1_GroundTruth/ISIC_0010053_segmentation.png
517,train,ISIC_0009949,ISIC-2017_Training_Data/ISIC_0009949.jpg,ISIC-2017_Training_Part1_GroundTruth/ISIC_0009949_segmentation.png
518,train,ISIC_0014272,ISIC-2017_Training_Data/ISIC_0014272.jpg,ISIC-2017_Training_Part1_GroundTruth/ISIC_0014272_segmentation.png
519,train,ISIC_0011223,ISIC-2017_Training_Data/ISIC_0011223.jpg,ISIC-2017_Training_Part1_GroundTruth/ISIC_0011223_segmentation.png
520,train,ISIC_0009994,ISIC-2017_Training_Data/ISIC_0009994.jpg,ISIC-2017_Training_Part1_GroundTruth/ISIC_0009994_segmentation.png
521,train,ISIC_0000122,ISIC-2017_Training_Data/ISIC_0000122.jpg,ISIC-2017_Training_Part1_GroundTruth/ISIC_0000122_segmentation.png
522,train,ISIC_0000041,ISIC-2017_Training_Data/ISIC_0000041.jpg,ISIC-2017_Training_Part1_GroundTruth/ISIC_0000041_segmentation.png
523,train,ISIC_0013492,ISIC-2017_Training_Data/ISIC_0013492.jpg,ISIC-2017_Training_Part1_GroundTruth/ISIC_0013492_segmentation.png
524,train,ISIC_0000351,ISIC-2017_Training_Data/ISIC_0000351.jpg,ISIC-2017_Training_Part1_GroundTruth/ISIC_0000351_segmentation.png
525,train,ISIC_0000011,ISIC-2017_Training_Data/ISIC_0000011.jpg,ISIC-2017_Training_Part1_GroundTruth/ISIC_0000011_segmentation.png
526,train,ISIC_0010174,ISIC-2017_Training_Data/ISIC_0010174.jpg,ISIC-2017_Training_Part1_GroundTruth/ISIC_0010174_segmentation.png
527,train,ISIC_0013843,ISIC-2017_Training_Data/ISIC_0013843.jpg,ISIC-2017_Training_Part1_GroundTruth/ISIC_0013843_segmentation.png
528,train,ISIC_0012508,ISIC-2017_Training_Data/ISIC_0012508.jpg,ISIC-2017_Training_Part1_GroundTruth/ISIC_0012508_segmentation.png
529,train,ISIC_0014625,ISIC-2017_Training_Data/ISIC_0014625.jpg,ISIC-2017_Training_Part1_GroundTruth/ISIC_0014625_segmentation.png
530,train,ISIC_0014393,ISIC-2017_Training_Data/ISIC_0014393.jpg,ISIC-2017_Training_Part1_GroundTruth/ISIC_0014393_segmentation.png
531,train,ISIC_0009872,ISIC-2017_Training_Data/ISIC_0009872.jpg,ISIC-2017_Training_Part1_GroundTruth/ISIC_0009872_segmentation.png
532,train,ISIC_0009888,ISIC-2017_Training_Data/ISIC_0009888.jpg,ISIC-2017_Training_Part1_GroundTruth/ISIC_0009888_segmentation.png
533,train,ISIC_0011336,ISIC-2017_Training_Data/ISIC_0011336.jpg,ISIC-2017_Training_Part1_GroundTruth/ISIC_0011336_segmentation.png
534,train,ISIC_0000288,ISIC-2017_Training_Data/ISIC_0000288.jpg,ISIC-2017_Training_Part1_GroundTruth/ISIC_0000288_segmentation.png
535,train,ISIC_0013486,ISIC-2017_Training_Data/ISIC_0013486.jpg,ISIC-2017_Training_Part1_GroundTruth/ISIC_0013486_segmentation.png
536,train,ISIC_0012172,ISIC-2017_Training_Data/ISIC_0012172.jpg,ISIC-2017_Training_Part1_GroundTruth/ISIC_0012172_segmentation.png
537,train,ISIC_0014724,ISIC-2017_Training_Data/ISIC_0014724.jpg,ISIC-2017_Training_Part1_GroundTruth/ISIC_0014724_segmentation.png
538,train,ISIC_0013425,ISIC-2017_Training_Data/ISIC_0013425.jpg,ISIC-2017_Training_Part1_GroundTruth/ISIC_0013425_segmentation.png
539,train,ISIC_0000234,ISIC-2017_Training_Data/ISIC_0000234.jpg,ISIC-2017_Training_Part1_GroundTruth/ISIC_0000234_segmentation.png
540,train,ISIC_0013114,ISIC-2017_Training_Data/ISIC_0013114.jpg,ISIC-2017_Training_Part1_GroundTruth/ISIC_0013114_segmentation.png
541,train,ISIC_0000320,ISIC-2017_Training_Data/ISIC_0000320.jpg,ISIC-2017_Training_Part1_GroundTruth/ISIC_0000320_segmentation.png
542,train,ISIC_0009298,ISIC-2017_Training_Data/ISIC_0009298.jpg,ISIC-2017_Training_Part1_GroundTruth/ISIC_0009298_segmentation.png
543,train,ISIC_0010002,ISIC-2017_Training_Data/ISIC_0010002.jpg,ISIC-2017_Training_Part1_GroundTruth/ISIC_0010002_segmentation.png
544,train,ISIC_0012897,ISIC-2017_Training_Data/ISIC_0012897.jpg,ISIC-2017_Training_Part1_GroundTruth/ISIC_0012897_segmentation.png
545,train,ISIC_0010251,ISIC-2017_Training_Data/ISIC_0010251.jpg,ISIC-2017_Training_Part1_GroundTruth/ISIC_0010251_segmentation.png
546,train,ISIC_0000196,ISIC-2017_Training_Data/ISIC_0000196.jpg,ISIC-2017_Training_Part1_GroundTruth/ISIC_0000196_segmentation.png
547,train,ISIC_0000396,ISIC-2017_Training_Data/ISIC_0000396.jpg,ISIC-2017_Training_Part1_GroundTruth/ISIC_0000396_segmentation.png
548,train,ISIC_0006795,ISIC-2017_Training_Data/ISIC_0006795.jpg,ISIC-2017_Training_Part1_GroundTruth/ISIC_0006795_segmentation.png
549,train,ISIC_0012664,ISIC-2017_Training_Data/ISIC_0012664.jpg,ISIC-2017_Training_Part1_GroundTruth/ISIC_0012664_segmentation.png
550,train,ISIC_0000054,ISIC-2017_Training_Data/ISIC_0000054.jpg,ISIC-2017_Training_Part1_GroundTruth/ISIC_0000054_segmentation.png
551,train,ISIC_0000556,ISIC-2017_Training_Data/ISIC_0000556.jpg,ISIC-2017_Training_Part1_GroundTruth/ISIC_0000556_segmentation.png
552,train,ISIC_0000349,ISIC-2017_Training_Data/ISIC_0000349.jpg,ISIC-2017_Training_Part1_GroundTruth/ISIC_0000349_segmentation.png
553,train,ISIC_0013841,ISIC-2017_Training_Data/ISIC_0013841.jpg,ISIC-2017_Training_Part1_GroundTruth/ISIC_0013841_segmentation.png
554,train,ISIC_0014438,ISIC-2017_Training_Data/ISIC_0014438.jpg,ISIC-2017_Training_Part1_GroundTruth/ISIC_0014438_segmentation.png
555,train,ISIC_0014088,ISIC-2017_Training_Data/ISIC_0014088.jpg,ISIC-2017_Training_Part1_GroundTruth/ISIC_0014088_segmentation.png
556,train,ISIC_0000505,ISIC-2017_Training_Data/ISIC_0000505.jpg,ISIC-2017_Training_Part1_GroundTruth/ISIC_0000505_segmentation.png
557,train,ISIC_0002489,ISIC-2017_Training_Data/ISIC_0002489.jpg,ISIC-2017_Training_Part1_GroundTruth/ISIC_0002489_segmentation.png
558,train,ISIC_0014933,ISIC-2017_Training_Data/ISIC_0014933.jpg,ISIC-2017_Training_Part1_GroundTruth/ISIC_0014933_segmentation.png
559,train,ISIC_0014851,ISIC-2017_Training_Data/ISIC_0014851.jpg,ISIC-2017_Training_Part1_GroundTruth/ISIC_0014851_segmentation.png
560,train,ISIC_0014516,ISIC-2017_Training_Data/ISIC_0014516.jpg,ISIC-2017_Training_Part1_GroundTruth/ISIC_0014516_segmentation.png
561,train,ISIC_0010011,ISIC-2017_Training_Data/ISIC_0010011.jpg,ISIC-2017_Training_Part1_GroundTruth/ISIC_0010011_segmentation.png
562,train,ISIC_0010029,ISIC-2017_Training_Data/ISIC_0010029.jpg,ISIC-2017_Training_Part1_GroundTruth/ISIC_0010029_segmentation.png
563,train,ISIC_0007038,ISIC-2017_Training_Data/ISIC_0007038.jpg,ISIC-2017_Training_Part1_GroundTruth/ISIC_0007038_segmentation.png
564,train,ISIC_0000017,ISIC-2017_Training_Data/ISIC_0000017.jpg,ISIC-2017_Training_Part1_GroundTruth/ISIC_0000017_segmentation.png
565,train,ISIC_0009936,ISIC-2017_Training_Data/ISIC_0009936.jpg,ISIC-2017_Training_Part1_GroundTruth/ISIC_0009936_segmentation.png
566,train,ISIC_0000384,ISIC-2017_Training_Data/ISIC_0000384.jpg,ISIC-2017_Training_Part1_GroundTruth/ISIC_0000384_segmentation.png
567,train,ISIC_0011168,ISIC-2017_Training_Data/ISIC_0011168.jpg,ISIC-2017_Training_Part1_GroundTruth/ISIC_0011168_segmentation.png
568,train,ISIC_0013844,ISIC-2017_Training_Data/ISIC_0013844.jpg,ISIC-2017_Training_Part1_GroundTruth/ISIC_0013844_segmentation.png
569,train,ISIC_0002093,ISIC-2017_Training_Data/ISIC_0002093.jpg,ISIC-2017_Training_Part1_GroundTruth/ISIC_0002093_segmentation.png
570,train,ISIC_0009946,ISIC-2017_Training_Data/ISIC_0009946.jpg,ISIC-2017_Training_Part1_GroundTruth/ISIC_0009946_segmentation.png
571,train,ISIC_0011130,ISIC-2017_Training_Data/ISIC_0011130.jpg,ISIC-2017_Training_Part1_GroundTruth/ISIC_0011130_segmentation.png
572,train,ISIC_0010090,ISIC-2017_Training_Data/ISIC_0010090.jpg,ISIC-2017_Training_Part1_GroundTruth/ISIC_0010090_segmentation.png
573,train,ISIC_0012878,ISIC-2017_Training_Data/ISIC_0012878.jpg,ISIC-2017_Training_Part1_GroundTruth/ISIC_0012878_segmentation.png
574,train,ISIC_0013489,ISIC-2017_Training_Data/ISIC_0013489.jpg,ISIC-2017_Training_Part1_GroundTruth/ISIC_0013489_segmentation.png
575,train,ISIC_0000251,ISIC-2017_Training_Data/ISIC_0000251.jpg,ISIC-2017_Training_Part1_GroundTruth/ISIC_0000251_segmentation.png
576,train,ISIC_0010606,ISIC-2017_Training_Data/ISIC_0010606.jpg,ISIC-2017_Training_Part1_GroundTruth/ISIC_0010606_segmentation.png
577,train,ISIC_0010089,ISIC-2017_Training_Data/ISIC_0010089.jpg,ISIC-2017_Training_Part1_GroundTruth/ISIC_0010089_segmentation.png
578,train,ISIC_0013965,ISIC-2017_Training_Data/ISIC_0013965.jpg,ISIC-2017_Training_Part1_GroundTruth/ISIC_0013965_segmentation.png
579,train,ISIC_0000003,ISIC-2017_Training_Data/ISIC_0000003.jpg,ISIC-2017_Training_Part1_GroundTruth/ISIC_0000003_segmentation.png
580,train,ISIC_0014522,ISIC-2017_Training_Data/ISIC_0014522.jpg,ISIC-2017_Training_Part1_GroundTruth/ISIC_0014522_segmentation.png
581,train,ISIC_0000420,ISIC-2017_Training_Data/ISIC_0000420.jpg,ISIC-2017_Training_Part1_GroundTruth/ISIC_0000420_segmentation.png
582,train,ISIC_0014723,ISIC-2017_Training_Data/ISIC_0014723.jpg,ISIC-2017_Training_Part1_GroundTruth/ISIC_0014723_segmentation.png
583,train,ISIC_0010463,ISIC-2017_Training_Data/ISIC_0010463.jpg,ISIC-2017_Training_Part1_GroundTruth/ISIC_0010463_segmentation.png
584,train,ISIC_0010852,ISIC-2017_Training_Data/ISIC_0010852.jpg,ISIC-2017_Training_Part1_GroundTruth/ISIC_0010852_segmentation.png
585,train,ISIC_0005620,ISIC-2017_Training_Data/ISIC_0005620.jpg,ISIC-2017_Training_Part1_GroundTruth/ISIC_0005620_segmentation.png
586,train,ISIC_0010490,ISIC-2017_Training_Data/ISIC_0010490.jpg,ISIC-2017_Training_Part1_GroundTruth/ISIC_0010490_segmentation.png
587,train,ISIC_0000285,ISIC-2017_Training_Data/ISIC_0000285.jpg,ISIC-2017_Training_Part1_GroundTruth/ISIC_0000285_segmentation.png
588,train,ISIC_0000227,ISIC-2017_Training_Data/ISIC_0000227.jpg,ISIC-2017_Training_Part1_GroundTruth/ISIC_0000227_segmentation.png
589,train,ISIC_0009889,ISIC-2017_Training_Data/ISIC_0009889.jpg,ISIC-2017_Training_Part1_GroundTruth/ISIC_0009889_segmentation.png
590,train,ISIC_0013320,ISIC-2017_Training_Data/ISIC_0013320.jpg,ISIC-2017_Training_Part1_GroundTruth/ISIC_0013320_segmentation.png
591,train,ISIC_0000239,ISIC-2017_Training_Data/ISIC_0000239.jpg,ISIC-2017_Training_Part1_GroundTruth/ISIC_0000239_segmentation.png
592,train,ISIC_0009963,ISIC-2017_Training_Data/ISIC_0009963.jpg,ISIC-2017_Training_Part1_GroundTruth/ISIC_0009963_segmentation.png
593,train,ISIC_0015044,ISIC-2017_Training_Data/ISIC_0015044.jpg,ISIC-2017_Training_Part1_GroundTruth/ISIC_0015044_segmentation.png
594,train,ISIC_0009901,ISIC-2017_Training_Data/ISIC_0009901.jpg,ISIC-2017_Training_Part1_GroundTruth/ISIC_0009901_segmentation.png
595,train,ISIC_0012416,ISIC-2017_Training_Data/ISIC_0012416.jpg,ISIC-2017_Training_Part1_GroundTruth/ISIC_0012416_segmentation.png
596,train,ISIC_0008879,ISIC-2017_Training_Data/ISIC_0008879.jpg,ISIC-2017_Training_Part1_GroundTruth/ISIC_0008879_segmentation.png
597,train,ISIC_0010171,ISIC-2017_Training_Data/ISIC_0010171.jpg,ISIC-2017_Training_Part1_GroundTruth/ISIC_0010171_segmentation.png
598,train,ISIC_0000467,ISIC-2017_Training_Data/ISIC_0000467.jpg,ISIC-2017_Training_Part1_GroundTruth/ISIC_0000467_segmentation.png
599,train,ISIC_0011102,ISIC-2017_Training_Data/ISIC_0011102.jpg,ISIC-2017_Training_Part1_GroundTruth/ISIC_0011102_segmentation.png
600,train,ISIC_0000103,ISIC-2017_Training_Data/ISIC_0000103.jpg,ISIC-2017_Training_Part1_GroundTruth/ISIC_0000103_segmentation.png
601,train,ISIC_0013935,ISIC-2017_Training_Data/ISIC_0013935.jpg,ISIC-2017_Training_Part1_GroundTruth/ISIC_0013935_segmentation.png
602,train,ISIC_0013749,ISIC-2017_Training_Data/ISIC_0013749.jpg,ISIC-2017_Training_Part1_GroundTruth/ISIC_0013749_segmentation.png
603,train,ISIC_0013796,ISIC-2017_Training_Data/ISIC_0013796.jpg,ISIC-2017_Training_Part1_GroundTruth/ISIC_0013796_segmentation.png
604,train,ISIC_0012690,ISIC-2017_Training_Data/ISIC_0012690.jpg,ISIC-2017_Training_Part1_GroundTruth/ISIC_0012690_segmentation.png
605,train,ISIC_0000121,ISIC-2017_Training_Data/ISIC_0000121.jpg,ISIC-2017_Training_Part1_GroundTruth/ISIC_0000121_segmentation.png
606,train,ISIC_0012503,ISIC-2017_Training_Data/ISIC_0012503.jpg,ISIC-2017_Training_Part1_GroundTruth/ISIC_0012503_segmentation.png
607,train,ISIC_0000395,ISIC-2017_Training_Data/ISIC_0000395.jpg,ISIC-2017_Training_Part1_GroundTruth/ISIC_0000395_segmentation.png
608,train,ISIC_0012311,ISIC-2017_Training_Data/ISIC_0012311.jpg,ISIC-2017_Training_Part1_GroundTruth/ISIC_0012311_segmentation.png
609,train,ISIC_0000040,ISIC-2017_Training_Data/ISIC_0000040.jpg,ISIC-2017_Training_Part1_GroundTruth/ISIC_0000040_segmentation.png
610,train,ISIC_0011203,ISIC-2017_Training_Data/ISIC_0011203.jpg,ISIC-2017_Training_Part1_GroundTruth/ISIC_0011203_segmentation.png
611,train,ISIC_0014593,ISIC-2017_Training_Data/ISIC_0014593.jpg,ISIC-2017_Training_Part1_GroundTruth/ISIC_0014593_segmentation.png
612,train,ISIC_0012521,ISIC-2017_Training_Data/ISIC_0012521.jpg,ISIC-2017_Training_Part1_GroundTruth/ISIC_0012521_segmentation.png
613,train,ISIC_0000340,ISIC-2017_Training_Data/ISIC_0000340.jpg,ISIC-2017_Training_Part1_GroundTruth/ISIC_0000340_segmentation.png
614,train,ISIC_0012322,ISIC-2017_Training_Data/ISIC_0012322.jpg,ISIC-2017_Training_Part1_GroundTruth/ISIC_0012322_segmentation.png
615,train,ISIC_0009917,ISIC-2017_Training_Data/ISIC_0009917.jpg,ISIC-2017_Training_Part1_GroundTruth/ISIC_0009917_segmentation.png
616,train,ISIC_0011359,ISIC-2017_Training_Data/ISIC_0011359.jpg,ISIC-2017_Training_Part1_GroundTruth/ISIC_0011359_segmentation.png
617,train,ISIC_0000327,ISIC-2017_Training_Data/ISIC_0000327.jpg,ISIC-2017_Training_Part1_GroundTruth/ISIC_0000327_segmentation.png
618,train,ISIC_0014537,ISIC-2017_Training_Data/ISIC_0014537.jpg,ISIC-2017_Training_Part1_GroundTruth/ISIC_0014537_segmentation.png
619,train,ISIC_0012696,ISIC-2017_Training_Data/ISIC_0012696.jpg,ISIC-2017_Training_Part1_GroundTruth/ISIC_0012696_segmentation.png
620,train,ISIC_0014347,ISIC-2017_Training_Data/ISIC_0014347.jpg,ISIC-2017_Training_Part1_GroundTruth/ISIC_0014347_segmentation.png
621,train,ISIC_0000079,ISIC-2017_Training_Data/ISIC_0000079.jpg,ISIC-2017_Training_Part1_GroundTruth/ISIC_0000079_segmentation.png
622,train,ISIC_0010264,ISIC-2017_Training_Data/ISIC_0010264.jpg,ISIC-2017_Training_Part1_GroundTruth/ISIC_0010264_segmentation.png
623,train,ISIC_0013080,ISIC-2017_Training_Data/ISIC_0013080.jpg,ISIC-2017_Training_Part1_GroundTruth/ISIC_0013080_segmentation.png
624,train,ISIC_0000447,ISIC-2017_Training_Data/ISIC_0000447.jpg,ISIC-2017_Training_Part1_GroundTruth/ISIC_0000447_segmentation.png
625,train,ISIC_0000130,ISIC-2017_Training_Data/ISIC_0000130.jpg,ISIC-2017_Training_Part1_GroundTruth/ISIC_0000130_segmentation.png
626,train,ISIC_0011199,ISIC-2017_Training_Data/ISIC_0011199.jpg,ISIC-2017_Training_Part1_GroundTruth/ISIC_0011199_segmentation.png
627,train,ISIC_0013087,ISIC-2017_Training_Data/ISIC_0013087.jpg,ISIC-2017_Training_Part1_GroundTruth/ISIC_0013087_segmentation.png
628,train,ISIC_0012173,ISIC-2017_Training_Data/ISIC_0012173.jpg,ISIC-2017_Training_Part1_GroundTruth/ISIC_0012173_segmentation.png
629,train,ISIC_0012334,ISIC-2017_Training_Data/ISIC_0012334.jpg,ISIC-2017_Training_Part1_GroundTruth/ISIC_0012334_segmentation.png
630,train,ISIC_0014249,ISIC-2017_Training_Data/ISIC_0014249.jpg,ISIC-2017_Training_Part1_GroundTruth/ISIC_0014249_segmentation.png
631,train,ISIC_0000013,ISIC-2017_Training_Data/ISIC_0000013.jpg,ISIC-2017_Training_Part1_GroundTruth/ISIC_0000013_segmentation.png
632,train,ISIC_0014397,ISIC-2017_Training_Data/ISIC_0014397.jpg,ISIC-2017_Training_Part1_GroundTruth/ISIC_0014397_segmentation.png
633,train,ISIC_0014716,ISIC-2017_Training_Data/ISIC_0014716.jpg,ISIC-2017_Training_Part1_GroundTruth/ISIC_0014716_segmentation.png
634,train,ISIC_0013597,ISIC-2017_Training_Data/ISIC_0013597.jpg,ISIC-2017_Training_Part1_GroundTruth/ISIC_0013597_segmentation.png
635,train,ISIC_0010443,ISIC-2017_Training_Data/ISIC_0010443.jpg,ISIC-2017_Training_Part1_GroundTruth/ISIC_0010443_segmentation.png
636,train,ISIC_0014545,ISIC-2017_Training_Data/ISIC_0014545.jpg,ISIC-2017_Training_Part1_GroundTruth/ISIC_0014545_segmentation.png
637,train,ISIC_0000215,ISIC-2017_Training_Data/ISIC_0000215.jpg,ISIC-2017_Training_Part1_GroundTruth/ISIC_0000215_segmentation.png
638,train,ISIC_0014486,ISIC-2017_Training_Data/ISIC_0014486.jpg,ISIC-2017_Training_Part1_GroundTruth/ISIC_0014486_segmentation.png
639,train,ISIC_0009905,ISIC-2017_Training_Data/ISIC_0009905.jpg,ISIC-2017_Training_Part1_GroundTruth/ISIC_0009905_segmentation.png
640,train,ISIC_0012506,ISIC-2017_Training_Data/ISIC_0012506.jpg,ISIC-2017_Training_Part1_GroundTruth/ISIC_0012506_segmentation.png
641,train,ISIC_0000080,ISIC-2017_Training_Data/ISIC_0000080.jpg,ISIC-2017_Training_Part1_GroundTruth/ISIC_0000080_segmentation.png
642,train,ISIC_0000007,ISIC-2017_Training_Data/ISIC_0000007.jpg,ISIC-2017_Training_Part1_GroundTruth/ISIC_0000007_segmentation.png
643,train,ISIC_0010447,ISIC-2017_Training_Data/ISIC_0010447.jpg,ISIC-2017_Training_Part1_GroundTruth/ISIC_0010447_segmentation.png
644,train,ISIC_0010346,ISIC-2017_Training_Data/ISIC_0010346.jpg,ISIC-2017_Training_Part1_GroundTruth/ISIC_0010346_segmentation.png
645,train,ISIC_0000363,ISIC-2017_Training_Data/ISIC_0000363.jpg,ISIC-2017_Training_Part1_GroundTruth/ISIC_0000363_segmentation.png
646,train,ISIC_0000034,ISIC-2017_Training_Data/ISIC_0000034.jpg,ISIC-2017_Training_Part1_GroundTruth/ISIC_0000034_segmentation.png
647,train,ISIC_0013865,ISIC-2017_Training_Data/ISIC_0013865.jpg,ISIC-2017_Training_Part1_GroundTruth/ISIC_0013865_segmentation.png
648,train,ISIC_0010590,ISIC-2017_Training_Data/ISIC_0010590.jpg,ISIC-2017_Training_Part1_GroundTruth/ISIC_0010590_segmentation.png
649,train,ISIC_0009929,ISIC-2017_Training_Data/ISIC_0009929.jpg,ISIC-2017_Training_Part1_GroundTruth/ISIC_0009929_segmentation.png
650,train,ISIC_0011305,ISIC-2017_Training_Data/ISIC_0011305.jpg,ISIC-2017_Training_Part1_GroundTruth/ISIC_0011305_segmentation.png
651,train,ISIC_0013592,ISIC-2017_Training_Data/ISIC_0013592.jpg,ISIC-2017_Training_Part1_GroundTruth/ISIC_0013592_segmentation.png
652,train,ISIC_0011298,ISIC-2017_Training_Data/ISIC_0011298.jpg,ISIC-2017_Training_Part1_GroundTruth/ISIC_0011298_segmentation.png
653,train,ISIC_0000004,ISIC-2017_Training_Data/ISIC_0000004.jpg,ISIC-2017_Training_Part1_GroundTruth/ISIC_0000004_segmentation.png
654,train,ISIC_0000051,ISIC-2017_Training_Data/ISIC_0000051.jpg,ISIC-2017_Training_Part1_GroundTruth/ISIC_0000051_segmentation.png
655,train,ISIC_0013314,ISIC-2017_Training_Data/ISIC_0013314.jpg,ISIC-2017_Training_Part1_GroundTruth/ISIC_0013314_segmentation.png
656,train,ISIC_0008993,ISIC-2017_Training_Data/ISIC_0008993.jpg,ISIC-2017_Training_Part1_GroundTruth/ISIC_0008993_segmentation.png
657,train,ISIC_0013777,ISIC-2017_Training_Data/ISIC_0013777.jpg,ISIC-2017_Training_Part1_GroundTruth/ISIC_0013777_segmentation.png
658,train,ISIC_0010222,ISIC-2017_Training_Data/ISIC_0010222.jpg,ISIC-2017_Training_Part1_GroundTruth/ISIC_0010222_segmentation.png
659,train,ISIC_0015233,ISIC-2017_Training_Data/ISIC_0015233.jpg,ISIC-2017_Training_Part1_GroundTruth/ISIC_0015233_segmentation.png
660,train,ISIC_0002976,ISIC-2017_Training_Data/ISIC_0002976.jpg,ISIC-2017_Training_Part1_GroundTruth/ISIC_0002976_segmentation.png
661,train,ISIC_0014683,ISIC-2017_Training_Data/ISIC_0014683.jpg,ISIC-2017_Training_Part1_GroundTruth/ISIC_0014683_segmentation.png
662,train,ISIC_0011349,ISIC-2017_Training_Data/ISIC_0011349.jpg,ISIC-2017_Training_Part1_GroundTruth/ISIC_0011349_segmentation.png
663,train,ISIC_0007557,ISIC-2017_Training_Data/ISIC_0007557.jpg,ISIC-2017_Training_Part1_GroundTruth/ISIC_0007557_segmentation.png
664,train,ISIC_0014045,ISIC-2017_Training_Data/ISIC_0014045.jpg,ISIC-2017_Training_Part1_GroundTruth/ISIC_0014045_segmentation.png
665,train,ISIC_0000129,ISIC-2017_Training_Data/ISIC_0000129.jpg,ISIC-2017_Training_Part1_GroundTruth/ISIC_0000129_segmentation.png
666,train,ISIC_0013840,ISIC-2017_Training_Data/ISIC_0013840.jpg,ISIC-2017_Training_Part1_GroundTruth/ISIC_0013840_segmentation.png
667,train,ISIC_0012183,ISIC-2017_Training_Data/ISIC_0012183.jpg,ISIC-2017_Training_Part1_GroundTruth/ISIC_0012183_segmentation.png
668,train,ISIC_0000481,ISIC-2017_Training_Data/ISIC_0000481.jpg,ISIC-2017_Training_Part1_GroundTruth/ISIC_0000481_segmentation.png
669,train,ISIC_0014702,ISIC-2017_Training_Data/ISIC_0014702.jpg,ISIC-2017_Training_Part1_GroundTruth/ISIC_0014702_segmentation.png
670,train,ISIC_0000068,ISIC-2017_Training_Data/ISIC_0000068.jpg,ISIC-2017_Training_Part1_GroundTruth/ISIC_0000068_segmentation.png
671,train,ISIC_0012952,ISIC-2017_Training_Data/ISIC_0012952.jpg,ISIC-2017_Training_Part1_GroundTruth/ISIC_0012952_segmentation.png
672,train,ISIC_0009880,ISIC-2017_Training_Data/ISIC_0009880.jpg,ISIC-2017_Training_Part1_GroundTruth/ISIC_0009880_segmentation.png
673,train,ISIC_0000299,ISIC-2017_Training_Data/ISIC_0000299.jpg,ISIC-2017_Training_Part1_GroundTruth/ISIC_0000299_segmentation.png
674,train,ISIC_0014093,ISIC-2017_Training_Data/ISIC_0014093.jpg,ISIC-2017_Training_Part1_GroundTruth/ISIC_0014093_segmentation.png
675,train,ISIC_0000132,ISIC-2017_Training_Data/ISIC_0000132.jpg,ISIC-2017_Training_Part1_GroundTruth/ISIC_0000132_segmentation.png
676,train,ISIC_0000214,ISIC-2017_Training_Data/ISIC_0000214.jpg,ISIC-2017_Training_Part1_GroundTruth/ISIC_0000214_segmentation.png
677,train,ISIC_0009564,ISIC-2017_Training_Data/ISIC_0009564.jpg,ISIC-2017_Training_Part1_GroundTruth/ISIC_0009564_segmentation.png
678,train,ISIC_0010187,ISIC-2017_Training_Data/ISIC_0010187.jpg,ISIC-2017_Training_Part1_GroundTruth/ISIC_0010187_segmentation.png
679,train,ISIC_0000433,ISIC-2017_Training_Data/ISIC_0000433.jpg,ISIC-2017_Training_Part1_GroundTruth/ISIC_0000433_segmentation.png
680,train,ISIC_0013390,ISIC-2017_Training_Data/ISIC_0013390.jpg,ISIC-2017_Training_Part1_GroundTruth/ISIC_0013390_segmentation.png
681,train,ISIC_0013118,ISIC-2017_Training_Data/ISIC_0013118.jpg,ISIC-2017_Training_Part1_GroundTruth/ISIC_0013118_segmentation.png
682,train,ISIC_0012284,ISIC-2017_Training_Data/ISIC_0012284.jpg,ISIC-2017_Training_Part1_GroundTruth/ISIC_0012284_segmentation.png
683,train,ISIC_0000542,ISIC-2017_Training_Data/ISIC_0000542.jpg,ISIC-2017_Training_Part1_GroundTruth/ISIC_0000542_segmentation.png
684,train,ISIC_0013287,ISIC-2017_Training_Data/ISIC_0013287.jpg,ISIC-2017_Training_Part1_GroundTruth/ISIC_0013287_segmentation.png
685,train,ISIC_0014286,ISIC-2017_Training_Data/ISIC_0014286.jpg,ISIC-2017_Training_Part1_GroundTruth/ISIC_0014286_segmentation.png
686,train,ISIC_0013014,ISIC-2017_Training_Data/ISIC_0013014.jpg,ISIC-2017_Training_Part1_GroundTruth/ISIC_0013014_segmentation.png
687,train,ISIC_0013257,ISIC-2017_Training_Data/ISIC_0013257.jpg,ISIC-2017_Training_Part1_GroundTruth/ISIC_0013257_segmentation.png
688,train,ISIC_0014353,ISIC-2017_Training_Data/ISIC_0014353.jpg,ISIC-2017_Training_Part1_GroundTruth/ISIC_0014353_segmentation.png
689,train,ISIC_0004110,ISIC-2017_Training_Data/ISIC_0004110.jpg,ISIC-2017_Training_Part1_GroundTruth/ISIC_0004110_segmentation.png
690,train,ISIC_0012496,ISIC-2017_Training_Data/ISIC_0012496.jpg,ISIC-2017_Training_Part1_GroundTruth/ISIC_0012496_segmentation.png
691,train,ISIC_0004346,ISIC-2017_Training_Data/ISIC_0004346.jpg,ISIC-2017_Training_Part1_GroundTruth/ISIC_0004346_segmentation.png
692,train,ISIC_0000219,ISIC-2017_Training_Data/ISIC_0000219.jpg,ISIC-2017_Training_Part1_GroundTruth/ISIC_0000219_segmentation.png
693,train,ISIC_0013687,ISIC-2017_Training_Data/ISIC_0013687.jpg,ISIC-2017_Training_Part1_GroundTruth/ISIC_0013687_segmentation.png
694,train,ISIC_0011135,ISIC-2017_Training_Data/ISIC_0011135.jpg,ISIC-2017_Training_Part1_GroundTruth/ISIC_0011135_segmentation.png
695,train,ISIC_0013031,ISIC-2017_Training_Data/ISIC_0013031.jpg,ISIC-2017_Training_Part1_GroundTruth/ISIC_0013031_segmentation.png
696,train,ISIC_0013800,ISIC-2017_Training_Data/ISIC_0013800.jpg,ISIC-2017_Training_Part1_GroundTruth/ISIC_0013800_segmentation.png
697,train,ISIC_0010062,ISIC-2017_Training_Data/ISIC_0010062.jpg,ISIC-2017_Training_Part1_GroundTruth/ISIC_0010062_segmentation.png
698,train,ISIC_0014074,ISIC-2017_Training_Data/ISIC_0014074.jpg,ISIC-2017_Training_Part1_GroundTruth/ISIC_0014074_segmentation.png
699,train,ISIC_0005666,ISIC-2017_Training_Data/ISIC_0005666.jpg,ISIC-2017_Training_Part1_GroundTruth/ISIC_0005666_segmentation.png
700,train,ISIC_0014808,ISIC-2017_Training_Data/ISIC_0014808.jpg,ISIC-2017_Training_Part1_GroundTruth/ISIC_0014808_segmentation.png
701,train,ISIC_0002948,ISIC-2017_Training_Data/ISIC_0002948.jpg,ISIC-2017_Training_Part1_GroundTruth/ISIC_0002948_segmentation.png
702,train,ISIC_0008347,ISIC-2017_Training_Data/ISIC_0008347.jpg,ISIC-2017_Training_Part1_GroundTruth/ISIC_0008347_segmentation.png
703,train,ISIC_0013896,ISIC-2017_Training_Data/ISIC_0013896.jpg,ISIC-2017_Training_Part1_GroundTruth/ISIC_0013896_segmentation.png
704,train,ISIC_0010019,ISIC-2017_Training_Data/ISIC_0010019.jpg,ISIC-2017_Training_Part1_GroundTruth/ISIC_0010019_segmentation.png
705,train,ISIC_0009930,ISIC-2017_Training_Data/ISIC_0009930.jpg,ISIC-2017_Training_Part1_GroundTruth/ISIC_0009930_segmentation.png
706,train,ISIC_0013233,ISIC-2017_Training_Data/ISIC_0013233.jpg,ISIC-2017_Training_Part1_GroundTruth/ISIC_0013233_segmentation.png
707,train,ISIC_0013797,ISIC-2017_Training_Data/ISIC_0013797.jpg,ISIC-2017_Training_Part1_GroundTruth/ISIC_0013797_segmentation.png
708,train,ISIC_0011112,ISIC-2017_Training_Data/ISIC_0011112.jpg,ISIC-2017_Training_Part1_GroundTruth/ISIC_0011112_segmentation.png
709,train,ISIC_0014742,ISIC-2017_Training_Data/ISIC_0014742.jpg,ISIC-2017_Training_Part1_GroundTruth/ISIC_0014742_segmentation.png
710,train,ISIC_0012670,ISIC-2017_Training_Data/ISIC_0012670.jpg,ISIC-2017_Training_Part1_GroundTruth/ISIC_0012670_segmentation.png
711,train,ISIC_0000322,ISIC-2017_Training_Data/ISIC_0000322.jpg,ISIC-2017_Training_Part1_GroundTruth/ISIC_0000322_segmentation.png
712,train,ISIC_0000160,ISIC-2017_Training_Data/ISIC_0000160.jpg,ISIC-2017_Training_Part1_GroundTruth/ISIC_0000160_segmentation.png
713,train,ISIC_0013525,ISIC-2017_Training_Data/ISIC_0013525.jpg,ISIC-2017_Training_Part1_GroundTruth/ISIC_0013525_segmentation.png
714,train,ISIC_0014975,ISIC-2017_Training_Data/ISIC_0014975.jpg,ISIC-2017_Training_Part1_GroundTruth/ISIC_0014975_segmentation.png
715,train,ISIC_0013023,ISIC-2017_Training_Data/ISIC_0013023.jpg,ISIC-2017_Training_Part1_GroundTruth/ISIC_0013023_segmentation.png
716,train,ISIC_0000085,ISIC-2017_Training_Data/ISIC_0000085.jpg,ISIC-2017_Training_Part1_GroundTruth/ISIC_0000085_segmentation.png
717,train,ISIC_0009160,ISIC-2017_Training_Data/ISIC_0009160.jpg,ISIC-2017_Training_Part1_GroundTruth/ISIC_0009160_segmentation.png
718,train,ISIC_0011212,ISIC-2017_Training_Data/ISIC_0011212.jpg,ISIC-2017_Training_Part1_GroundTruth/ISIC_0011212_segmentation.png
719,train,ISIC_0013775,ISIC-2017_Training_Data/ISIC_0013775.jpg,ISIC-2017_Training_Part1_GroundTruth/ISIC_0013775_segmentation.png
720,train,ISIC_0013360,ISIC-2017_Training_Data/ISIC_0013360.jpg,ISIC-2017_Training_Part1_GroundTruth/ISIC_0013360_segmentation.png
721,train,ISIC_0012683,ISIC-2017_Training_Data/ISIC_0012683.jpg,ISIC-2017_Training_Part1_GroundTruth/ISIC_0012683_segmentation.png
722,train,ISIC_0012460,ISIC-2017_Training_Data/ISIC_0012460.jpg,ISIC-2017_Training_Part1_GroundTruth/ISIC_0012460_segmentation.png
723,train,ISIC_0013961,ISIC-2017_Training_Data/ISIC_0013961.jpg,ISIC-2017_Training_Part1_GroundTruth/ISIC_0013961_segmentation.png
724,train,ISIC_0013173,ISIC-2017_Training_Data/ISIC_0013173.jpg,ISIC-2017_Training_Part1_GroundTruth/ISIC_0013173_segmentation.png
725,train,ISIC_0008507,ISIC-2017_Training_Data/ISIC_0008507.jpg,ISIC-2017_Training_Part1_GroundTruth/ISIC_0008507_segmentation.png
726,train,ISIC_0010212,ISIC-2017_Training_Data/ISIC_0010212.jpg,ISIC-2017_Training_Part1_GroundTruth/ISIC_0010212_segmentation.png
727,train,ISIC_0010339,ISIC-2017_Training_Data/ISIC_0010339.jpg,ISIC-2017_Training_Part1_GroundTruth/ISIC_0010339_segmentation.png
728,train,ISIC_0013675,ISIC-2017_Training_Data/ISIC_0013675.jpg,ISIC-2017_Training_Part1_GroundTruth/ISIC_0013675_segmentation.png
729,train,ISIC_0000104,ISIC-2017_Training_Data/ISIC_0000104.jpg,ISIC-2017_Training_Part1_GroundTruth/ISIC_0000104_segmentation.png
730,train,ISIC_0014771,ISIC-2017_Training_Data/ISIC_0014771.jpg,ISIC-2017_Training_Part1_GroundTruth/ISIC_0014771_segmentation.png
731,train,ISIC_0000336,ISIC-2017_Training_Data/ISIC_0000336.jpg,ISIC-2017_Training_Part1_GroundTruth/ISIC_0000336_segmentation.png
732,train,ISIC_0013063,ISIC-2017_Training_Data/ISIC_0013063.jpg,ISIC-2017_Training_Part1_GroundTruth/ISIC_0013063_segmentation.png
733,train,ISIC_0015082,ISIC-2017_Training_Data/ISIC_0015082.jpg,ISIC-2017_Training_Part1_GroundTruth/ISIC_0015082_segmentation.png
734,train,ISIC_0012332,ISIC-2017_Training_Data/ISIC_0012332.jpg,ISIC-2017_Training_Part1_GroundTruth/ISIC_0012332_segmentation.png
735,train,ISIC_0010481,ISIC-2017_Training_Data/ISIC_0010481.jpg,ISIC-2017_Training_Part1_GroundTruth/ISIC_0010481_segmentation.png
736,train,ISIC_0011358,ISIC-2017_Training_Data/ISIC_0011358.jpg,ISIC-2017_Training_Part1_GroundTruth/ISIC_0011358_segmentation.png
737,train,ISIC_0000097,ISIC-2017_Training_Data/ISIC_0000097.jpg,ISIC-2017_Training_Part1_GroundTruth/ISIC_0000097_segmentation.png
738,train,ISIC_0000229,ISIC-2017_Training_Data/ISIC_0000229.jpg,ISIC-2017_Training_Part1_GroundTruth/ISIC_0000229_segmentation.png
739,train,ISIC_0013207,ISIC-2017_Training_Data/ISIC_0013207.jpg,ISIC-2017_Training_Part1_GroundTruth/ISIC_0013207_segmentation.png
740,train,ISIC_0000344,ISIC-2017_Training_Data/ISIC_0000344.jpg,ISIC-2017_Training_Part1_GroundTruth/ISIC_0000344_segmentation.png
741,train,ISIC_0014433,ISIC-2017_Training_Data/ISIC_0014433.jpg,ISIC-2017_Training_Part1_GroundTruth/ISIC_0014433_segmentation.png
742,train,ISIC_0010215,ISIC-2017_Training_Data/ISIC_0010215.jpg,ISIC-2017_Training_Part1_GroundTruth/ISIC_0010215_segmentation.png
743,train,ISIC_0009884,ISIC-2017_Training_Data/ISIC_0009884.jpg,ISIC-2017_Training_Part1_GroundTruth/ISIC_0009884_segmentation.png
744,train,ISIC_0006800,ISIC-2017_Training_Data/ISIC_0006800.jpg,ISIC-2017_Training_Part1_GroundTruth/ISIC_0006800_segmentation.png
745,train,ISIC_0000250,ISIC-2017_Training_Data/ISIC_0000250.jpg,ISIC-2017_Training_Part1_GroundTruth/ISIC_0000250_segmentation.png
746,train,ISIC_0010078,ISIC-2017_Training_Data/ISIC_0010078.jpg,ISIC-2017_Training_Part1_GroundTruth/ISIC_0010078_segmentation.png
747,train,ISIC_0013493,ISIC-2017_Training_Data/ISIC_0013493.jpg,ISIC-2017_Training_Part1_GroundTruth/ISIC_0013493_segmentation.png
748,train,ISIC_0012271,ISIC-2017_Training_Data/ISIC_0012271.jpg,ISIC-2017_Training_Part1_GroundTruth/ISIC_0012271_segmentation.png
749,train,ISIC_0004309,ISIC-2017_Training_Data/ISIC_0004309.jpg,ISIC-2017_Training_Part1_GroundTruth/ISIC_0004309_segmentation.png
750,train,ISIC_0000236,ISIC-2017_Training_Data/ISIC_0000236.jpg,ISIC-2017_Training_Part1_GroundTruth/ISIC_0000236_segmentation.png
751,train,ISIC_0013071,ISIC-2017_Training_Data/ISIC_0013071.jpg,ISIC-2017_Training_Part1_GroundTruth/ISIC_0013071_segmentation.png
752,train,ISIC_0012543,ISIC-2017_Training_Data/ISIC_0012543.jpg,ISIC-2017_Training_Part1_GroundTruth/ISIC_0012543_segmentation.png
753,train,ISIC_0014525,ISIC-2017_Training_Data/ISIC_0014525.jpg,ISIC-2017_Training_Part1_GroundTruth/ISIC_0014525_segmentation.png
754,train,ISIC_0000019,ISIC-2017_Training_Data/ISIC_0000019.jpg,ISIC-2017_Training_Part1_GroundTruth/ISIC_0000019_segmentation.png
755,train,ISIC_0013712,ISIC-2017_Training_Data/ISIC_0013712.jpg,ISIC-2017_Training_Part1_GroundTruth/ISIC_0013712_segmentation.png
756,train,ISIC_0010061,ISIC-2017_Training_Data/ISIC_0010061.jpg,ISIC-2017_Training_Part1_GroundTruth/ISIC_0010061_segmentation.png
757,train,ISIC_0012263,ISIC-2017_Training_Data/ISIC_0012263.jpg,ISIC-2017_Training_Part1_GroundTruth/ISIC_0012263_segmentation.png
758,train,ISIC_0013235,ISIC-2017_Training_Data/ISIC_0013235.jpg,ISIC-2017_Training_Part1_GroundTruth/ISIC_0013235_segmentation.png
759,train,ISIC_0012741,ISIC-2017_Training_Data/ISIC_0012741.jpg,ISIC-2017_Training_Part1_GroundTruth/ISIC_0012741_segmentation.png
760,train,ISIC_0002459,ISIC-2017_Training_Data/ISIC_0002459.jpg,ISIC-2017_Training_Part1_GroundTruth/ISIC_0002459_segmentation.png
761,train,ISIC_0000516,ISIC-2017_Training_Data/ISIC_0000516.jpg,ISIC-2017_Training_Part1_GroundTruth/ISIC_0000516_segmentation.png
762,train,ISIC_0010473,ISIC-2017_Training_Data/ISIC_0010473.jpg,ISIC-2017_Training_Part1_GroundTruth/ISIC_0010473_segmentation.png
763,train,ISIC_0014543,ISIC-2017_Training_Data/ISIC_0014543.jpg,ISIC-2017_Training_Part1_GroundTruth/ISIC_0014543_segmentation.png
764,train,ISIC_0013672,ISIC-2017_Training_Data/ISIC_0013672.jpg,ISIC-2017_Training_Part1_GroundTruth/ISIC_0013672_segmentation.png
765,train,ISIC_0000065,ISIC-2017_Training_Data/ISIC_0000065.jpg,ISIC-2017_Training_Part1_GroundTruth/ISIC_0000065_segmentation.png
766,train,ISIC_0013523,ISIC-2017_Training_Data/ISIC_0013523.jpg,ISIC-2017_Training_Part1_GroundTruth/ISIC_0013523_segmentation.png
767,train,ISIC_0001142,ISIC-2017_Training_Data/ISIC_0001142.jpg,ISIC-2017_Training_Part1_GroundTruth/ISIC_0001142_segmentation.png
768,train,ISIC_0013801,ISIC-2017_Training_Data/ISIC_0013801.jpg,ISIC-2017_Training_Part1_GroundTruth/ISIC_0013801_segmentation.png
769,train,ISIC_0014680,ISIC-2017_Training_Data/ISIC_0014680.jpg,ISIC-2017_Training_Part1_GroundTruth/ISIC_0014680_segmentation.png
770,train,ISIC_0000182,ISIC-2017_Training_Data/ISIC_0000182.jpg,ISIC-2017_Training_Part1_GroundTruth/ISIC_0000182_segmentation.png
771,train,ISIC_0013129,ISIC-2017_Training_Data/ISIC_0013129.jpg,ISIC-2017_Training_Part1_GroundTruth/ISIC_0013129_segmentation.png
772,train,ISIC_0013304,ISIC-2017_Training_Data/ISIC_0013304.jpg,ISIC-2017_Training_Part1_GroundTruth/ISIC_0013304_segmentation.png
773,train,ISIC_0012855,ISIC-2017_Training_Data/ISIC_0012855.jpg,ISIC-2017_Training_Part1_GroundTruth/ISIC_0012855_segmentation.png
774,train,ISIC_0015153,ISIC-2017_Training_Data/ISIC_0015153.jpg,ISIC-2017_Training_Part1_GroundTruth/ISIC_0015153_segmentation.png
775,train,ISIC_0009955,ISIC-2017_Training_Data/ISIC_0009955.jpg,ISIC-2017_Training_Part1_GroundTruth/ISIC_0009955_segmentation.png
776,train,ISIC_0013355,ISIC-2017_Training_Data/ISIC_0013355.jpg,ISIC-2017_Training_Part1_GroundTruth/ISIC_0013355_segmentation.png
777,train,ISIC_0011362,ISIC-2017_Training_Data/ISIC_0011362.jpg,ISIC-2017_Training_Part1_GroundTruth/ISIC_0011362_segmentation.png
778,train,ISIC_0014641,ISIC-2017_Training_Data/ISIC_0014641.jpg,ISIC-2017_Training_Part1_GroundTruth/ISIC_0014641_segmentation.png
779,train,ISIC_0000421,ISIC-2017_Training_Data/ISIC_0000421.jpg,ISIC-2017_Training_Part1_GroundTruth/ISIC_0000421_segmentation.png
780,train,ISIC_0013671,ISIC-2017_Training_Data/ISIC_0013671.jpg,ISIC-2017_Training_Part1_GroundTruth/ISIC_0013671_segmentation.png
781,train,ISIC_0011384,ISIC-2017_Training_Data/ISIC_0011384.jpg,ISIC-2017_Training_Part1_GroundTruth/ISIC_0011384_segmentation.png
782,train,ISIC_0012711,ISIC-2017_Training_Data/ISIC_0012711.jpg,ISIC-2017_Training_Part1_GroundTruth/ISIC_0012711_segmentation.png
783,train,ISIC_0013808,ISIC-2017_Training_Data/ISIC_0013808.jpg,ISIC-2017_Training_Part1_GroundTruth/ISIC_0013808_segmentation.png
784,train,ISIC_0010342,ISIC-2017_Training_Data/ISIC_0010342.jpg,ISIC-2017_Training_Part1_GroundTruth/ISIC_0010342_segmentation.png
785,train,ISIC_0010348,ISIC-2017_Training_Data/ISIC_0010348.jpg,ISIC-2017_Training_Part1_GroundTruth/ISIC_0010348_segmentation.png
786,train,ISIC_0012661,ISIC-2017_Training_Data/ISIC_0012661.jpg,ISIC-2017_Training_Part1_GroundTruth/ISIC_0012661_segmentation.png
787,train,ISIC_0013429,ISIC-2017_Training_Data/ISIC_0013429.jpg,ISIC-2017_Training_Part1_GroundTruth/ISIC_0013429_segmentation.png
788,train,ISIC_0010468,ISIC-2017_Training_Data/ISIC_0010468.jpg,ISIC-2017_Training_Part1_GroundTruth/ISIC_0010468_segmentation.png
789,train,ISIC_0012932,ISIC-2017_Training_Data/ISIC_0012932.jpg,ISIC-2017_Training_Part1_GroundTruth/ISIC_0012932_segmentation.png
790,train,ISIC_0000882,ISIC-2017_Training_Data/ISIC_0000882.jpg,ISIC-2017_Training_Part1_GroundTruth/ISIC_0000882_segmentation.png
791,train,ISIC_0012102,ISIC-2017_Training_Data/ISIC_0012102.jpg,ISIC-2017_Training_Part1_GroundTruth/ISIC_0012102_segmentation.png
792,train,ISIC_0014929,ISIC-2017_Training_Data/ISIC_0014929.jpg,ISIC-2017_Training_Part1_GroundTruth/ISIC_0014929_segmentation.png
793,train,ISIC_0010442,ISIC-2017_Training_Data/ISIC_0010442.jpg,ISIC-2017_Training_Part1_GroundTruth/ISIC_0010442_segmentation.png
794,train,ISIC_0000506,ISIC-2017_Training_Data/ISIC_0000506.jpg,ISIC-2017_Training_Part1_GroundTruth/ISIC_0000506_segmentation.png
795,train,ISIC_0012879,ISIC-2017_Training_Data/ISIC_0012879.jpg,ISIC-2017_Training_Part1_GroundTruth/ISIC_0012879_segmentation.png
796,train,ISIC_0000245,ISIC-2017_Training_Data/ISIC_0000245.jpg,ISIC-2017_Training_Part1_GroundTruth/ISIC_0000245_segmentation.png
797,train,ISIC_0013815,ISIC-2017_Training_Data/ISIC_0013815.jpg,ISIC-2017_Training_Part1_GroundTruth/ISIC_0013815_segmentation.png
798,train,ISIC_0012433,ISIC-2017_Training_Data/ISIC_0012433.jpg,ISIC-2017_Training_Part1_GroundTruth/ISIC_0012433_segmentation.png
799,train,ISIC_0012261,ISIC-2017_Training_Data/ISIC_0012261.jpg,ISIC-2017_Training_Part1_GroundTruth/ISIC_0012261_segmentation.png
800,train,ISIC_0010080,ISIC-2017_Training_Data/ISIC_0010080.jpg,ISIC-2017_Training_Part1_GroundTruth/ISIC_0010080_segmentation.png
801,train,ISIC_0000465,ISIC-2017_Training_Data/ISIC_0000465.jpg,ISIC-2017_Training_Part1_GroundTruth/ISIC_0000465_segmentation.png
802,train,ISIC_0013804,ISIC-2017_Training_Data/ISIC_0013804.jpg,ISIC-2017_Training_Part1_GroundTruth/ISIC_0013804_segmentation.png
803,train,ISIC_0012455,ISIC-2017_Training_Data/ISIC_0012455.jpg,ISIC-2017_Training_Part1_GroundTruth/ISIC_0012455_segmentation.png
804,train,ISIC_0011136,ISIC-2017_Training_Data/ISIC_0011136.jpg,ISIC-2017_Training_Part1_GroundTruth/ISIC_0011136_segmentation.png
805,train,ISIC_0010220,ISIC-2017_Training_Data/ISIC_0010220.jpg,ISIC-2017_Training_Part1_GroundTruth/ISIC_0010220_segmentation.png
806,train,ISIC_0012844,ISIC-2017_Training_Data/ISIC_0012844.jpg,ISIC-2017_Training_Part1_GroundTruth/ISIC_0012844_segmentation.png
807,train,ISIC_0009981,ISIC-2017_Training_Data/ISIC_0009981.jpg,ISIC-2017_Training_Part1_GroundTruth/ISIC_0009981_segmentation.png
808,train,ISIC_0014490,ISIC-2017_Training_Data/ISIC_0014490.jpg,ISIC-2017_Training_Part1_GroundTruth/ISIC_0014490_segmentation.png
809,train,ISIC_0013227,ISIC-2017_Training_Data/ISIC_0013227.jpg,ISIC-2017_Training_Part1_GroundTruth/ISIC_0013227_segmentation.png
810,train,ISIC_0000554,ISIC-2017_Training_Data/ISIC_0000554.jpg,ISIC-2017_Training_Part1_GroundTruth/ISIC_0000554_segmentation.png
811,train,ISIC_0011173,ISIC-2017_Training_Data/ISIC_0011173.jpg,ISIC-2017_Training_Part1_GroundTruth/ISIC_0011173_segmentation.png
812,train,ISIC_0010081,ISIC-2017_Training_Data/ISIC_0010081.jpg,ISIC-2017_Training_Part1_GroundTruth/ISIC_0010081_segmentation.png
813,train,ISIC_0014915,ISIC-2017_Training_Data/ISIC_0014915.jpg,ISIC-2017_Training_Part1_GroundTruth/ISIC_0014915_segmentation.png
814,train,ISIC_0000260,ISIC-2017_Training_Data/ISIC_0000260.jpg,ISIC-2017_Training_Part1_GroundTruth/ISIC_0000260_segmentation.png
815,train,ISIC_0014628,ISIC-2017_Training_Data/ISIC_0014628.jpg,ISIC-2017_Training_Part1_GroundTruth/ISIC_0014628_segmentation.png
816,train,ISIC_0011372,ISIC-2017_Training_Data/ISIC_0011372.jpg,ISIC-2017_Training_Part1_GroundTruth/ISIC_0011372_segmentation.png
817,train,ISIC_0012833,ISIC-2017_Training_Data/ISIC_0012833.jpg,ISIC-2017_Training_Part1_GroundTruth/ISIC_0012833_segmentation.png
818,train,ISIC_0010317,ISIC-2017_Training_Data/ISIC_0010317.jpg,ISIC-2017_Training_Part1_GroundTruth/ISIC_0010317_segmentation.png
819,train,ISIC_0011083,ISIC-2017_Training_Data/ISIC_0011083.jpg,ISIC-2017_Training_Part1_GroundTruth/ISIC_0011083_segmentation.png
820,train,ISIC_0000049,ISIC-2017_Training_Data/ISIC_0000049.jpg,ISIC-2017_Training_Part1_GroundTruth/ISIC_0000049_segmentation.png
821,train,ISIC_0010178,ISIC-2017_Training_Data/ISIC_0010178.jpg,ISIC-2017_Training_Part1_GroundTruth/ISIC_0010178_segmentation.png
822,train,ISIC_0012309,ISIC-2017_Training_Data/ISIC_0012309.jpg,ISIC-2017_Training_Part1_GroundTruth/ISIC_0012309_segmentation.png
823,train,ISIC_0012489,ISIC-2017_Training_Data/ISIC_0012489.jpg,ISIC-2017_Training_Part1_GroundTruth/ISIC_0012489_segmentation.png
824,train,ISIC_0013474,ISIC-2017_Training_Data/ISIC_0013474.jpg,ISIC-2017_Training_Part1_GroundTruth/ISIC_0013474_segmentation.png
825,train,ISIC_0012659,ISIC-2017_Training_Data/ISIC_0012659.jpg,ISIC-2017_Training_Part1_GroundTruth/ISIC_0012659_segmentation.png
826,train,ISIC_0010448,ISIC-2017_Training_Data/ISIC_0010448.jpg,ISIC-2017_Training_Part1_GroundTruth/ISIC_0010448_segmentation.png
827,train,ISIC_0000329,ISIC-2017_Training_Data/ISIC_0000329.jpg,ISIC-2017_Training_Part1_GroundTruth/ISIC_0000329_segmentation.png
828,train,ISIC_0005187,ISIC-2017_Training_Data/ISIC_0005187.jpg,ISIC-2017_Training_Part1_GroundTruth/ISIC_0005187_segmentation.png
829,train,ISIC_0008528,ISIC-2017_Training_Data/ISIC_0008528.jpg,ISIC-2017_Training_Part1_GroundTruth/ISIC_0008528_segmentation.png
830,train,ISIC_0000377,ISIC-2017_Training_Data/ISIC_0000377.jpg,ISIC-2017_Training_Part1_GroundTruth/ISIC_0000377_segmentation.png
831,train,ISIC_0010441,ISIC-2017_Training_Data/ISIC_0010441.jpg,ISIC-2017_Training_Part1_GroundTruth/ISIC_0010441_segmentation.png
832,train,ISIC_0010465,ISIC-2017_Training_Data/ISIC_0010465.jpg,ISIC-2017_Training_Part1_GroundTruth/ISIC_0010465_segmentation.png
833,train,ISIC_0012526,ISIC-2017_Training_Data/ISIC_0012526.jpg,ISIC-2017_Training_Part1_GroundTruth/ISIC_0012526_segmentation.png
834,train,ISIC_0010066,ISIC-2017_Training_Data/ISIC_0010066.jpg,ISIC-2017_Training_Part1_GroundTruth/ISIC_0010066_segmentation.png
835,train,ISIC_0010356,ISIC-2017_Training_Data/ISIC_0010356.jpg,ISIC-2017_Training_Part1_GroundTruth/ISIC_0010356_segmentation.png
836,train,ISIC_0010467,ISIC-2017_Training_Data/ISIC_0010467.jpg,ISIC-2017_Training_Part1_GroundTruth/ISIC_0010467_segmentation.png
837,train,ISIC_0012865,ISIC-2017_Training_Data/ISIC_0012865.jpg,ISIC-2017_Training_Part1_GroundTruth/ISIC_0012865_segmentation.png
838,train,ISIC_0000444,ISIC-2017_Training_Data/ISIC_0000444.jpg,ISIC-2017_Training_Part1_GroundTruth/ISIC_0000444_segmentation.png
839,train,ISIC_0009899,ISIC-2017_Training_Data/ISIC_0009899.jpg,ISIC-2017_Training_Part1_GroundTruth/ISIC_0009899_segmentation.png
840,train,ISIC_0014001,ISIC-2017_Training_Data/ISIC_0014001.jpg,ISIC-2017_Training_Part1_GroundTruth/ISIC_0014001_segmentation.png
841,train,ISIC_0009976,ISIC-2017_Training_Data/ISIC_0009976.jpg,ISIC-2017_Training_Part1_GroundTruth/ISIC_0009976_segmentation.png
842,train,ISIC_0013864,ISIC-2017_Training_Data/ISIC_0013864.jpg,ISIC-2017_Training_Part1_GroundTruth/ISIC_0013864_segmentation.png
843,train,ISIC_0000281,ISIC-2017_Training_Data/ISIC_0000281.jpg,ISIC-2017_Training_Part1_GroundTruth/ISIC_0000281_segmentation.png
844,train,ISIC_0009973,ISIC-2017_Training_Data/ISIC_0009973.jpg,ISIC-2017_Training_Part1_GroundTruth/ISIC_0009973_segmentation.png
845,train,ISIC_0000360,ISIC-2017_Training_Data/ISIC_0000360.jpg,ISIC-2017_Training_Part1_GroundTruth/ISIC_0000360_segmentation.png
846,train,ISIC_0010021,ISIC-2017_Training_Data/ISIC_0010021.jpg,ISIC-2017_Training_Part1_GroundTruth/ISIC_0010021_segmentation.png
847,train,ISIC_0014664,ISIC-2017_Training_Data/ISIC_0014664.jpg,ISIC-2017_Training_Part1_GroundTruth/ISIC_0014664_segmentation.png
848,train,ISIC_0000174,ISIC-2017_Training_Data/ISIC_0000174.jpg,ISIC-2017_Training_Part1_GroundTruth/ISIC_0000174_segmentation.png
849,train,ISIC_0000423,ISIC-2017_Training_Data/ISIC_0000423.jpg,ISIC-2017_Training_Part1_GroundTruth/ISIC_0000423_segmentation.png
850,train,ISIC_0000235,ISIC-2017_Training_Data/ISIC_0000235.jpg,ISIC-2017_Training_Part1_GroundTruth/ISIC_0000235_segmentation.png
851,train,ISIC_0014788,ISIC-2017_Training_Data/ISIC_0014788.jpg,ISIC-2017_Training_Part1_GroundTruth/ISIC_0014788_segmentation.png
852,train,ISIC_0013933,ISIC-2017_Training_Data/ISIC_0013933.jpg,ISIC-2017_Training_Part1_GroundTruth/ISIC_0013933_segmentation.png
853,train,ISIC_0008659,ISIC-2017_Training_Data/ISIC_0008659.jpg,ISIC-2017_Training_Part1_GroundTruth/ISIC_0008659_segmentation.png
854,train,ISIC_0011315,ISIC-2017_Training_Data/ISIC_0011315.jpg,ISIC-2017_Training_Part1_GroundTruth/ISIC_0011315_segmentation.png
855,train,ISIC_0010587,ISIC-2017_Training_Data/ISIC_0010587.jpg,ISIC-2017_Training_Part1_GroundTruth/ISIC_0010587_segmentation.png
856,train,ISIC_0000507,ISIC-2017_Training_Data/ISIC_0000507.jpg,ISIC-2017_Training_Part1_GroundTruth/ISIC_0000507_segmentation.png
857,train,ISIC_0011210,ISIC-2017_Training_Data/ISIC_0011210.jpg,ISIC-2017_Training_Part1_GroundTruth/ISIC_0011210_segmentation.png
858,train,ISIC_0000109,ISIC-2017_Training_Data/ISIC_0000109.jpg,ISIC-2017_Training_Part1_GroundTruth/ISIC_0000109_segmentation.png
859,train,ISIC_0013487,ISIC-2017_Training_Data/ISIC_0013487.jpg,ISIC-2017_Training_Part1_GroundTruth/ISIC_0013487_segmentation.png
860,train,ISIC_0009868,ISIC-2017_Training_Data/ISIC_0009868.jpg,ISIC-2017_Training_Part1_GroundTruth/ISIC_0009868_segmentation.png
861,train,ISIC_0011225,ISIC-2017_Training_Data/ISIC_0011225.jpg,ISIC-2017_Training_Part1_GroundTruth/ISIC_0011225_segmentation.png
862,train,ISIC_0000164,ISIC-2017_Training_Data/ISIC_0000164.jpg,ISIC-2017_Training_Part1_GroundTruth/ISIC_0000164_segmentation.png
863,train,ISIC_0000315,ISIC-2017_Training_Data/ISIC_0000315.jpg,ISIC-2017_Training_Part1_GroundTruth/ISIC_0000315_segmentation.png
864,train,ISIC_0015113,ISIC-2017_Training_Data/ISIC_0015113.jpg,ISIC-2017_Training_Part1_GroundTruth/ISIC_0015113_segmentation.png
865,train,ISIC_0014951,ISIC-2017_Training_Data/ISIC_0014951.jpg,ISIC-2017_Training_Part1_GroundTruth/ISIC_0014951_segmentation.png
866,train,ISIC_0000045,ISIC-2017_Training_Data/ISIC_0000045.jpg,ISIC-2017_Training_Part1_GroundTruth/ISIC_0000045_segmentation.png
867,train,ISIC_0014843,ISIC-2017_Training_Data/ISIC_0014843.jpg,ISIC-2017_Training_Part1_GroundTruth/ISIC_0014843_segmentation.png
868,train,ISIC_0013626,ISIC-2017_Training_Data/ISIC_0013626.jpg,ISIC-2017_Training_Part1_GroundTruth/ISIC_0013626_segmentation.png
869,train,ISIC_0000366,ISIC-2017_Training_Data/ISIC_0000366.jpg,ISIC-2017_Training_Part1_GroundTruth/ISIC_0000366_segmentation.png
870,train,ISIC_0009165,ISIC-2017_Training_Data/ISIC_0009165.jpg,ISIC-2017_Training_Part1_GroundTruth/ISIC_0009165_segmentation.png
871,train,ISIC_0014722,ISIC-2017_Training_Data/ISIC_0014722.jpg,ISIC-2017_Training_Part1_GroundTruth/ISIC_0014722_segmentation.png
872,train,ISIC_0012680,ISIC-2017_Training_Data/ISIC_0012680.jpg,ISIC-2017_Training_Part1_GroundTruth/ISIC_0012680_segmentation.png
873,train,ISIC_0012725,ISIC-2017_Training_Data/ISIC_0012725.jpg,ISIC-2017_Training_Part1_GroundTruth/ISIC_0012725_segmentation.png
874,train,ISIC_0014617,ISIC-2017_Training_Data/ISIC_0014617.jpg,ISIC-2017_Training_Part1_GroundTruth/ISIC_0014617_segmentation.png
875,train,ISIC_0010344,ISIC-2017_Training_Data/ISIC_0010344.jpg,ISIC-2017_Training_Part1_GroundTruth/ISIC_0010344_segmentation.png
876,train,ISIC_0010333,ISIC-2017_Training_Data/ISIC_0010333.jpg,ISIC-2017_Training_Part1_GroundTruth/ISIC_0010333_segmentation.png
877,train,ISIC_0000412,ISIC-2017_Training_Data/ISIC_0000412.jpg,ISIC-2017_Training_Part1_GroundTruth/ISIC_0000412_segmentation.png
878,train,ISIC_0010219,ISIC-2017_Training_Data/ISIC_0010219.jpg,ISIC-2017_Training_Part1_GroundTruth/ISIC_0010219_segmentation.png
879,train,ISIC_0011099,ISIC-2017_Training_Data/ISIC_0011099.jpg,ISIC-2017_Training_Part1_GroundTruth/ISIC_0011099_segmentation.png
880,train,ISIC_0012957,ISIC-2017_Training_Data/ISIC_0012957.jpg,ISIC-2017_Training_Part1_GroundTruth/ISIC_0012957_segmentation.png
881,train,ISIC_0000303,ISIC-2017_Training_Data/ISIC_0000303.jpg,ISIC-2017_Training_Part1_GroundTruth/ISIC_0000303_segmentation.png
882,train,ISIC_0000186,ISIC-2017_Training_Data/ISIC_0000186.jpg,ISIC-2017_Training_Part1_GroundTruth/ISIC_0000186_segmentation.png
883,train,ISIC_0010367,ISIC-2017_Training_Data/ISIC_0010367.jpg,ISIC-2017_Training_Part1_GroundTruth/ISIC_0010367_segmentation.png
884,train,ISIC_0010552,ISIC-2017_Training_Data/ISIC_0010552.jpg,ISIC-2017_Training_Part1_GroundTruth/ISIC_0010552_segmentation.png
885,train,ISIC_0000120,ISIC-2017_Training_Data/ISIC_0000120.jpg,ISIC-2017_Training_Part1_GroundTruth/ISIC_0000120_segmentation.png
886,train,ISIC_0010184,ISIC-2017_Training_Data/ISIC_0010184.jpg,ISIC-2017_Training_Part1_GroundTruth/ISIC_0010184_segmentation.png
887,train,ISIC_0000476,ISIC-2017_Training_Data/ISIC_0000476.jpg,ISIC-2017_Training_Part1_GroundTruth/ISIC_0000476_segmentation.png
888,train,ISIC_0014469,ISIC-2017_Training_Data/ISIC_0014469.jpg,ISIC-2017_Training_Part1_GroundTruth/ISIC_0014469_segmentation.png
889,train,ISIC_0012930,ISIC-2017_Training_Data/ISIC_0012930.jpg,ISIC-2017_Training_Part1_GroundTruth/ISIC_0012930_segmentation.png
890,train,ISIC_0012840,ISIC-2017_Training_Data/ISIC_0012840.jpg,ISIC-2017_Training_Part1_GroundTruth/ISIC_0012840_segmentation.png
891,train,ISIC_0000064,ISIC-2017_Training_Data/ISIC_0000064.jpg,ISIC-2017_Training_Part1_GroundTruth/ISIC_0000064_segmentation.png
892,train,ISIC_0012800,ISIC-2017_Training_Data/ISIC_0012800.jpg,ISIC-2017_Training_Part1_GroundTruth/ISIC_0012800_segmentation.png
893,train,ISIC_0013025,ISIC-2017_Training_Data/ISIC_0013025.jpg,ISIC-2017_Training_Part1_GroundTruth/ISIC_0013025_segmentation.png
894,train,ISIC_0011119,ISIC-2017_Training_Data/ISIC_0011119.jpg,ISIC-2017_Training_Part1_GroundTruth/ISIC_0011119_segmentation.png
895,train,ISIC_0012701,ISIC-2017_Training_Data/ISIC_0012701.jpg,ISIC-2017_Training_Part1_GroundTruth/ISIC_0012701_segmentation.png
896,train,ISIC_0014341,ISIC-2017_Training_Data/ISIC_0014341.jpg,ISIC-2017_Training_Part1_GroundTruth/ISIC_0014341_segmentation.png
897,train,ISIC_0009902,ISIC-2017_Training_Data/ISIC_0009902.jpg,ISIC-2017_Training_Part1_GroundTruth/ISIC_0009902_segmentation.png
898,train,ISIC_0014222,ISIC-2017_Training_Data/ISIC_0014222.jpg,ISIC-2017_Training_Part1_GroundTruth/ISIC_0014222_segmentation.png
899,train,ISIC_0000541,ISIC-2017_Training_Data/ISIC_0000541.jpg,ISIC-2017_Training_Part1_GroundTruth/ISIC_0000541_segmentation.png
900,train,ISIC_0014585,ISIC-2017_Training_Data/ISIC_0014585.jpg,ISIC-2017_Training_Part1_GroundTruth/ISIC_0014585_segmentation.png
901,train,ISIC_0012278,ISIC-2017_Training_Data/ISIC_0012278.jpg,ISIC-2017_Training_Part1_GroundTruth/ISIC_0012278_segmentation.png
902,train,ISIC_0014578,ISIC-2017_Training_Data/ISIC_0014578.jpg,ISIC-2017_Training_Part1_GroundTruth/ISIC_0014578_segmentation.png
903,train,ISIC_0009883,ISIC-2017_Training_Data/ISIC_0009883.jpg,ISIC-2017_Training_Part1_GroundTruth/ISIC_0009883_segmentation.png
904,train,ISIC_0010248,ISIC-2017_Training_Data/ISIC_0010248.jpg,ISIC-2017_Training_Part1_GroundTruth/ISIC_0010248_segmentation.png
905,train,ISIC_0015220,ISIC-2017_Training_Data/ISIC_0015220.jpg,ISIC-2017_Training_Part1_GroundTruth/ISIC_0015220_segmentation.png
906,train,ISIC_0012211,ISIC-2017_Training_Data/ISIC_0012211.jpg,ISIC-2017_Training_Part1_GroundTruth/ISIC_0012211_segmentation.png
907,train,ISIC_0001148,ISIC-2017_Training_Data/ISIC_0001148.jpg,ISIC-2017_Training_Part1_GroundTruth/ISIC_0001148_segmentation.png
908,train,ISIC_0000150,ISIC-2017_Training_Data/ISIC_0000150.jpg,ISIC-2017_Training_Part1_GroundTruth/ISIC_0000150_segmentation.png
909,train,ISIC_0013417,ISIC-2017_Training_Data/ISIC_0013417.jpg,ISIC-2017_Training_Part1_GroundTruth/ISIC_0013417_segmentation.png
910,train,ISIC_0008236,ISIC-2017_Training_Data/ISIC_0008236.jpg,ISIC-2017_Training_Part1_GroundTruth/ISIC_0008236_segmentation.png
911,train,ISIC_0013456,ISIC-2017_Training_Data/ISIC_0013456.jpg,ISIC-2017_Training_Part1_GroundTruth/ISIC_0013456_segmentation.png
912,train,ISIC_0013243,ISIC-2017_Training_Data/ISIC_0013243.jpg,ISIC-2017_Training_Part1_GroundTruth/ISIC_0013243_segmentation.png
913,train,ISIC_0012268,ISIC-2017_Training_Data/ISIC_0012268.jpg,ISIC-2017_Training_Part1_GroundTruth/ISIC_0012268_segmentation.png
914,train,ISIC_0012888,ISIC-2017_Training_Data/ISIC_0012888.jpg,ISIC-2017_Training_Part1_GroundTruth/ISIC_0012888_segmentation.png
915,train,ISIC_0014127,ISIC-2017_Training_Data/ISIC_0014127.jpg,ISIC-2017_Training_Part1_GroundTruth/ISIC_0014127_segmentation.png
916,train,ISIC_0000379,ISIC-2017_Training_Data/ISIC_0000379.jpg,ISIC-2017_Training_Part1_GroundTruth/ISIC_0000379_segmentation.png
917,train,ISIC_0012246,ISIC-2017_Training_Data/ISIC_0012246.jpg,ISIC-2017_Training_Part1_GroundTruth/ISIC_0012246_segmentation.png
918,train,ISIC_0014324,ISIC-2017_Training_Data/ISIC_0014324.jpg,ISIC-2017_Training_Part1_GroundTruth/ISIC_0014324_segmentation.png
919,train,ISIC_0000313,ISIC-2017_Training_Data/ISIC_0000313.jpg,ISIC-2017_Training_Part1_GroundTruth/ISIC_0000313_segmentation.png
920,train,ISIC_0010000,ISIC-2017_Training_Data/ISIC_0010000.jpg,ISIC-2017_Training_Part1_GroundTruth/ISIC_0010000_segmentation.png
921,train,ISIC_0012413,ISIC-2017_Training_Data/ISIC_0012413.jpg,ISIC-2017_Training_Part1_GroundTruth/ISIC_0012413_segmentation.png
922,train,ISIC_0014253,ISIC-2017_Training_Data/ISIC_0014253.jpg,ISIC-2017_Training_Part1_GroundTruth/ISIC_0014253_segmentation.png
923,train,ISIC_0013618,ISIC-2017_Training_Data/ISIC_0013618.jpg,ISIC-2017_Training_Part1_GroundTruth/ISIC_0013618_segmentation.png
924,train,ISIC_0009504,ISIC-2017_Training_Data/ISIC_0009504.jpg,ISIC-2017_Training_Part1_GroundTruth/ISIC_0009504_segmentation.png
925,train,ISIC_0015200,ISIC-2017_Training_Data/ISIC_0015200.jpg,ISIC-2017_Training_Part1_GroundTruth/ISIC_0015200_segmentation.png
926,train,ISIC_0012740,ISIC-2017_Training_Data/ISIC_0012740.jpg,ISIC-2017_Training_Part1_GroundTruth/ISIC_0012740_segmentation.png
927,train,ISIC_0000342,ISIC-2017_Training_Data/ISIC_0000342.jpg,ISIC-2017_Training_Part1_GroundTruth/ISIC_0000342_segmentation.png
928,train,ISIC_0000448,ISIC-2017_Training_Data/ISIC_0000448.jpg,ISIC-2017_Training_Part1_GroundTruth/ISIC_0000448_segmentation.png
929,train,ISIC_0014739,ISIC-2017_Training_Data/ISIC_0014739.jpg,ISIC-2017_Training_Part1_GroundTruth/ISIC_0014739_segmentation.png
930,train,ISIC_0010034,ISIC-2017_Training_Data/ISIC_0010034.jpg,ISIC-2017_Training_Part1_GroundTruth/ISIC_0010034_segmentation.png
931,train,ISIC_0013075,ISIC-2017_Training_Data/ISIC_0013075.jpg,ISIC-2017_Training_Part1_GroundTruth/ISIC_0013075_segmentation.png
932,train,ISIC_0012213,ISIC-2017_Training_Data/ISIC_0012213.jpg,ISIC-2017_Training_Part1_GroundTruth/ISIC_0012213_segmentation.png
933,train,ISIC_0011361,ISIC-2017_Training_Data/ISIC_0011361.jpg,ISIC-2017_Training_Part1_GroundTruth/ISIC_0011361_segmentation.png
934,train,ISIC_0014395,ISIC-2017_Training_Data/ISIC_0014395.jpg,ISIC-2017_Training_Part1_GroundTruth/ISIC_0014395_segmentation.png
935,train,ISIC_0012523,ISIC-2017_Training_Data/ISIC_0012523.jpg,ISIC-2017_Training_Part1_GroundTruth/ISIC_0012523_segmentation.png
936,train,ISIC_0014044,ISIC-2017_Training_Data/ISIC_0014044.jpg,ISIC-2017_Training_Part1_GroundTruth/ISIC_0014044_segmentation.png
937,train,ISIC_0012706,ISIC-2017_Training_Data/ISIC_0012706.jpg,ISIC-2017_Training_Part1_GroundTruth/ISIC_0012706_segmentation.png
938,train,ISIC_0013782,ISIC-2017_Training_Data/ISIC_0013782.jpg,ISIC-2017_Training_Part1_GroundTruth/ISIC_0013782_segmentation.png
939,train,ISIC_0013969,ISIC-2017_Training_Data/ISIC_0013969.jpg,ISIC-2017_Training_Part1_GroundTruth/ISIC_0013969_segmentation.png
940,train,ISIC_0010042,ISIC-2017_Training_Data/ISIC_0010042.jpg,ISIC-2017_Training_Part1_GroundTruth/ISIC_0010042_segmentation.png
941,train,ISIC_0013326,ISIC-2017_Training_Data/ISIC_0013326.jpg,ISIC-2017_Training_Part1_GroundTruth/ISIC_0013326_segmentation.png
942,train,ISIC_0012397,ISIC-2017_Training_Data/ISIC_0012397.jpg,ISIC-2017_Training_Part1_GroundTruth/ISIC_0012397_segmentation.png
943,train,ISIC_0013572,ISIC-2017_Training_Data/ISIC_0013572.jpg,ISIC-2017_Training_Part1_GroundTruth/ISIC_0013572_segmentation.png
944,train,ISIC_0000089,ISIC-2017_Training_Data/ISIC_0000089.jpg,ISIC-2017_Training_Part1_GroundTruth/ISIC_0000089_segmentation.png
945,train,ISIC_0013189,ISIC-2017_Training_Data/ISIC_0013189.jpg,ISIC-2017_Training_Part1_GroundTruth/ISIC_0013189_segmentation.png
946,train,ISIC_0014926,ISIC-2017_Training_Data/ISIC_0014926.jpg,ISIC-2017_Training_Part1_GroundTruth/ISIC_0014926_segmentation.png
947,train,ISIC_0000061,ISIC-2017_Training_Data/ISIC_0000061.jpg,ISIC-2017_Training_Part1_GroundTruth/ISIC_0000061_segmentation.png
948,train,ISIC_0000495,ISIC-2017_Training_Data/ISIC_0000495.jpg,ISIC-2017_Training_Part1_GroundTruth/ISIC_0000495_segmentation.png
949,train,ISIC_0002780,ISIC-2017_Training_Data/ISIC_0002780.jpg,ISIC-2017_Training_Part1_GroundTruth/ISIC_0002780_segmentation.png
950,train,ISIC_0010247,ISIC-2017_Training_Data/ISIC_0010247.jpg,ISIC-2017_Training_Part1_GroundTruth/ISIC_0010247_segmentation.png
951,train,ISIC_0010856,ISIC-2017_Training_Data/ISIC_0010856.jpg,ISIC-2017_Training_Part1_GroundTruth/ISIC_0010856_segmentation.png
952,train,ISIC_0010216,ISIC-2017_Training_Data/ISIC_0010216.jpg,ISIC-2017_Training_Part1_GroundTruth/ISIC_0010216_segmentation.png
953,train,ISIC_0012969,ISIC-2017_Training_Data/ISIC_0012969.jpg,ISIC-2017_Training_Part1_GroundTruth/ISIC_0012969_segmentation.png
954,train,ISIC_0000237,ISIC-2017_Training_Data/ISIC_0000237.jpg,ISIC-2017_Training_Part1_GroundTruth/ISIC_0000237_segmentation.png
955,train,ISIC_0010092,ISIC-2017_Training_Data/ISIC_0010092.jpg,ISIC-2017_Training_Part1_GroundTruth/ISIC_0010092_segmentation.png
956,train,ISIC_0014501,ISIC-2017_Training_Data/ISIC_0014501.jpg,ISIC-2017_Training_Part1_GroundTruth/ISIC_0014501_segmentation.png
957,train,ISIC_0000240,ISIC-2017_Training_Data/ISIC_0000240.jpg,ISIC-2017_Training_Part1_GroundTruth/ISIC_0000240_segmentation.png
958,train,ISIC_0013580,ISIC-2017_Training_Data/ISIC_0013580.jpg,ISIC-2017_Training_Part1_GroundTruth/ISIC_0013580_segmentation.png
959,train,ISIC_0000461,ISIC-2017_Training_Data/ISIC_0000461.jpg,ISIC-2017_Training_Part1_GroundTruth/ISIC_0000461_segmentation.png
960,train,ISIC_0000369,ISIC-2017_Training_Data/ISIC_0000369.jpg,ISIC-2017_Training_Part1_GroundTruth/ISIC_0000369_segmentation.png
961,train,ISIC_0012677,ISIC-2017_Training_Data/ISIC_0012677.jpg,ISIC-2017_Training_Part1_GroundTruth/ISIC_0012677_segmentation.png
962,train,ISIC_0015158,ISIC-2017_Training_Data/ISIC_0015158.jpg,ISIC-2017_Training_Part1_GroundTruth/ISIC_0015158_segmentation.png
963,train,ISIC_0013682,ISIC-2017_Training_Data/ISIC_0013682.jpg,ISIC-2017_Training_Part1_GroundTruth/ISIC_0013682_segmentation.png
964,train,ISIC_0013690,ISIC-2017_Training_Data/ISIC_0013690.jpg,ISIC-2017_Training_Part1_GroundTruth/ISIC_0013690_segmentation.png
965,train,ISIC_0000290,ISIC-2017_Training_Data/ISIC_0000290.jpg,ISIC-2017_Training_Part1_GroundTruth/ISIC_0000290_segmentation.png
966,train,ISIC_0000225,ISIC-2017_Training_Data/ISIC_0000225.jpg,ISIC-2017_Training_Part1_GroundTruth/ISIC_0000225_segmentation.png
967,train,ISIC_0010225,ISIC-2017_Training_Data/ISIC_0010225.jpg,ISIC-2017_Training_Part1_GroundTruth/ISIC_0010225_segmentation.png
968,train,ISIC_0011387,ISIC-2017_Training_Data/ISIC_0011387.jpg,ISIC-2017_Training_Part1_GroundTruth/ISIC_0011387_segmentation.png
969,train,ISIC_0010177,ISIC-2017_Training_Data/ISIC_0010177.jpg,ISIC-2017_Training_Part1_GroundTruth/ISIC_0010177_segmentation.png
970,train,ISIC_0000522,ISIC-2017_Training_Data/ISIC_0000522.jpg,ISIC-2017_Training_Part1_GroundTruth/ISIC_0000522_segmentation.png
971,train,ISIC_0010357,ISIC-2017_Training_Data/ISIC_0010357.jpg,ISIC-2017_Training_Part1_GroundTruth/ISIC_0010357_segmentation.png
972,train,ISIC_0004985,ISIC-2017_Training_Data/ISIC_0004985.jpg,ISIC-2017_Training_Part1_GroundTruth/ISIC_0004985_segmentation.png
973,train,ISIC_0012325,ISIC-2017_Training_Data/ISIC_0012325.jpg,ISIC-2017_Training_Part1_GroundTruth/ISIC_0012325_segmentation.png
974,train,ISIC_0000001,ISIC-2017_Training_Data/ISIC_0000001.jpg,ISIC-2017_Training_Part1_GroundTruth/ISIC_0000001_segmentation.png
975,train,ISIC_0013805,ISIC-2017_Training_Data/ISIC_0013805.jpg,ISIC-2017_Training_Part1_GroundTruth/ISIC_0013805_segmentation.png
976,train,ISIC_0009953,ISIC-2017_Training_Data/ISIC_0009953.jpg,ISIC-2017_Training_Part1_GroundTruth/ISIC_0009953_segmentation.png
977,train,ISIC_0002439,ISIC-2017_Training_Data/ISIC_0002439.jpg,ISIC-2017_Training_Part1_GroundTruth/ISIC_0002439_segmentation.png
978,train,ISIC_0010024,ISIC-2017_Training_Data/ISIC_0010024.jpg,ISIC-2017_Training_Part1_GroundTruth/ISIC_0010024_segmentation.png
979,train,ISIC_0014547,ISIC-2017_Training_Data/ISIC_0014547.jpg,ISIC-2017_Training_Part1_GroundTruth/ISIC_0014547_segmentation.png
980,train,ISIC_0014149,ISIC-2017_Training_Data/ISIC_0014149.jpg,ISIC-2017_Training_Part1_GroundTruth/ISIC_0014149_segmentation.png
981,train,ISIC_0014818,ISIC-2017_Training_Data/ISIC_0014818.jpg,ISIC-2017_Training_Part1_GroundTruth/ISIC_0014818_segmentation.png
982,train,ISIC_0011214,ISIC-2017_Training_Data/ISIC_0011214.jpg,ISIC-2017_Training_Part1_GroundTruth/ISIC_0011214_segmentation.png
983,train,ISIC_0010057,ISIC-2017_Training_Data/ISIC_0010057.jpg,ISIC-2017_Training_Part1_GroundTruth/ISIC_0010057_segmentation.png
984,train,ISIC_0012891,ISIC-2017_Training_Data/ISIC_0012891.jpg,ISIC-2017_Training_Part1_GroundTruth/ISIC_0012891_segmentation.png
985,train,ISIC_0009974,ISIC-2017_Training_Data/ISIC_0009974.jpg,ISIC-2017_Training_Part1_GroundTruth/ISIC_0009974_segmentation.png
986,train,ISIC_0014642,ISIC-2017_Training_Data/ISIC_0014642.jpg,ISIC-2017_Training_Part1_GroundTruth/ISIC_0014642_segmentation.png
987,train,ISIC_0013048,ISIC-2017_Training_Data/ISIC_0013048.jpg,ISIC-2017_Training_Part1_GroundTruth/ISIC_0013048_segmentation.png
988,train,ISIC_0010020,ISIC-2017_Training_Data/ISIC_0010020.jpg,ISIC-2017_Training_Part1_GroundTruth/ISIC_0010020_segmentation.png
989,train,ISIC_0009877,ISIC-2017_Training_Data/ISIC_0009877.jpg,ISIC-2017_Training_Part1_GroundTruth/ISIC_0009877_segmentation.png
990,train,ISIC_0000374,ISIC-2017_Training_Data/ISIC_0000374.jpg,ISIC-2017_Training_Part1_GroundTruth/ISIC_0000374_segmentation.png
991,train,ISIC_0013033,ISIC-2017_Training_Data/ISIC_0013033.jpg,ISIC-2017_Training_Part1_GroundTruth/ISIC_0013033_segmentation.png
992,train,ISIC_0000101,ISIC-2017_Training_Data/ISIC_0000101.jpg,ISIC-2017_Training_Part1_GroundTruth/ISIC_0000101_segmentation.png
993,train,ISIC_0009583,ISIC-2017_Training_Data/ISIC_0009583.jpg,ISIC-2017_Training_Part1_GroundTruth/ISIC_0009583_segmentation.png
994,train,ISIC_0008145,ISIC-2017_Training_Data/ISIC_0008145.jpg,ISIC-2017_Training_Part1_GroundTruth/ISIC_0008145_segmentation.png
995,train,ISIC_0010863,ISIC-2017_Training_Data/ISIC_0010863.jpg,ISIC-2017_Training_Part1_GroundTruth/ISIC_0010863_segmentation.png
996,train,ISIC_0011143,ISIC-2017_Training_Data/ISIC_0011143.jpg,ISIC-2017_Training_Part1_GroundTruth/ISIC_0011143_segmentation.png
997,train,ISIC_0013163,ISIC-2017_Training_Data/ISIC_0013163.jpg,ISIC-2017_Training_Part1_GroundTruth/ISIC_0013163_segmentation.png
998,train,ISIC_0000397,ISIC-2017_Training_Data/ISIC_0000397.jpg,ISIC-2017_Training_Part1_GroundTruth/ISIC_0000397_segmentation.png
999,train,ISIC_0014636,ISIC-2017_Training_Data/ISIC_0014636.jpg,ISIC-2017_Training_Part1_GroundTruth/ISIC_0014636_segmentation.png
1000,train,ISIC_0013294,ISIC-2017_Training_Data/ISIC_0013294.jpg,ISIC-2017_Training_Part1_GroundTruth/ISIC_0013294_segmentation.png
1001,train,ISIC_0010077,ISIC-2017_Training_Data/ISIC_0010077.jpg,ISIC-2017_Training_Part1_GroundTruth/ISIC_0010077_segmentation.png
1002,train,ISIC_0011292,ISIC-2017_Training_Data/ISIC_0011292.jpg,ISIC-2017_Training_Part1_GroundTruth/ISIC_0011292_segmentation.png
1003,train,ISIC_0002353,ISIC-2017_Training_Data/ISIC_0002353.jpg,ISIC-2017_Training_Part1_GroundTruth/ISIC_0002353_segmentation.png
1004,train,ISIC_0014622,ISIC-2017_Training_Data/ISIC_0014622.jpg,ISIC-2017_Training_Part1_GroundTruth/ISIC_0014622_segmentation.png
1005,train,ISIC_0009937,ISIC-2017_Training_Data/ISIC_0009937.jpg,ISIC-2017_Training_Part1_GroundTruth/ISIC_0009937_segmentation.png
1006,train,ISIC_0000463,ISIC-2017_Training_Data/ISIC_0000463.jpg,ISIC-2017_Training_Part1_GroundTruth/ISIC_0000463_segmentation.png
1007,train,ISIC_0013079,ISIC-2017_Training_Data/ISIC_0013079.jpg,ISIC-2017_Training_Part1_GroundTruth/ISIC_0013079_segmentation.png
1008,train,ISIC_0013310,ISIC-2017_Training_Data/ISIC_0013310.jpg,ISIC-2017_Training_Part1_GroundTruth/ISIC_0013310_segmentation.png
1009,train,ISIC_0000321,ISIC-2017_Training_Data/ISIC_0000321.jpg,ISIC-2017_Training_Part1_GroundTruth/ISIC_0000321_segmentation.png
1010,train,ISIC_0011322,ISIC-2017_Training_Data/ISIC_0011322.jpg,ISIC-2017_Training_Part1_GroundTruth/ISIC_0011322_segmentation.png
1011,train,ISIC_0014327,ISIC-2017_Training_Data/ISIC_0014327.jpg,ISIC-2017_Training_Part1_GroundTruth/ISIC_0014327_segmentation.png
1012,train,ISIC_0012250,ISIC-2017_Training_Data/ISIC_0012250.jpg,ISIC-2017_Training_Part1_GroundTruth/ISIC_0012250_segmentation.png
1013,train,ISIC_0000348,ISIC-2017_Training_Data/ISIC_0000348.jpg,ISIC-2017_Training_Part1_GroundTruth/ISIC_0000348_segmentation.png
1014,train,ISIC_0000069,ISIC-2017_Training_Data/ISIC_0000069.jpg,ISIC-2017_Training_Part1_GroundTruth/ISIC_0000069_segmentation.png
1015,train,ISIC_0014735,ISIC-2017_Training_Data/ISIC_0014735.jpg,ISIC-2017_Training_Part1_GroundTruth/ISIC_0014735_segmentation.png
1016,train,ISIC_0013737,ISIC-2017_Training_Data/ISIC_0013737.jpg,ISIC-2017_Training_Part1_GroundTruth/ISIC_0013737_segmentation.png
1017,train,ISIC_0014440,ISIC-2017_Training_Data/ISIC_0014440.jpg,ISIC-2017_Training_Part1_GroundTruth/ISIC_0014440_segmentation.png
1018,train,ISIC_0012986,ISIC-2017_Training_Data/ISIC_0012986.jpg,ISIC-2017_Training_Part1_GroundTruth/ISIC_0012986_segmentation.png
1019,train,ISIC_0000393,ISIC-2017_Training_Data/ISIC_0000393.jpg,ISIC-2017_Training_Part1_GroundTruth/ISIC_0000393_segmentation.png
1020,train,ISIC_0013258,ISIC-2017_Training_Data/ISIC_0013258.jpg,ISIC-2017_Training_Part1_GroundTruth/ISIC_0013258_segmentation.png
1021,train,ISIC_0012318,ISIC-2017_Training_Data/ISIC_0012318.jpg,ISIC-2017_Training_Part1_GroundTruth/ISIC_0012318_segmentation.png
1022,train,ISIC_0012944,ISIC-2017_Training_Data/ISIC_0012944.jpg,ISIC-2017_Training_Part1_GroundTruth/ISIC_0012944_segmentation.png
1023,train,ISIC_0000031,ISIC-2017_Training_Data/ISIC_0000031.jpg,ISIC-2017_Training_Part1_GroundTruth/ISIC_0000031_segmentation.png
1024,train,ISIC_0010461,ISIC-2017_Training_Data/ISIC_0010461.jpg,ISIC-2017_Training_Part1_GroundTruth/ISIC_0010461_segmentation.png
1025,train,ISIC_0014638,ISIC-2017_Training_Data/ISIC_0014638.jpg,ISIC-2017_Training_Part1_GroundTruth/ISIC_0014638_segmentation.png
1026,train,ISIC_0011333,ISIC-2017_Training_Data/ISIC_0011333.jpg,ISIC-2017_Training_Part1_GroundTruth/ISIC_0011333_segmentation.png
1027,train,ISIC_0000469,ISIC-2017_Training_Data/ISIC_0000469.jpg,ISIC-2017_Training_Part1_GroundTruth/ISIC_0000469_segmentation.png
1028,train,ISIC_0014793,ISIC-2017_Training_Data/ISIC_0014793.jpg,ISIC-2017_Training_Part1_GroundTruth/ISIC_0014793_segmentation.png
1029,train,ISIC_0014151,ISIC-2017_Training_Data/ISIC_0014151.jpg,ISIC-2017_Training_Part1_GroundTruth/ISIC_0014151_segmentation.png
1030,train,ISIC_0000102,ISIC-2017_Training_Data/ISIC_0000102.jpg,ISIC-2017_Training_Part1_GroundTruth/ISIC_0000102_segmentation.png
1031,train,ISIC_0013816,ISIC-2017_Training_Data/ISIC_0013816.jpg,ISIC-2017_Training_Part1_GroundTruth/ISIC_0013816_segmentation.png
1032,train,ISIC_0010044,ISIC-2017_Training_Data/ISIC_0010044.jpg,ISIC-2017_Training_Part1_GroundTruth/ISIC_0010044_segmentation.png
1033,train,ISIC_0014422,ISIC-2017_Training_Data/ISIC_0014422.jpg,ISIC-2017_Training_Part1_GroundTruth/ISIC_0014422_segmentation.png
1034,train,ISIC_0012961,ISIC-2017_Training_Data/ISIC_0012961.jpg,ISIC-2017_Training_Part1_GroundTruth/ISIC_0012961_segmentation.png
1035,train,ISIC_0013579,ISIC-2017_Training_Data/ISIC_0013579.jpg,ISIC-2017_Training_Part1_GroundTruth/ISIC_0013579_segmentation.png
1036,train,ISIC_0010088,ISIC-2017_Training_Data/ISIC_0010088.jpg,ISIC-2017_Training_Part1_GroundTruth/ISIC_0010088_segmentation.png
1037,train,ISIC_0012459,ISIC-2017_Training_Data/ISIC_0012459.jpg,ISIC-2017_Training_Part1_GroundTruth/ISIC_0012459_segmentation.png
1038,train,ISIC_0014080,ISIC-2017_Training_Data/ISIC_0014080.jpg,ISIC-2017_Training_Part1_GroundTruth/ISIC_0014080_segmentation.png
1039,train,ISIC_0014621,ISIC-2017_Training_Data/ISIC_0014621.jpg,ISIC-2017_Training_Part1_GroundTruth/ISIC_0014621_segmentation.png
1040,train,ISIC_0000179,ISIC-2017_Training_Data/ISIC_0000179.jpg,ISIC-2017_Training_Part1_GroundTruth/ISIC_0000179_segmentation.png
1041,train,ISIC_0000075,ISIC-2017_Training_Data/ISIC_0000075.jpg,ISIC-2017_Training_Part1_GroundTruth/ISIC_0000075_segmentation.png
1042,train,ISIC_0012735,ISIC-2017_Training_Data/ISIC_0012735.jpg,ISIC-2017_Training_Part1_GroundTruth/ISIC_0012735_segmentation.png
1043,train,ISIC_0000088,ISIC-2017_Training_Data/ISIC_0000088.jpg,ISIC-2017_Training_Part1_GroundTruth/ISIC_0000088_segmentation.png
1044,train,ISIC_0010844,ISIC-2017_Training_Data/ISIC_0010844.jpg,ISIC-2017_Training_Part1_GroundTruth/ISIC_0010844_segmentation.png
1045,train,ISIC_0011224,ISIC-2017_Training_Data/ISIC_0011224.jpg,ISIC-2017_Training_Part1_GroundTruth/ISIC_0011224_segmentation.png
1046,train,ISIC_0010240,ISIC-2017_Training_Data/ISIC_0010240.jpg,ISIC-2017_Training_Part1_GroundTruth/ISIC_0010240_segmentation.png
1047,train,ISIC_0010337,ISIC-2017_Training_Data/ISIC_0010337.jpg,ISIC-2017_Training_Part1_GroundTruth/ISIC_0010337_segmentation.png
1048,train,ISIC_0012494,ISIC-2017_Training_Data/ISIC_0012494.jpg,ISIC-2017_Training_Part1_GroundTruth/ISIC_0012494_segmentation.png
1049,train,ISIC_0014802,ISIC-2017_Training_Data/ISIC_0014802.jpg,ISIC-2017_Training_Part1_GroundTruth/ISIC_0014802_segmentation.png
1050,train,ISIC_0014156,ISIC-2017_Training_Data/ISIC_0014156.jpg,ISIC-2017_Training_Part1_GroundTruth/ISIC_0014156_segmentation.png
1051,train,ISIC_0010476,ISIC-2017_Training_Data/ISIC_0010476.jpg,ISIC-2017_Training_Part1_GroundTruth/ISIC_0010476_segmentation.png
1052,train,ISIC_0011324,ISIC-2017_Training_Data/ISIC_0011324.jpg,ISIC-2017_Training_Part1_GroundTruth/ISIC_0011324_segmentation.png
1053,train,ISIC_0013921,ISIC-2017_Training_Data/ISIC_0013921.jpg,ISIC-2017_Training_Part1_GroundTruth/ISIC_0013921_segmentation.png
1054,train,ISIC_0000261,ISIC-2017_Training_Data/ISIC_0000261.jpg,ISIC-2017_Training_Part1_GroundTruth/ISIC_0000261_segmentation.png
1055,train,ISIC_0013140,ISIC-2017_Training_Data/ISIC_0013140.jpg,ISIC-2017_Training_Part1_GroundTruth/ISIC_0013140_segmentation.png
1056,train,ISIC_0010573,ISIC-2017_Training_Data/ISIC_0010573.jpg,ISIC-2017_Training_Part1_GroundTruth/ISIC_0010573_segmentation.png
1057,train,ISIC_0012442,ISIC-2017_Training_Data/ISIC_0012442.jpg,ISIC-2017_Training_Part1_GroundTruth/ISIC_0012442_segmentation.png
1058,train,ISIC_0000047,ISIC-2017_Training_Data/ISIC_0000047.jpg,ISIC-2017_Training_Part1_GroundTruth/ISIC_0000047_segmentation.png
1059,train,ISIC_0010320,ISIC-2017_Training_Data/ISIC_0010320.jpg,ISIC-2017_Training_Part1_GroundTruth/ISIC_0010320_segmentation.png
1060,train,ISIC_0014164,ISIC-2017_Training_Data/ISIC_0014164.jpg,ISIC-2017_Training_Part1_GroundTruth/ISIC_0014164_segmentation.png
1061,train,ISIC_0012175,ISIC-2017_Training_Data/ISIC_0012175.jpg,ISIC-2017_Training_Part1_GroundTruth/ISIC_0012175_segmentation.png
1062,train,ISIC_0013047,ISIC-2017_Training_Data/ISIC_0013047.jpg,ISIC-2017_Training_Part1_GroundTruth/ISIC_0013047_segmentation.png
1063,train,ISIC_0010231,ISIC-2017_Training_Data/ISIC_0010231.jpg,ISIC-2017_Training_Part1_GroundTruth/ISIC_0010231_segmentation.png
1064,train,ISIC_0012167,ISIC-2017_Training_Data/ISIC_0012167.jpg,ISIC-2017_Training_Part1_GroundTruth/ISIC_0012167_segmentation.png
1065,train,ISIC_0014609,ISIC-2017_Training_Data/ISIC_0014609.jpg,ISIC-2017_Training_Part1_GroundTruth/ISIC_0014609_segmentation.png
1066,train,ISIC_0013172,ISIC-2017_Training_Data/ISIC_0013172.jpg,ISIC-2017_Training_Part1_GroundTruth/ISIC_0013172_segmentation.png
1067,train,ISIC_0000407,ISIC-2017_Training_Data/ISIC_0000407.jpg,ISIC-2017_Training_Part1_GroundTruth/ISIC_0000407_segmentation.png
1068,train,ISIC_0000035,ISIC-2017_Training_Data/ISIC_0000035.jpg,ISIC-2017_Training_Part1_GroundTruth/ISIC_0000035_segmentation.png
1069,train,ISIC_0013124,ISIC-2017_Training_Data/ISIC_0013124.jpg,ISIC-2017_Training_Part1_GroundTruth/ISIC_0013124_segmentation.png
1070,train,ISIC_0000126,ISIC-2017_Training_Data/ISIC_0000126.jpg,ISIC-2017_Training_Part1_GroundTruth/ISIC_0000126_segmentation.png
1071,train,ISIC_0010267,ISIC-2017_Training_Data/ISIC_0010267.jpg,ISIC-2017_Training_Part1_GroundTruth/ISIC_0010267_segmentation.png
1072,train,ISIC_0011344,ISIC-2017_Training_Data/ISIC_0011344.jpg,ISIC-2017_Training_Part1_GroundTruth/ISIC_0011344_segmentation.png
1073,train,ISIC_0014598,ISIC-2017_Training_Data/ISIC_0014598.jpg,ISIC-2017_Training_Part1_GroundTruth/ISIC_0014598_segmentation.png
1074,train,ISIC_0013166,ISIC-2017_Training_Data/ISIC_0013166.jpg,ISIC-2017_Training_Part1_GroundTruth/ISIC_0013166_segmentation.png
1075,train,ISIC_0014031,ISIC-2017_Training_Data/ISIC_0014031.jpg,ISIC-2017_Training_Part1_GroundTruth/ISIC_0014031_segmentation.png
1076,train,ISIC_0000458,ISIC-2017_Training_Data/ISIC_0000458.jpg,ISIC-2017_Training_Part1_GroundTruth/ISIC_0000458_segmentation.png
1077,train,ISIC_0000276,ISIC-2017_Training_Data/ISIC_0000276.jpg,ISIC-2017_Training_Part1_GroundTruth/ISIC_0000276_segmentation.png
1078,train,ISIC_0012981,ISIC-2017_Training_Data/ISIC_0012981.jpg,ISIC-2017_Training_Part1_GroundTruth/ISIC_0012981_segmentation.png
1079,train,ISIC_0013034,ISIC-2017_Training_Data/ISIC_0013034.jpg,ISIC-2017_Training_Part1_GroundTruth/ISIC_0013034_segmentation.png
1080,train,ISIC_0014453,ISIC-2017_Training_Data/ISIC_0014453.jpg,ISIC-2017_Training_Part1_GroundTruth/ISIC_0014453_segmentation.png
1081,train,ISIC_0000357,ISIC-2017_Training_Data/ISIC_0000357.jpg,ISIC-2017_Training_Part1_GroundTruth/ISIC_0000357_segmentation.png
1082,train,ISIC_0014665,ISIC-2017_Training_Data/ISIC_0014665.jpg,ISIC-2017_Training_Part1_GroundTruth/ISIC_0014665_segmentation.png
1083,train,ISIC_0014779,ISIC-2017_Training_Data/ISIC_0014779.jpg,ISIC-2017_Training_Part1_GroundTruth/ISIC_0014779_segmentation.png
1084,train,ISIC_0013936,ISIC-2017_Training_Data/ISIC_0013936.jpg,ISIC-2017_Training_Part1_GroundTruth/ISIC_0013936_segmentation.png
1085,train,ISIC_0013094,ISIC-2017_Training_Data/ISIC_0013094.jpg,ISIC-2017_Training_Part1_GroundTruth/ISIC_0013094_segmentation.png
1086,train,ISIC_0014804,ISIC-2017_Training_Data/ISIC_0014804.jpg,ISIC-2017_Training_Part1_GroundTruth/ISIC_0014804_segmentation.png
1087,train,ISIC_0005639,ISIC-2017_Training_Data/ISIC_0005639.jpg,ISIC-2017_Training_Part1_GroundTruth/ISIC_0005639_segmentation.png
1088,train,ISIC_0012415,ISIC-2017_Training_Data/ISIC_0012415.jpg,ISIC-2017_Training_Part1_GroundTruth/ISIC_0012415_segmentation.png
1089,train,ISIC_0008600,ISIC-2017_Training_Data/ISIC_0008600.jpg,ISIC-2017_Training_Part1_GroundTruth/ISIC_0008600_segmentation.png
1090,train,ISIC_0015168,ISIC-2017_Training_Data/ISIC_0015168.jpg,ISIC-2017_Training_Part1_GroundTruth/ISIC_0015168_segmentation.png
1091,train,ISIC_0014013,ISIC-2017_Training_Data/ISIC_0014013.jpg,ISIC-2017_Training_Part1_GroundTruth/ISIC_0014013_segmentation.png
1092,train,ISIC_0000209,ISIC-2017_Training_Data/ISIC_0000209.jpg,ISIC-2017_Training_Part1_GroundTruth/ISIC_0000209_segmentation.png
1093,train,ISIC_0010474,ISIC-2017_Training_Data/ISIC_0010474.jpg,ISIC-2017_Training_Part1_GroundTruth/ISIC_0010474_segmentation.png
1094,train,ISIC_0014099,ISIC-2017_Training_Data/ISIC_0014099.jpg,ISIC-2017_Training_Part1_GroundTruth/ISIC_0014099_segmentation.png
1095,train,ISIC_0006350,ISIC-2017_Training_Data/ISIC_0006350.jpg,ISIC-2017_Training_Part1_GroundTruth/ISIC_0006350_segmentation.png
1096,train,ISIC_0000445,ISIC-2017_Training_Data/ISIC_0000445.jpg,ISIC-2017_Training_Part1_GroundTruth/ISIC_0000445_segmentation.png
1097,train,ISIC_0012550,ISIC-2017_Training_Data/ISIC_0012550.jpg,ISIC-2017_Training_Part1_GroundTruth/ISIC_0012550_segmentation.png
1098,train,ISIC_0015045,ISIC-2017_Training_Data/ISIC_0015045.jpg,ISIC-2017_Training_Part1_GroundTruth/ISIC_0015045_segmentation.png
1099,train,ISIC_0000086,ISIC-2017_Training_Data/ISIC_0000086.jpg,ISIC-2017_Training_Part1_GroundTruth/ISIC_0000086_segmentation.png
1100,train,ISIC_0009915,ISIC-2017_Training_Data/ISIC_0009915.jpg,ISIC-2017_Training_Part1_GroundTruth/ISIC_0009915_segmentation.png
1101,train,ISIC_0013032,ISIC-2017_Training_Data/ISIC_0013032.jpg,ISIC-2017_Training_Part1_GroundTruth/ISIC_0013032_segmentation.png
1102,train,ISIC_0013405,ISIC-2017_Training_Data/ISIC_0013405.jpg,ISIC-2017_Training_Part1_GroundTruth/ISIC_0013405_segmentation.png
1103,train,ISIC_0010851,ISIC-2017_Training_Data/ISIC_0010851.jpg,ISIC-2017_Training_Part1_GroundTruth/ISIC_0010851_segmentation.png
1104,train,ISIC_0014630,ISIC-2017_Training_Data/ISIC_0014630.jpg,ISIC-2017_Training_Part1_GroundTruth/ISIC_0014630_segmentation.png
1105,train,ISIC_0011345,ISIC-2017_Training_Data/ISIC_0011345.jpg,ISIC-2017_Training_Part1_GroundTruth/ISIC_0011345_segmentation.png
1106,train,ISIC_0012148,ISIC-2017_Training_Data/ISIC_0012148.jpg,ISIC-2017_Training_Part1_GroundTruth/ISIC_0012148_segmentation.png
1107,train,ISIC_0011402,ISIC-2017_Training_Data/ISIC_0011402.jpg,ISIC-2017_Training_Part1_GroundTruth/ISIC_0011402_segmentation.png
1108,train,ISIC_0014150,ISIC-2017_Training_Data/ISIC_0014150.jpg,ISIC-2017_Training_Part1_GroundTruth/ISIC_0014150_segmentation.png
1109,train,ISIC_0014325,ISIC-2017_Training_Data/ISIC_0014325.jpg,ISIC-2017_Training_Part1_GroundTruth/ISIC_0014325_segmentation.png
1110,train,ISIC_0013065,ISIC-2017_Training_Data/ISIC_0013065.jpg,ISIC-2017_Training_Part1_GroundTruth/ISIC_0013065_segmentation.png
1111,train,ISIC_0013248,ISIC-2017_Training_Data/ISIC_0013248.jpg,ISIC-2017_Training_Part1_GroundTruth/ISIC_0013248_segmentation.png
1112,train,ISIC_0011386,ISIC-2017_Training_Data/ISIC_0011386.jpg,ISIC-2017_Training_Part1_GroundTruth/ISIC_0011386_segmentation.png
1113,train,ISIC_0011363,ISIC-2017_Training_Data/ISIC_0011363.jpg,ISIC-2017_Training_Part1_GroundTruth/ISIC_0011363_segmentation.png
1114,train,ISIC_0010566,ISIC-2017_Training_Data/ISIC_0010566.jpg,ISIC-2017_Training_Part1_GroundTruth/ISIC_0010566_segmentation.png
1115,train,ISIC_0013709,ISIC-2017_Training_Data/ISIC_0013709.jpg,ISIC-2017_Training_Part1_GroundTruth/ISIC_0013709_segmentation.png
1116,train,ISIC_0012135,ISIC-2017_Training_Data/ISIC_0012135.jpg,ISIC-2017_Training_Part1_GroundTruth/ISIC_0012135_segmentation.png
1117,train,ISIC_0013740,ISIC-2017_Training_Data/ISIC_0013740.jpg,ISIC-2017_Training_Part1_GroundTruth/ISIC_0013740_segmentation.png
1118,train,ISIC_0014577,ISIC-2017_Training_Data/ISIC_0014577.jpg,ISIC-2017_Training_Part1_GroundTruth/ISIC_0014577_segmentation.png
1119,train,ISIC_0012170,ISIC-2017_Training_Data/ISIC_0012170.jpg,ISIC-2017_Training_Part1_GroundTruth/ISIC_0012170_segmentation.png
1120,train,ISIC_0000283,ISIC-2017_Training_Data/ISIC_0000283.jpg,ISIC-2017_Training_Part1_GroundTruth/ISIC_0000283_segmentation.png
1121,train,ISIC_0014791,ISIC-2017_Training_Data/ISIC_0014791.jpg,ISIC-2017_Training_Part1_GroundTruth/ISIC_0014791_segmentation.png
1122,train,ISIC_0014987,ISIC-2017_Training_Data/ISIC_0014987.jpg,ISIC-2017_Training_Part1_GroundTruth/ISIC_0014987_segmentation.png
1123,train,ISIC_0010257,ISIC-2017_Training_Data/ISIC_0010257.jpg,ISIC-2017_Training_Part1_GroundTruth/ISIC_0010257_segmentation.png
1124,train,ISIC_0000039,ISIC-2017_Training_Data/ISIC_0000039.jpg,ISIC-2017_Training_Part1_GroundTruth/ISIC_0000039_segmentation.png
1125,train,ISIC_0013192,ISIC-2017_Training_Data/ISIC_0013192.jpg,ISIC-2017_Training_Part1_GroundTruth/ISIC_0013192_segmentation.png
1126,train,ISIC_0012662,ISIC-2017_Training_Data/ISIC_0012662.jpg,ISIC-2017_Training_Part1_GroundTruth/ISIC_0012662_segmentation.png
1127,train,ISIC_0014605,ISIC-2017_Training_Data/ISIC_0014605.jpg,ISIC-2017_Training_Part1_GroundTruth/ISIC_0014605_segmentation.png
1128,train,ISIC_0002829,ISIC-2017_Training_Data/ISIC_0002829.jpg,ISIC-2017_Training_Part1_GroundTruth/ISIC_0002829_segmentation.png
1129,train,ISIC_0010005,ISIC-2017_Training_Data/ISIC_0010005.jpg,ISIC-2017_Training_Part1_GroundTruth/ISIC_0010005_segmentation.png
1130,train,ISIC_0001128,ISIC-2017_Training_Data/ISIC_0001128.jpg,ISIC-2017_Training_Part1_GroundTruth/ISIC_0001128_segmentation.png
1131,train,ISIC_0010182,ISIC-2017_Training_Data/ISIC_0010182.jpg,ISIC-2017_Training_Part1_GroundTruth/ISIC_0010182_segmentation.png
1132,train,ISIC_0013275,ISIC-2017_Training_Data/ISIC_0013275.jpg,ISIC-2017_Training_Part1_GroundTruth/ISIC_0013275_segmentation.png
1133,train,ISIC_0000297,ISIC-2017_Training_Data/ISIC_0000297.jpg,ISIC-2017_Training_Part1_GroundTruth/ISIC_0000297_segmentation.png
1134,train,ISIC_0013395,ISIC-2017_Training_Data/ISIC_0013395.jpg,ISIC-2017_Training_Part1_GroundTruth/ISIC_0013395_segmentation.png
1135,train,ISIC_0001140,ISIC-2017_Training_Data/ISIC_0001140.jpg,ISIC-2017_Training_Part1_GroundTruth/ISIC_0001140_segmentation.png
1136,train,ISIC_0015219,ISIC-2017_Training_Data/ISIC_0015219.jpg,ISIC-2017_Training_Part1_GroundTruth/ISIC_0015219_segmentation.png
1137,train,ISIC_0000141,ISIC-2017_Training_Data/ISIC_0000141.jpg,ISIC-2017_Training_Part1_GroundTruth/ISIC_0000141_segmentation.png
1138,train,ISIC_0000029,ISIC-2017_Training_Data/ISIC_0000029.jpg,ISIC-2017_Training_Part1_GroundTruth/ISIC_0000029_segmentation.png
1139,train,ISIC_0012285,ISIC-2017_Training_Data/ISIC_0012285.jpg,ISIC-2017_Training_Part1_GroundTruth/ISIC_0012285_segmentation.png
1140,train,ISIC_0012710,ISIC-2017_Training_Data/ISIC_0012710.jpg,ISIC-2017_Training_Part1_GroundTruth/ISIC_0012710_segmentation.png
1141,train,ISIC_0014094,ISIC-2017_Training_Data/ISIC_0014094.jpg,ISIC-2017_Training_Part1_GroundTruth/ISIC_0014094_segmentation.png
1142,train,ISIC_0009998,ISIC-2017_Training_Data/ISIC_0009998.jpg,ISIC-2017_Training_Part1_GroundTruth/ISIC_0009998_segmentation.png
1143,train,ISIC_0002879,ISIC-2017_Training_Data/ISIC_0002879.jpg,ISIC-2017_Training_Part1_GroundTruth/ISIC_0002879_segmentation.png
1144,train,ISIC_0013356,ISIC-2017_Training_Data/ISIC_0013356.jpg,ISIC-2017_Training_Part1_GroundTruth/ISIC_0013356_segmentation.png
1145,train,ISIC_0012348,ISIC-2017_Training_Data/ISIC_0012348.jpg,ISIC-2017_Training_Part1_GroundTruth/ISIC_0012348_segmentation.png
1146,train,ISIC_0007693,ISIC-2017_Training_Data/ISIC_0007693.jpg,ISIC-2017_Training_Part1_GroundTruth/ISIC_0007693_segmentation.png
1147,train,ISIC_0000390,ISIC-2017_Training_Data/ISIC_0000390.jpg,ISIC-2017_Training_Part1_GroundTruth/ISIC_0000390_segmentation.png
1148,train,ISIC_0000145,ISIC-2017_Training_Data/ISIC_0000145.jpg,ISIC-2017_Training_Part1_GroundTruth/ISIC_0000145_segmentation.png
1149,train,ISIC_0000525,ISIC-2017_Training_Data/ISIC_0000525.jpg,ISIC-2017_Training_Part1_GroundTruth/ISIC_0000525_segmentation.png
1150,train,ISIC_0000259,ISIC-2017_Training_Data/ISIC_0000259.jpg,ISIC-2017_Training_Part1_GroundTruth/ISIC_0000259_segmentation.png
1151,train,ISIC_0012785,ISIC-2017_Training_Data/ISIC_0012785.jpg,ISIC-2017_Training_Part1_GroundTruth/ISIC_0012785_segmentation.png
1152,train,ISIC_0011176,ISIC-2017_Training_Data/ISIC_0011176.jpg,ISIC-2017_Training_Part1_GroundTruth/ISIC_0011176_segmentation.png
1153,train,ISIC_0013378,ISIC-2017_Training_Data/ISIC_0013378.jpg,ISIC-2017_Training_Part1_GroundTruth/ISIC_0013378_segmentation.png
1154,train,ISIC_0012713,ISIC-2017_Training_Data/ISIC_0012713.jpg,ISIC-2017_Training_Part1_GroundTruth/ISIC_0012713_segmentation.png
1155,train,ISIC_0000534,ISIC-2017_Training_Data/ISIC_0000534.jpg,ISIC-2017_Training_Part1_GroundTruth/ISIC_0000534_segmentation.png
1156,train,ISIC_0010025,ISIC-2017_Training_Data/ISIC_0010025.jpg,ISIC-2017_Training_Part1_GroundTruth/ISIC_0010025_segmentation.png
1157,train,ISIC_0013762,ISIC-2017_Training_Data/ISIC_0013762.jpg,ISIC-2017_Training_Part1_GroundTruth/ISIC_0013762_segmentation.png
1158,train,ISIC_0000370,ISIC-2017_Training_Data/ISIC_0000370.jpg,ISIC-2017_Training_Part1_GroundTruth/ISIC_0000370_segmentation.png
1159,train,ISIC_0012672,ISIC-2017_Training_Data/ISIC_0012672.jpg,ISIC-2017_Training_Part1_GroundTruth/ISIC_0012672_segmentation.png
1160,train,ISIC_0012108,ISIC-2017_Training_Data/ISIC_0012108.jpg,ISIC-2017_Training_Part1_GroundTruth/ISIC_0012108_segmentation.png
1161,train,ISIC_0010571,ISIC-2017_Training_Data/ISIC_0010571.jpg,ISIC-2017_Training_Part1_GroundTruth/ISIC_0010571_segmentation.png
1162,train,ISIC_0014527,ISIC-2017_Training_Data/ISIC_0014527.jpg,ISIC-2017_Training_Part1_GroundTruth/ISIC_0014527_segmentation.png
1163,train,ISIC_0010598,ISIC-2017_Training_Data/ISIC_0010598.jpg,ISIC-2017_Training_Part1_GroundTruth/ISIC_0010598_segmentation.png
1164,train,ISIC_0010249,ISIC-2017_Training_Data/ISIC_0010249.jpg,ISIC-2017_Training_Part1_GroundTruth/ISIC_0010249_segmentation.png
1165,train,ISIC_0011205,ISIC-2017_Training_Data/ISIC_0011205.jpg,ISIC-2017_Training_Part1_GroundTruth/ISIC_0011205_segmentation.png
1166,train,ISIC_0014569,ISIC-2017_Training_Data/ISIC_0014569.jpg,ISIC-2017_Training_Part1_GroundTruth/ISIC_0014569_segmentation.png
1167,train,ISIC_0000519,ISIC-2017_Training_Data/ISIC_0000519.jpg,ISIC-2017_Training_Part1_GroundTruth/ISIC_0000519_segmentation.png
1168,train,ISIC_0013330,ISIC-2017_Training_Data/ISIC_0013330.jpg,ISIC-2017_Training_Part1_GroundTruth/ISIC_0013330_segmentation.png
1169,train,ISIC_0010472,ISIC-2017_Training_Data/ISIC_0010472.jpg,ISIC-2017_Training_Part1_GroundTruth/ISIC_0010472_segmentation.png
1170,train,ISIC_0011230,ISIC-2017_Training_Data/ISIC_0011230.jpg,ISIC-2017_Training_Part1_GroundTruth/ISIC_0011230_segmentation.png
1171,train,ISIC_0012179,ISIC-2017_Training_Data/ISIC_0012179.jpg,ISIC-2017_Training_Part1_GroundTruth/ISIC_0012179_segmentation.png
1172,train,ISIC_0000203,ISIC-2017_Training_Data/ISIC_0000203.jpg,ISIC-2017_Training_Part1_GroundTruth/ISIC_0000203_segmentation.png
1173,train,ISIC_0001126,ISIC-2017_Training_Data/ISIC_0001126.jpg,ISIC-2017_Training_Part1_GroundTruth/ISIC_0001126_segmentation.png
1174,train,ISIC_0012719,ISIC-2017_Training_Data/ISIC_0012719.jpg,ISIC-2017_Training_Part1_GroundTruth/ISIC_0012719_segmentation.png
1175,train,ISIC_0014632,ISIC-2017_Training_Data/ISIC_0014632.jpg,ISIC-2017_Training_Part1_GroundTruth/ISIC_0014632_segmentation.png
1176,train,ISIC_0000443,ISIC-2017_Training_Data/ISIC_0000443.jpg,ISIC-2017_Training_Part1_GroundTruth/ISIC_0000443_segmentation.png
1177,train,ISIC_0000016,ISIC-2017_Training_Data/ISIC_0000016.jpg,ISIC-2017_Training_Part1_GroundTruth/ISIC_0000016_segmentation.png
1178,train,ISIC_0010063,ISIC-2017_Training_Data/ISIC_0010063.jpg,ISIC-2017_Training_Part1_GroundTruth/ISIC_0010063_segmentation.png
1179,train,ISIC_0009891,ISIC-2017_Training_Data/ISIC_0009891.jpg,ISIC-2017_Training_Part1_GroundTruth/ISIC_0009891_segmentation.png
1180,train,ISIC_0011353,ISIC-2017_Training_Data/ISIC_0011353.jpg,ISIC-2017_Training_Part1_GroundTruth/ISIC_0011353_segmentation.png
1181,train,ISIC_0000048,ISIC-2017_Training_Data/ISIC_0000048.jpg,ISIC-2017_Training_Part1_GroundTruth/ISIC_0000048_segmentation.png
1182,train,ISIC_0013758,ISIC-2017_Training_Data/ISIC_0013758.jpg,ISIC-2017_Training_Part1_GroundTruth/ISIC_0013758_segmentation.png
1183,train,ISIC_0000208,ISIC-2017_Training_Data/ISIC_0000208.jpg,ISIC-2017_Training_Part1_GroundTruth/ISIC_0000208_segmentation.png
1184,train,ISIC_0011397,ISIC-2017_Training_Data/ISIC_0011397.jpg,ISIC-2017_Training_Part1_GroundTruth/ISIC_0011397_segmentation.png
1185,train,ISIC_0000027,ISIC-2017_Training_Data/ISIC_0000027.jpg,ISIC-2017_Training_Part1_GroundTruth/ISIC_0000027_segmentation.png
1186,train,ISIC_0000352,ISIC-2017_Training_Data/ISIC_0000352.jpg,ISIC-2017_Training_Part1_GroundTruth/ISIC_0000352_segmentation.png
1187,train,ISIC_0012726,ISIC-2017_Training_Data/ISIC_0012726.jpg,ISIC-2017_Training_Part1_GroundTruth/ISIC_0012726_segmentation.png
1188,train,ISIC_0000326,ISIC-2017_Training_Data/ISIC_0000326.jpg,ISIC-2017_Training_Part1_GroundTruth/ISIC_0000326_segmentation.png
1189,train,ISIC_0000487,ISIC-2017_Training_Data/ISIC_0000487.jpg,ISIC-2017_Training_Part1_GroundTruth/ISIC_0000487_segmentation.png
1190,train,ISIC_0012990,ISIC-2017_Training_Data/ISIC_0012990.jpg,ISIC-2017_Training_Part1_GroundTruth/ISIC_0012990_segmentation.png
1191,train,ISIC_0000510,ISIC-2017_Training_Data/ISIC_0000510.jpg,ISIC-2017_Training_Part1_GroundTruth/ISIC_0000510_segmentation.png
1192,train,ISIC_0012658,ISIC-2017_Training_Data/ISIC_0012658.jpg,ISIC-2017_Training_Part1_GroundTruth/ISIC_0012658_segmentation.png
1193,train,ISIC_0012187,ISIC-2017_Training_Data/ISIC_0012187.jpg,ISIC-2017_Training_Part1_GroundTruth/ISIC_0012187_segmentation.png
1194,train,ISIC_0000169,ISIC-2017_Training_Data/ISIC_0000169.jpg,ISIC-2017_Training_Part1_GroundTruth/ISIC_0000169_segmentation.png
1195,train,ISIC_0014079,ISIC-2017_Training_Data/ISIC_0014079.jpg,ISIC-2017_Training_Part1_GroundTruth/ISIC_0014079_segmentation.png
1196,train,ISIC_0009911,ISIC-2017_Training_Data/ISIC_0009911.jpg,ISIC-2017_Training_Part1_GroundTruth/ISIC_0009911_segmentation.png
1197,train,ISIC_0013876,ISIC-2017_Training_Data/ISIC_0013876.jpg,ISIC-2017_Training_Part1_GroundTruth/ISIC_0013876_segmentation.png
1198,train,ISIC_0009933,ISIC-2017_Training_Data/ISIC_0009933.jpg,ISIC-2017_Training_Part1_GroundTruth/ISIC_0009933_segmentation.png
1199,train,ISIC_0000171,ISIC-2017_Training_Data/ISIC_0000171.jpg,ISIC-2017_Training_Part1_GroundTruth/ISIC_0000171_segmentation.png
1200,train,ISIC_0011163,ISIC-2017_Training_Data/ISIC_0011163.jpg,ISIC-2017_Training_Part1_GroundTruth/ISIC_0011163_segmentation.png
1201,train,ISIC_0012788,ISIC-2017_Training_Data/ISIC_0012788.jpg,ISIC-2017_Training_Part1_GroundTruth/ISIC_0012788_segmentation.png
1202,train,ISIC_0003051,ISIC-2017_Training_Data/ISIC_0003051.jpg,ISIC-2017_Training_Part1_GroundTruth/ISIC_0003051_segmentation.png
1203,train,ISIC_0008029,ISIC-2017_Training_Data/ISIC_0008029.jpg,ISIC-2017_Training_Part1_GroundTruth/ISIC_0008029_segmentation.png
1204,train,ISIC_0013134,ISIC-2017_Training_Data/ISIC_0013134.jpg,ISIC-2017_Training_Part1_GroundTruth/ISIC_0013134_segmentation.png
1205,train,ISIC_0010371,ISIC-2017_Training_Data/ISIC_0010371.jpg,ISIC-2017_Training_Part1_GroundTruth/ISIC_0010371_segmentation.png
1206,train,ISIC_0000416,ISIC-2017_Training_Data/ISIC_0000416.jpg,ISIC-2017_Training_Part1_GroundTruth/ISIC_0000416_segmentation.png
1207,train,ISIC_0013495,ISIC-2017_Training_Data/ISIC_0013495.jpg,ISIC-2017_Training_Part1_GroundTruth/ISIC_0013495_segmentation.png
1208,train,ISIC_0000057,ISIC-2017_Training_Data/ISIC_0000057.jpg,ISIC-2017_Training_Part1_GroundTruth/ISIC_0000057_segmentation.png
1209,train,ISIC_0014066,ISIC-2017_Training_Data/ISIC_0014066.jpg,ISIC-2017_Training_Part1_GroundTruth/ISIC_0014066_segmentation.png
1210,train,ISIC_0012987,ISIC-2017_Training_Data/ISIC_0012987.jpg,ISIC-2017_Training_Part1_GroundTruth/ISIC_0012987_segmentation.png
1211,train,ISIC_0009906,ISIC-2017_Training_Data/ISIC_0009906.jpg,ISIC-2017_Training_Part1_GroundTruth/ISIC_0009906_segmentation.png
1212,train,ISIC_0015181,ISIC-2017_Training_Data/ISIC_0015181.jpg,ISIC-2017_Training_Part1_GroundTruth/ISIC_0015181_segmentation.png
1213,train,ISIC_0012715,ISIC-2017_Training_Data/ISIC_0012715.jpg,ISIC-2017_Training_Part1_GroundTruth/ISIC_0012715_segmentation.png
1214,train,ISIC_0013792,ISIC-2017_Training_Data/ISIC_0013792.jpg,ISIC-2017_Training_Part1_GroundTruth/ISIC_0013792_segmentation.png
1215,train,ISIC_0011114,ISIC-2017_Training_Data/ISIC_0011114.jpg,ISIC-2017_Training_Part1_GroundTruth/ISIC_0011114_segmentation.png
1216,train,ISIC_0012351,ISIC-2017_Training_Data/ISIC_0012351.jpg,ISIC-2017_Training_Part1_GroundTruth/ISIC_0012351_segmentation.png
1217,train,ISIC_0014189,ISIC-2017_Training_Data/ISIC_0014189.jpg,ISIC-2017_Training_Part1_GroundTruth/ISIC_0014189_segmentation.png
1218,train,ISIC_0011327,ISIC-2017_Training_Data/ISIC_0011327.jpg,ISIC-2017_Training_Part1_GroundTruth/ISIC_0011327_segmentation.png
1219,train,ISIC_0000207,ISIC-2017_Training_Data/ISIC_0000207.jpg,ISIC-2017_Training_Part1_GroundTruth/ISIC_0000207_segmentation.png
1220,train,ISIC_0000008,ISIC-2017_Training_Data/ISIC_0000008.jpg,ISIC-2017_Training_Part1_GroundTruth/ISIC_0000008_segmentation.png
1221,train,ISIC_0013342,ISIC-2017_Training_Data/ISIC_0013342.jpg,ISIC-2017_Training_Part1_GroundTruth/ISIC_0013342_segmentation.png
1222,train,ISIC_0011300,ISIC-2017_Training_Data/ISIC_0011300.jpg,ISIC-2017_Training_Part1_GroundTruth/ISIC_0011300_segmentation.png
1223,train,ISIC_0000282,ISIC-2017_Training_Data/ISIC_0000282.jpg,ISIC-2017_Training_Part1_GroundTruth/ISIC_0000282_segmentation.png
1224,train,ISIC_0013427,ISIC-2017_Training_Data/ISIC_0013427.jpg,ISIC-2017_Training_Part1_GroundTruth/ISIC_0013427_segmentation.png
1225,train,ISIC_0014848,ISIC-2017_Training_Data/ISIC_0014848.jpg,ISIC-2017_Training_Part1_GroundTruth/ISIC_0014848_segmentation.png
1226,train,ISIC_0000331,ISIC-2017_Training_Data/ISIC_0000331.jpg,ISIC-2017_Training_Part1_GroundTruth/ISIC_0000331_segmentation.png
1227,train,ISIC_0009344,ISIC-2017_Training_Data/ISIC_0009344.jpg,ISIC-2017_Training_Part1_GroundTruth/ISIC_0009344_segmentation.png
1228,train,ISIC_0000474,ISIC-2017_Training_Data/ISIC_0000474.jpg,ISIC-2017_Training_Part1_GroundTruth/ISIC_0000474_segmentation.png
1229,train,ISIC_0012966,ISIC-2017_Training_Data/ISIC_0012966.jpg,ISIC-2017_Training_Part1_GroundTruth/ISIC_0012966_segmentation.png
1230,train,ISIC_0000387,ISIC-2017_Training_Data/ISIC_0000387.jpg,ISIC-2017_Training_Part1_GroundTruth/ISIC_0000387_segmentation.png
1231,train,ISIC_0000131,ISIC-2017_Training_Data/ISIC_0000131.jpg,ISIC-2017_Training_Part1_GroundTruth/ISIC_0000131_segmentation.png
1232,train,ISIC_0013430,ISIC-2017_Training_Data/ISIC_0013430.jpg,ISIC-2017_Training_Part1_GroundTruth/ISIC_0013430_segmentation.png
1233,train,ISIC_0010358,ISIC-2017_Training_Data/ISIC_0010358.jpg,ISIC-2017_Training_Part1_GroundTruth/ISIC_0010358_segmentation.png
1234,train,ISIC_0011089,ISIC-2017_Training_Data/ISIC_0011089.jpg,ISIC-2017_Training_Part1_GroundTruth/ISIC_0011089_segmentation.png
1235,train,ISIC_0000361,ISIC-2017_Training_Data/ISIC_0000361.jpg,ISIC-2017_Training_Part1_GroundTruth/ISIC_0000361_segmentation.png
1236,train,ISIC_0012693,ISIC-2017_Training_Data/ISIC_0012693.jpg,ISIC-2017_Training_Part1_GroundTruth/ISIC_0012693_segmentation.png
1237,train,ISIC_0011137,ISIC-2017_Training_Data/ISIC_0011137.jpg,ISIC-2017_Training_Part1_GroundTruth/ISIC_0011137_segmentation.png
1238,train,ISIC_0014273,ISIC-2017_Training_Data/ISIC_0014273.jpg,ISIC-2017_Training_Part1_GroundTruth/ISIC_0014273_segmentation.png
1239,train,ISIC_0009947,ISIC-2017_Training_Data/ISIC_0009947.jpg,ISIC-2017_Training_Part1_GroundTruth/ISIC_0009947_segmentation.png
1240,train,ISIC_0010460,ISIC-2017_Training_Data/ISIC_0010460.jpg,ISIC-2017_Training_Part1_GroundTruth/ISIC_0010460_segmentation.png
1241,train,ISIC_0000063,ISIC-2017_Training_Data/ISIC_0000063.jpg,ISIC-2017_Training_Part1_GroundTruth/ISIC_0000063_segmentation.png
1242,train,ISIC_0014337,ISIC-2017_Training_Data/ISIC_0014337.jpg,ISIC-2017_Training_Part1_GroundTruth/ISIC_0014337_segmentation.png
1243,train,ISIC_0012338,ISIC-2017_Training_Data/ISIC_0012338.jpg,ISIC-2017_Training_Part1_GroundTruth/ISIC_0012338_segmentation.png
1244,train,ISIC_0007322,ISIC-2017_Training_Data/ISIC_0007322.jpg,ISIC-2017_Training_Part1_GroundTruth/ISIC_0007322_segmentation.png
1245,train,ISIC_0010351,ISIC-2017_Training_Data/ISIC_0010351.jpg,ISIC-2017_Training_Part1_GroundTruth/ISIC_0010351_segmentation.png
1246,train,ISIC_0013334,ISIC-2017_Training_Data/ISIC_0013334.jpg,ISIC-2017_Training_Part1_GroundTruth/ISIC_0013334_segmentation.png
1247,train,ISIC_0013120,ISIC-2017_Training_Data/ISIC_0013120.jpg,ISIC-2017_Training_Part1_GroundTruth/ISIC_0013120_segmentation.png
1248,train,ISIC_0000190,ISIC-2017_Training_Data/ISIC_0000190.jpg,ISIC-2017_Training_Part1_GroundTruth/ISIC_0000190_segmentation.png
1249,train,ISIC_0008294,ISIC-2017_Training_Data/ISIC_0008294.jpg,ISIC-2017_Training_Part1_GroundTruth/ISIC_0008294_segmentation.png
1250,val,ISIC_0011338,ISIC-2017_Training_Data/ISIC_0011338.jpg,ISIC-2017_Training_Part1_GroundTruth/ISIC_0011338_segmentation.png
1251,val,ISIC_0006114,ISIC-2017_Training_Data/ISIC_0006114.jpg,ISIC-2017_Training_Part1_GroundTruth/ISIC_0006114_segmentation.png
1252,val,ISIC_0013433,ISIC-2017_Training_Data/ISIC_0013433.jpg,ISIC-2017_Training_Part1_GroundTruth/ISIC_0013433_segmentation.png
1253,val,ISIC_0005555,ISIC-2017_Training_Data/ISIC_0005555.jpg,ISIC-2017_Training_Part1_GroundTruth/ISIC_0005555_segmentation.png
1254,val,ISIC_0010455,ISIC-2017_Training_Data/ISIC_0010455.jpg,ISIC-2017_Training_Part1_GroundTruth/ISIC_0010455_segmentation.png
1255,val,ISIC_0002246,ISIC-2017_Training_Data/ISIC_0002246.jpg,ISIC-2017_Training_Part1_GroundTruth/ISIC_0002246_segmentation.png
1256,val,ISIC_0010452,ISIC-2017_Training_Data/ISIC_0010452.jpg,ISIC-2017_Training_Part1_GroundTruth/ISIC_0010452_segmentation.png
1257,val,ISIC_0010602,ISIC-2017_Training_Data/ISIC_0010602.jpg,ISIC-2017_Training_Part1_GroundTruth/ISIC_0010602_segmentation.png
1258,val,ISIC_0015204,ISIC-2017_Training_Data/ISIC_0015204.jpg,ISIC-2017_Training_Part1_GroundTruth/ISIC_0015204_segmentation.png
1259,val,ISIC_0014684,ISIC-2017_Training_Data/ISIC_0014684.jpg,ISIC-2017_Training_Part1_GroundTruth/ISIC_0014684_segmentation.png
1260,val,ISIC_0000096,ISIC-2017_Training_Data/ISIC_0000096.jpg,ISIC-2017_Training_Part1_GroundTruth/ISIC_0000096_segmentation.png
1261,val,ISIC_0014498,ISIC-2017_Training_Data/ISIC_0014498.jpg,ISIC-2017_Training_Part1_GroundTruth/ISIC_0014498_segmentation.png
1262,val,ISIC_0013670,ISIC-2017_Training_Data/ISIC_0013670.jpg,ISIC-2017_Training_Part1_GroundTruth/ISIC_0013670_segmentation.png
1263,val,ISIC_0012676,ISIC-2017_Training_Data/ISIC_0012676.jpg,ISIC-2017_Training_Part1_GroundTruth/ISIC_0012676_segmentation.png
1264,val,ISIC_0013084,ISIC-2017_Training_Data/ISIC_0013084.jpg,ISIC-2017_Training_Part1_GroundTruth/ISIC_0013084_segmentation.png
1265,val,ISIC_0011382,ISIC-2017_Training_Data/ISIC_0011382.jpg,ISIC-2017_Training_Part1_GroundTruth/ISIC_0011382_segmentation.png
1266,val,ISIC_0000548,ISIC-2017_Training_Data/ISIC_0000548.jpg,ISIC-2017_Training_Part1_GroundTruth/ISIC_0000548_segmentation.png
1267,val,ISIC_0014216,ISIC-2017_Training_Data/ISIC_0014216.jpg,ISIC-2017_Training_Part1_GroundTruth/ISIC_0014216_segmentation.png
1268,val,ISIC_0011306,ISIC-2017_Training_Data/ISIC_0011306.jpg,ISIC-2017_Training_Part1_GroundTruth/ISIC_0011306_segmentation.png
1269,val,ISIC_0000037,ISIC-2017_Training_Data/ISIC_0000037.jpg,ISIC-2017_Training_Part1_GroundTruth/ISIC_0000037_segmentation.png
1270,val,ISIC_0012487,ISIC-2017_Training_Data/ISIC_0012487.jpg,ISIC-2017_Training_Part1_GroundTruth/ISIC_0012487_segmentation.png
1271,val,ISIC_0010015,ISIC-2017_Training_Data/ISIC_0010015.jpg,ISIC-2017_Training_Part1_GroundTruth/ISIC_0010015_segmentation.png
1272,val,ISIC_0001133,ISIC-2017_Training_Data/ISIC_0001133.jpg,ISIC-2017_Training_Part1_GroundTruth/ISIC_0001133_segmentation.png
1273,val,ISIC_0012811,ISIC-2017_Training_Data/ISIC_0012811.jpg,ISIC-2017_Training_Part1_GroundTruth/ISIC_0012811_segmentation.png
1274,val,ISIC_0011162,ISIC-2017_Training_Data/ISIC_0011162.jpg,ISIC-2017_Training_Part1_GroundTruth/ISIC_0011162_segmentation.png
1275,val,ISIC_0009958,ISIC-2017_Training_Data/ISIC_0009958.jpg,ISIC-2017_Training_Part1_GroundTruth/ISIC_0009958_segmentation.png
1276,val,ISIC_0010458,ISIC-2017_Training_Data/ISIC_0010458.jpg,ISIC-2017_Training_Part1_GroundTruth/ISIC_0010458_segmentation.png
1277,val,ISIC_0000201,ISIC-2017_Training_Data/ISIC_0000201.jpg,ISIC-2017_Training_Part1_GroundTruth/ISIC_0000201_segmentation.png
1278,val,ISIC_0012814,ISIC-2017_Training_Data/ISIC_0012814.jpg,ISIC-2017_Training_Part1_GroundTruth/ISIC_0012814_segmentation.png
1279,val,ISIC_0013335,ISIC-2017_Training_Data/ISIC_0013335.jpg,ISIC-2017_Training_Part1_GroundTruth/ISIC_0013335_segmentation.png
1280,val,ISIC_0006776,ISIC-2017_Training_Data/ISIC_0006776.jpg,ISIC-2017_Training_Part1_GroundTruth/ISIC_0006776_segmentation.png
1281,val,ISIC_0014592,ISIC-2017_Training_Data/ISIC_0014592.jpg,ISIC-2017_Training_Part1_GroundTruth/ISIC_0014592_segmentation.png
1282,val,ISIC_0011229,ISIC-2017_Training_Data/ISIC_0011229.jpg,ISIC-2017_Training_Part1_GroundTruth/ISIC_0011229_segmentation.png
1283,val,ISIC_0013059,ISIC-2017_Training_Data/ISIC_0013059.jpg,ISIC-2017_Training_Part1_GroundTruth/ISIC_0013059_segmentation.png
1284,val,ISIC_0012089,ISIC-2017_Training_Data/ISIC_0012089.jpg,ISIC-2017_Training_Part1_GroundTruth/ISIC_0012089_segmentation.png
1285,val,ISIC_0000006,ISIC-2017_Training_Data/ISIC_0000006.jpg,ISIC-2017_Training_Part1_GroundTruth/ISIC_0000006_segmentation.png
1286,val,ISIC_0012685,ISIC-2017_Training_Data/ISIC_0012685.jpg,ISIC-2017_Training_Part1_GroundTruth/ISIC_0012685_segmentation.png
1287,val,ISIC_0012406,ISIC-2017_Training_Data/ISIC_0012406.jpg,ISIC-2017_Training_Part1_GroundTruth/ISIC_0012406_segmentation.png
1288,val,ISIC_0013573,ISIC-2017_Training_Data/ISIC_0013573.jpg,ISIC-2017_Training_Part1_GroundTruth/ISIC_0013573_segmentation.png
1289,val,ISIC_0000032,ISIC-2017_Training_Data/ISIC_0000032.jpg,ISIC-2017_Training_Part1_GroundTruth/ISIC_0000032_segmentation.png
1290,val,ISIC_0000146,ISIC-2017_Training_Data/ISIC_0000146.jpg,ISIC-2017_Training_Part1_GroundTruth/ISIC_0000146_segmentation.png
1291,val,ISIC_0013725,ISIC-2017_Training_Data/ISIC_0013725.jpg,ISIC-2017_Training_Part1_GroundTruth/ISIC_0013725_segmentation.png
1292,val,ISIC_0000330,ISIC-2017_Training_Data/ISIC_0000330.jpg,ISIC-2017_Training_Part1_GroundTruth/ISIC_0000330_segmentation.png
1293,val,ISIC_0014778,ISIC-2017_Training_Data/ISIC_0014778.jpg,ISIC-2017_Training_Part1_GroundTruth/ISIC_0014778_segmentation.png
1294,val,ISIC_0015295,ISIC-2017_Training_Data/ISIC_0015295.jpg,ISIC-2017_Training_Part1_GroundTruth/ISIC_0015295_segmentation.png
1295,val,ISIC_0013177,ISIC-2017_Training_Data/ISIC_0013177.jpg,ISIC-2017_Training_Part1_GroundTruth/ISIC_0013177_segmentation.png
1296,val,ISIC_0012901,ISIC-2017_Training_Data/ISIC_0012901.jpg,ISIC-2017_Training_Part1_GroundTruth/ISIC_0012901_segmentation.png
1297,val,ISIC_0004715,ISIC-2017_Training_Data/ISIC_0004715.jpg,ISIC-2017_Training_Part1_GroundTruth/ISIC_0004715_segmentation.png
1298,val,ISIC_0014311,ISIC-2017_Training_Data/ISIC_0014311.jpg,ISIC-2017_Training_Part1_GroundTruth/ISIC_0014311_segmentation.png
1299,val,ISIC_0012789,ISIC-2017_Training_Data/ISIC_0012789.jpg,ISIC-2017_Training_Part1_GroundTruth/ISIC_0012789_segmentation.png
1300,val,ISIC_0010332,ISIC-2017_Training_Data/ISIC_0010332.jpg,ISIC-2017_Training_Part1_GroundTruth/ISIC_0010332_segmentation.png
1301,val,ISIC_0014076,ISIC-2017_Training_Data/ISIC_0014076.jpg,ISIC-2017_Training_Part1_GroundTruth/ISIC_0014076_segmentation.png
1302,val,ISIC_0012117,ISIC-2017_Training_Data/ISIC_0012117.jpg,ISIC-2017_Training_Part1_GroundTruth/ISIC_0012117_segmentation.png
1303,val,ISIC_0014570,ISIC-2017_Training_Data/ISIC_0014570.jpg,ISIC-2017_Training_Part1_GroundTruth/ISIC_0014570_segmentation.png
1304,val,ISIC_0011098,ISIC-2017_Training_Data/ISIC_0011098.jpg,ISIC-2017_Training_Part1_GroundTruth/ISIC_0011098_segmentation.png
1305,val,ISIC_0000105,ISIC-2017_Training_Data/ISIC_0000105.jpg,ISIC-2017_Training_Part1_GroundTruth/ISIC_0000105_segmentation.png
1306,val,ISIC_0013000,ISIC-2017_Training_Data/ISIC_0013000.jpg,ISIC-2017_Training_Part1_GroundTruth/ISIC_0013000_segmentation.png
1307,val,ISIC_0013731,ISIC-2017_Training_Data/ISIC_0013731.jpg,ISIC-2017_Training_Part1_GroundTruth/ISIC_0013731_segmentation.png
1308,val,ISIC_0013488,ISIC-2017_Training_Data/ISIC_0013488.jpg,ISIC-2017_Training_Part1_GroundTruth/ISIC_0013488_segmentation.png
1309,val,ISIC_0010586,ISIC-2017_Training_Data/ISIC_0010586.jpg,ISIC-2017_Training_Part1_GroundTruth/ISIC_0010586_segmentation.png
1310,val,ISIC_0015109,ISIC-2017_Training_Data/ISIC_0015109.jpg,ISIC-2017_Training_Part1_GroundTruth/ISIC_0015109_segmentation.png
1311,val,ISIC_0013795,ISIC-2017_Training_Data/ISIC_0013795.jpg,ISIC-2017_Training_Part1_GroundTruth/ISIC_0013795_segmentation.png
1312,val,ISIC_0014819,ISIC-2017_Training_Data/ISIC_0014819.jpg,ISIC-2017_Training_Part1_GroundTruth/ISIC_0014819_segmentation.png
1313,val,ISIC_0000242,ISIC-2017_Training_Data/ISIC_0000242.jpg,ISIC-2017_Training_Part1_GroundTruth/ISIC_0000242_segmentation.png
1314,val,ISIC_0010592,ISIC-2017_Training_Data/ISIC_0010592.jpg,ISIC-2017_Training_Part1_GroundTruth/ISIC_0010592_segmentation.png
1315,val,ISIC_0014983,ISIC-2017_Training_Data/ISIC_0014983.jpg,ISIC-2017_Training_Part1_GroundTruth/ISIC_0014983_segmentation.png
1316,val,ISIC_0013980,ISIC-2017_Training_Data/ISIC_0013980.jpg,ISIC-2017_Training_Part1_GroundTruth/ISIC_0013980_segmentation.png
1317,val,ISIC_0013052,ISIC-2017_Training_Data/ISIC_0013052.jpg,ISIC-2017_Training_Part1_GroundTruth/ISIC_0013052_segmentation.png
1318,val,ISIC_0014589,ISIC-2017_Training_Data/ISIC_0014589.jpg,ISIC-2017_Training_Part1_GroundTruth/ISIC_0014589_segmentation.png
1319,val,ISIC_0014785,ISIC-2017_Training_Data/ISIC_0014785.jpg,ISIC-2017_Training_Part1_GroundTruth/ISIC_0014785_segmentation.png
1320,val,ISIC_0010244,ISIC-2017_Training_Data/ISIC_0010244.jpg,ISIC-2017_Training_Part1_GroundTruth/ISIC_0010244_segmentation.png
1321,val,ISIC_0011088,ISIC-2017_Training_Data/ISIC_0011088.jpg,ISIC-2017_Training_Part1_GroundTruth/ISIC_0011088_segmentation.png
1322,val,ISIC_0014089,ISIC-2017_Training_Data/ISIC_0014089.jpg,ISIC-2017_Training_Part1_GroundTruth/ISIC_0014089_segmentation.png
1323,val,ISIC_0000278,ISIC-2017_Training_Data/ISIC_0000278.jpg,ISIC-2017_Training_Part1_GroundTruth/ISIC_0000278_segmentation.png
1324,val,ISIC_0011101,ISIC-2017_Training_Data/ISIC_0011101.jpg,ISIC-2017_Training_Part1_GroundTruth/ISIC_0011101_segmentation.png
1325,val,ISIC_0013676,ISIC-2017_Training_Data/ISIC_0013676.jpg,ISIC-2017_Training_Part1_GroundTruth/ISIC_0013676_segmentation.png
1326,val,ISIC_0000385,ISIC-2017_Training_Data/ISIC_0000385.jpg,ISIC-2017_Training_Part1_GroundTruth/ISIC_0000385_segmentation.png
1327,val,ISIC_0000022,ISIC-2017_Training_Data/ISIC_0000022.jpg,ISIC-2017_Training_Part1_GroundTruth/ISIC_0000022_segmentation.png
1328,val,ISIC_0000077,ISIC-2017_Training_Data/ISIC_0000077.jpg,ISIC-2017_Training_Part1_GroundTruth/ISIC_0000077_segmentation.png
1329,val,ISIC_0012107,ISIC-2017_Training_Data/ISIC_0012107.jpg,ISIC-2017_Training_Part1_GroundTruth/ISIC_0012107_segmentation.png
1330,val,ISIC_0014174,ISIC-2017_Training_Data/ISIC_0014174.jpg,ISIC-2017_Training_Part1_GroundTruth/ISIC_0014174_segmentation.png
1331,val,ISIC_0014308,ISIC-2017_Training_Data/ISIC_0014308.jpg,ISIC-2017_Training_Part1_GroundTruth/ISIC_0014308_segmentation.png
1332,val,ISIC_0010854,ISIC-2017_Training_Data/ISIC_0010854.jpg,ISIC-2017_Training_Part1_GroundTruth/ISIC_0010854_segmentation.png
1333,val,ISIC_0009965,ISIC-2017_Training_Data/ISIC_0009965.jpg,ISIC-2017_Training_Part1_GroundTruth/ISIC_0009965_segmentation.png
1334,val,ISIC_0014366,ISIC-2017_Training_Data/ISIC_0014366.jpg,ISIC-2017_Training_Part1_GroundTruth/ISIC_0014366_segmentation.png
1335,val,ISIC_0009923,ISIC-2017_Training_Data/ISIC_0009923.jpg,ISIC-2017_Training_Part1_GroundTruth/ISIC_0009923_segmentation.png
1336,val,ISIC_0010022,ISIC-2017_Training_Data/ISIC_0010022.jpg,ISIC-2017_Training_Part1_GroundTruth/ISIC_0010022_segmentation.png
1337,val,ISIC_0000244,ISIC-2017_Training_Data/ISIC_0000244.jpg,ISIC-2017_Training_Part1_GroundTruth/ISIC_0000244_segmentation.png
1338,val,ISIC_0013315,ISIC-2017_Training_Data/ISIC_0013315.jpg,ISIC-2017_Training_Part1_GroundTruth/ISIC_0013315_segmentation.png
1339,val,ISIC_0014290,ISIC-2017_Training_Data/ISIC_0014290.jpg,ISIC-2017_Training_Part1_GroundTruth/ISIC_0014290_segmentation.png
1340,val,ISIC_0000488,ISIC-2017_Training_Data/ISIC_0000488.jpg,ISIC-2017_Training_Part1_GroundTruth/ISIC_0000488_segmentation.png
1341,val,ISIC_0012845,ISIC-2017_Training_Data/ISIC_0012845.jpg,ISIC-2017_Training_Part1_GroundTruth/ISIC_0012845_segmentation.png
1342,val,ISIC_0010498,ISIC-2017_Training_Data/ISIC_0010498.jpg,ISIC-2017_Training_Part1_GroundTruth/ISIC_0010498_segmentation.png
1343,val,ISIC_0014594,ISIC-2017_Training_Data/ISIC_0014594.jpg,ISIC-2017_Training_Part1_GroundTruth/ISIC_0014594_segmentation.png
1344,val,ISIC_0000274,ISIC-2017_Training_Data/ISIC_0000274.jpg,ISIC-2017_Training_Part1_GroundTruth/ISIC_0000274_segmentation.png
1345,val,ISIC_0009078,ISIC-2017_Training_Data/ISIC_0009078.jpg,ISIC-2017_Training_Part1_GroundTruth/ISIC_0009078_segmentation.png
1346,val,ISIC_0000457,ISIC-2017_Training_Data/ISIC_0000457.jpg,ISIC-2017_Training_Part1_GroundTruth/ISIC_0000457_segmentation.png
1347,val,ISIC_0015284,ISIC-2017_Training_Data/ISIC_0015284.jpg,ISIC-2017_Training_Part1_GroundTruth/ISIC_0015284_segmentation.png
1348,val,ISIC_0000381,ISIC-2017_Training_Data/ISIC_0000381.jpg,ISIC-2017_Training_Part1_GroundTruth/ISIC_0000381_segmentation.png
1349,val,ISIC_0000043,ISIC-2017_Training_Data/ISIC_0000043.jpg,ISIC-2017_Training_Part1_GroundTruth/ISIC_0000043_segmentation.png
1350,val,ISIC_0000294,ISIC-2017_Training_Data/ISIC_0000294.jpg,ISIC-2017_Training_Part1_GroundTruth/ISIC_0000294_segmentation.png
1351,val,ISIC_0012291,ISIC-2017_Training_Data/ISIC_0012291.jpg,ISIC-2017_Training_Part1_GroundTruth/ISIC_0012291_segmentation.png
1352,val,ISIC_0000139,ISIC-2017_Training_Data/ISIC_0000139.jpg,ISIC-2017_Training_Part1_GroundTruth/ISIC_0000139_segmentation.png
1353,val,ISIC_0011366,ISIC-2017_Training_Data/ISIC_0011366.jpg,ISIC-2017_Training_Part1_GroundTruth/ISIC_0011366_segmentation.png
1354,val,ISIC_0011208,ISIC-2017_Training_Data/ISIC_0011208.jpg,ISIC-2017_Training_Part1_GroundTruth/ISIC_0011208_segmentation.png
1355,val,ISIC_0009919,ISIC-2017_Training_Data/ISIC_0009919.jpg,ISIC-2017_Training_Part1_GroundTruth/ISIC_0009919_segmentation.png
1356,val,ISIC_0012674,ISIC-2017_Training_Data/ISIC_0012674.jpg,ISIC-2017_Training_Part1_GroundTruth/ISIC_0012674_segmentation.png
1357,val,ISIC_0012854,ISIC-2017_Training_Data/ISIC_0012854.jpg,ISIC-2017_Training_Part1_GroundTruth/ISIC_0012854_segmentation.png
1358,val,ISIC_0012290,ISIC-2017_Training_Data/ISIC_0012290.jpg,ISIC-2017_Training_Part1_GroundTruth/ISIC_0012290_segmentation.png
1359,val,ISIC_0014581,ISIC-2017_Training_Data/ISIC_0014581.jpg,ISIC-2017_Training_Part1_GroundTruth/ISIC_0014581_segmentation.png
1360,val,ISIC_0012653,ISIC-2017_Training_Data/ISIC_0012653.jpg,ISIC-2017_Training_Part1_GroundTruth/ISIC_0012653_segmentation.png
1361,val,ISIC_0010186,ISIC-2017_Training_Data/ISIC_0010186.jpg,ISIC-2017_Training_Part1_GroundTruth/ISIC_0010186_segmentation.png
1362,val,ISIC_0010086,ISIC-2017_Training_Data/ISIC_0010086.jpg,ISIC-2017_Training_Part1_GroundTruth/ISIC_0010086_segmentation.png
1363,val,ISIC_0000066,ISIC-2017_Training_Data/ISIC_0000066.jpg,ISIC-2017_Training_Part1_GroundTruth/ISIC_0000066_segmentation.png
1364,val,ISIC_0013634,ISIC-2017_Training_Data/ISIC_0013634.jpg,ISIC-2017_Training_Part1_GroundTruth/ISIC_0013634_segmentation.png
1365,val,ISIC_0014599,ISIC-2017_Training_Data/ISIC_0014599.jpg,ISIC-2017_Training_Part1_GroundTruth/ISIC_0014599_segmentation.png
1366,val,ISIC_0013595,ISIC-2017_Training_Data/ISIC_0013595.jpg,ISIC-2017_Training_Part1_GroundTruth/ISIC_0013595_segmentation.png
1367,val,ISIC_0011144,ISIC-2017_Training_Data/ISIC_0011144.jpg,ISIC-2017_Training_Part1_GroundTruth/ISIC_0011144_segmentation.png
1368,val,ISIC_0014557,ISIC-2017_Training_Data/ISIC_0014557.jpg,ISIC-2017_Training_Part1_GroundTruth/ISIC_0014557_segmentation.png
1369,val,ISIC_0012826,ISIC-2017_Training_Data/ISIC_0012826.jpg,ISIC-2017_Training_Part1_GroundTruth/ISIC_0012826_segmentation.png
1370,val,ISIC_0014458,ISIC-2017_Training_Data/ISIC_0014458.jpg,ISIC-2017_Training_Part1_GroundTruth/ISIC_0014458_segmentation.png
1371,val,ISIC_0012260,ISIC-2017_Training_Data/ISIC_0012260.jpg,ISIC-2017_Training_Part1_GroundTruth/ISIC_0012260_segmentation.png
1372,val,ISIC_0013147,ISIC-2017_Training_Data/ISIC_0013147.jpg,ISIC-2017_Training_Part1_GroundTruth/ISIC_0013147_segmentation.png
1373,val,ISIC_0000419,ISIC-2017_Training_Data/ISIC_0000419.jpg,ISIC-2017_Training_Part1_GroundTruth/ISIC_0000419_segmentation.png
1374,val,ISIC_0014571,ISIC-2017_Training_Data/ISIC_0014571.jpg,ISIC-2017_Training_Part1_GroundTruth/ISIC_0014571_segmentation.png
1375,val,ISIC_0013799,ISIC-2017_Training_Data/ISIC_0013799.jpg,ISIC-2017_Training_Part1_GroundTruth/ISIC_0013799_segmentation.png
1376,val,ISIC_0000300,ISIC-2017_Training_Data/ISIC_0000300.jpg,ISIC-2017_Training_Part1_GroundTruth/ISIC_0000300_segmentation.png
1377,val,ISIC_0010382,ISIC-2017_Training_Data/ISIC_0010382.jpg,ISIC-2017_Training_Part1_GroundTruth/ISIC_0010382_segmentation.png
1378,val,ISIC_0014225,ISIC-2017_Training_Data/ISIC_0014225.jpg,ISIC-2017_Training_Part1_GroundTruth/ISIC_0014225_segmentation.png
1379,val,ISIC_0000478,ISIC-2017_Training_Data/ISIC_0000478.jpg,ISIC-2017_Training_Part1_GroundTruth/ISIC_0000478_segmentation.png
1380,val,ISIC_0015079,ISIC-2017_Training_Data/ISIC_0015079.jpg,ISIC-2017_Training_Part1_GroundTruth/ISIC_0015079_segmentation.png
1381,val,ISIC_0014760,ISIC-2017_Training_Data/ISIC_0014760.jpg,ISIC-2017_Training_Part1_GroundTruth/ISIC_0014760_segmentation.png
1382,val,ISIC_0013765,ISIC-2017_Training_Data/ISIC_0013765.jpg,ISIC-2017_Training_Part1_GroundTruth/ISIC_0013765_segmentation.png
1383,val,ISIC_0013092,ISIC-2017_Training_Data/ISIC_0013092.jpg,ISIC-2017_Training_Part1_GroundTruth/ISIC_0013092_segmentation.png
1384,val,ISIC_0013610,ISIC-2017_Training_Data/ISIC_0013610.jpg,ISIC-2017_Training_Part1_GroundTruth/ISIC_0013610_segmentation.png
1385,val,ISIC_0013167,ISIC-2017_Training_Data/ISIC_0013167.jpg,ISIC-2017_Training_Part1_GroundTruth/ISIC_0013167_segmentation.png
1386,val,ISIC_0013986,ISIC-2017_Training_Data/ISIC_0013986.jpg,ISIC-2017_Training_Part1_GroundTruth/ISIC_0013986_segmentation.png
1387,val,ISIC_0014526,ISIC-2017_Training_Data/ISIC_0014526.jpg,ISIC-2017_Training_Part1_GroundTruth/ISIC_0014526_segmentation.png
1388,val,ISIC_0012232,ISIC-2017_Training_Data/ISIC_0012232.jpg,ISIC-2017_Training_Part1_GroundTruth/ISIC_0012232_segmentation.png
1389,val,ISIC_0000269,ISIC-2017_Training_Data/ISIC_0000269.jpg,ISIC-2017_Training_Part1_GroundTruth/ISIC_0000269_segmentation.png
1390,val,ISIC_0000024,ISIC-2017_Training_Data/ISIC_0000024.jpg,ISIC-2017_Training_Part1_GroundTruth/ISIC_0000024_segmentation.png
1391,val,ISIC_0000535,ISIC-2017_Training_Data/ISIC_0000535.jpg,ISIC-2017_Training_Part1_GroundTruth/ISIC_0000535_segmentation.png
1392,val,ISIC_0013578,ISIC-2017_Training_Data/ISIC_0013578.jpg,ISIC-2017_Training_Part1_GroundTruth/ISIC_0013578_segmentation.png
1393,val,ISIC_0012737,ISIC-2017_Training_Data/ISIC_0012737.jpg,ISIC-2017_Training_Part1_GroundTruth/ISIC_0012737_segmentation.png
1394,val,ISIC_0000434,ISIC-2017_Training_Data/ISIC_0000434.jpg,ISIC-2017_Training_Part1_GroundTruth/ISIC_0000434_segmentation.png
1395,val,ISIC_0013196,ISIC-2017_Training_Data/ISIC_0013196.jpg,ISIC-2017_Training_Part1_GroundTruth/ISIC_0013196_segmentation.png
1396,val,ISIC_0010364,ISIC-2017_Training_Data/ISIC_0010364.jpg,ISIC-2017_Training_Part1_GroundTruth/ISIC_0010364_segmentation.png
1397,val,ISIC_0009870,ISIC-2017_Training_Data/ISIC_0009870.jpg,ISIC-2017_Training_Part1_GroundTruth/ISIC_0009870_segmentation.png
1398,val,ISIC_0000484,ISIC-2017_Training_Data/ISIC_0000484.jpg,ISIC-2017_Training_Part1_GroundTruth/ISIC_0000484_segmentation.png
1399,val,ISIC_0010567,ISIC-2017_Training_Data/ISIC_0010567.jpg,ISIC-2017_Training_Part1_GroundTruth/ISIC_0010567_segmentation.png
1400,test,ISIC_0011121,ISIC-2017_Training_Data/ISIC_0011121.jpg,ISIC-2017_Training_Part1_GroundTruth/ISIC_0011121_segmentation.png
1401,test,ISIC_0014361,ISIC-2017_Training_Data/ISIC_0014361.jpg,ISIC-2017_Training_Part1_GroundTruth/ISIC_0014361_segmentation.png
1402,test,ISIC_0000436,ISIC-2017_Training_Data/ISIC_0000436.jpg,ISIC-2017_Training_Part1_GroundTruth/ISIC_0000436_segmentation.png
1403,test,ISIC_0011159,ISIC-2017_Training_Data/ISIC_0011159.jpg,ISIC-2017_Training_Part1_GroundTruth/ISIC_0011159_segmentation.png
1404,test,ISIC_0000482,ISIC-2017_Training_Data/ISIC_0000482.jpg,ISIC-2017_Training_Part1_GroundTruth/ISIC_0000482_segmentation.png
1405,test,ISIC_0006612,ISIC-2017_Training_Data/ISIC_0006612.jpg,ISIC-2017_Training_Part1_GroundTruth/ISIC_0006612_segmentation.png
1406,test,ISIC_0010853,ISIC-2017_Training_Data/ISIC_0010853.jpg,ISIC-2017_Training_Part1_GroundTruth/ISIC_0010853_segmentation.png
1407,test,ISIC_0010102,ISIC-2017_Training_Data/ISIC_0010102.jpg,ISIC-2017_Training_Part1_GroundTruth/ISIC_0010102_segmentation.png
1408,test,ISIC_0012856,ISIC-2017_Training_Data/ISIC_0012856.jpg,ISIC-2017_Training_Part1_GroundTruth/ISIC_0012856_segmentation.png
1409,test,ISIC_0012379,ISIC-2017_Training_Data/ISIC_0012379.jpg,ISIC-2017_Training_Part1_GroundTruth/ISIC_0012379_segmentation.png
1410,test,ISIC_0009914,ISIC-2017_Training_Data/ISIC_0009914.jpg,ISIC-2017_Training_Part1_GroundTruth/ISIC_0009914_segmentation.png
1411,test,ISIC_0008207,ISIC-2017_Training_Data/ISIC_0008207.jpg,ISIC-2017_Training_Part1_GroundTruth/ISIC_0008207_segmentation.png
1412,test,ISIC_0012209,ISIC-2017_Training_Data/ISIC_0012209.jpg,ISIC-2017_Training_Part1_GroundTruth/ISIC_0012209_segmentation.png
1413,test,ISIC_0000222,ISIC-2017_Training_Data/ISIC_0000222.jpg,ISIC-2017_Training_Part1_GroundTruth/ISIC_0000222_segmentation.png
1414,test,ISIC_0013664,ISIC-2017_Training_Data/ISIC_0013664.jpg,ISIC-2017_Training_Part1_GroundTruth/ISIC_0013664_segmentation.png
1415,test,ISIC_0012828,ISIC-2017_Training_Data/ISIC_0012828.jpg,ISIC-2017_Training_Part1_GroundTruth/ISIC_0012828_segmentation.png
1416,test,ISIC_0014195,ISIC-2017_Training_Data/ISIC_0014195.jpg,ISIC-2017_Training_Part1_GroundTruth/ISIC_0014195_segmentation.png
1417,test,ISIC_0013584,ISIC-2017_Training_Data/ISIC_0013584.jpg,ISIC-2017_Training_Part1_GroundTruth/ISIC_0013584_segmentation.png
1418,test,ISIC_0011169,ISIC-2017_Training_Data/ISIC_0011169.jpg,ISIC-2017_Training_Part1_GroundTruth/ISIC_0011169_segmentation.png
1419,test,ISIC_0010488,ISIC-2017_Training_Data/ISIC_0010488.jpg,ISIC-2017_Training_Part1_GroundTruth/ISIC_0010488_segmentation.png
1420,test,ISIC_0000152,ISIC-2017_Training_Data/ISIC_0000152.jpg,ISIC-2017_Training_Part1_GroundTruth/ISIC_0000152_segmentation.png
1421,test,ISIC_0014825,ISIC-2017_Training_Data/ISIC_0014825.jpg,ISIC-2017_Training_Part1_GroundTruth/ISIC_0014825_segmentation.png
1422,test,ISIC_0000081,ISIC-2017_Training_Data/ISIC_0000081.jpg,ISIC-2017_Training_Part1_GroundTruth/ISIC_0000081_segmentation.png
1423,test,ISIC_0012282,ISIC-2017_Training_Data/ISIC_0012282.jpg,ISIC-2017_Training_Part1_GroundTruth/ISIC_0012282_segmentation.png
1424,test,ISIC_0000520,ISIC-2017_Training_Data/ISIC_0000520.jpg,ISIC-2017_Training_Part1_GroundTruth/ISIC_0000520_segmentation.png
1425,test,ISIC_0002975,ISIC-2017_Training_Data/ISIC_0002975.jpg,ISIC-2017_Training_Part1_GroundTruth/ISIC_0002975_segmentation.png
1426,test,ISIC_0009860,ISIC-2017_Training_Data/ISIC_0009860.jpg,ISIC-2017_Training_Part1_GroundTruth/ISIC_0009860_segmentation.png
1427,test,ISIC_0010237,ISIC-2017_Training_Data/ISIC_0010237.jpg,ISIC-2017_Training_Part1_GroundTruth/ISIC_0010237_segmentation.png
1428,test,ISIC_0010043,ISIC-2017_Training_Data/ISIC_0010043.jpg,ISIC-2017_Training_Part1_GroundTruth/ISIC_0010043_segmentation.png
1429,test,ISIC_0014331,ISIC-2017_Training_Data/ISIC_0014331.jpg,ISIC-2017_Training_Part1_GroundTruth/ISIC_0014331_segmentation.png
1430,test,ISIC_0000292,ISIC-2017_Training_Data/ISIC_0000292.jpg,ISIC-2017_Training_Part1_GroundTruth/ISIC_0000292_segmentation.png
1431,test,ISIC_0013398,ISIC-2017_Training_Data/ISIC_0013398.jpg,ISIC-2017_Training_Part1_GroundTruth/ISIC_0013398_segmentation.png
1432,test,ISIC_0014803,ISIC-2017_Training_Data/ISIC_0014803.jpg,ISIC-2017_Training_Part1_GroundTruth/ISIC_0014803_segmentation.png
1433,test,ISIC_0009977,ISIC-2017_Training_Data/ISIC_0009977.jpg,ISIC-2017_Training_Part1_GroundTruth/ISIC_0009977_segmentation.png
1434,test,ISIC_0000093,ISIC-2017_Training_Data/ISIC_0000093.jpg,ISIC-2017_Training_Part1_GroundTruth/ISIC_0000093_segmentation.png
1435,test,ISIC_0014026,ISIC-2017_Training_Data/ISIC_0014026.jpg,ISIC-2017_Training_Part1_GroundTruth/ISIC_0014026_segmentation.png
1436,test,ISIC_0014507,ISIC-2017_Training_Data/ISIC_0014507.jpg,ISIC-2017_Training_Part1_GroundTruth/ISIC_0014507_segmentation.png
1437,test,ISIC_0000550,ISIC-2017_Training_Data/ISIC_0000550.jpg,ISIC-2017_Training_Part1_GroundTruth/ISIC_0000550_segmentation.png
1438,test,ISIC_0000127,ISIC-2017_Training_Data/ISIC_0000127.jpg,ISIC-2017_Training_Part1_GroundTruth/ISIC_0000127_segmentation.png
1439,test,ISIC_0000378,ISIC-2017_Training_Data/ISIC_0000378.jpg,ISIC-2017_Training_Part1_GroundTruth/ISIC_0000378_segmentation.png
1440,test,ISIC_0012793,ISIC-2017_Training_Data/ISIC_0012793.jpg,ISIC-2017_Training_Part1_GroundTruth/ISIC_0012793_segmentation.png
1441,test,ISIC_0000418,ISIC-2017_Training_Data/ISIC_0000418.jpg,ISIC-2017_Training_Part1_GroundTruth/ISIC_0000418_segmentation.png
1442,test,ISIC_0013772,ISIC-2017_Training_Data/ISIC_0013772.jpg,ISIC-2017_Training_Part1_GroundTruth/ISIC_0013772_segmentation.png
1443,test,ISIC_0002251,ISIC-2017_Training_Data/ISIC_0002251.jpg,ISIC-2017_Training_Part1_GroundTruth/ISIC_0002251_segmentation.png
1444,test,ISIC_0002453,ISIC-2017_Training_Data/ISIC_0002453.jpg,ISIC-2017_Training_Part1_GroundTruth/ISIC_0002453_segmentation.png
1445,test,ISIC_0009940,ISIC-2017_Training_Data/ISIC_0009940.jpg,ISIC-2017_Training_Part1_GroundTruth/ISIC_0009940_segmentation.png
1446,test,ISIC_0013480,ISIC-2017_Training_Data/ISIC_0013480.jpg,ISIC-2017_Training_Part1_GroundTruth/ISIC_0013480_segmentation.png
1447,test,ISIC_0010051,ISIC-2017_Training_Data/ISIC_0010051.jpg,ISIC-2017_Training_Part1_GroundTruth/ISIC_0010051_segmentation.png
1448,test,ISIC_0013383,ISIC-2017_Training_Data/ISIC_0013383.jpg,ISIC-2017_Training_Part1_GroundTruth/ISIC_0013383_segmentation.png
1449,test,ISIC_0010205,ISIC-2017_Training_Data/ISIC_0010205.jpg,ISIC-2017_Training_Part1_GroundTruth/ISIC_0010205_segmentation.png
1450,test,ISIC_0010362,ISIC-2017_Training_Data/ISIC_0010362.jpg,ISIC-2017_Training_Part1_GroundTruth/ISIC_0010362_segmentation.png
1451,test,ISIC_0012851,ISIC-2017_Training_Data/ISIC_0012851.jpg,ISIC-2017_Training_Part1_GroundTruth/ISIC_0012851_segmentation.png
1452,test,ISIC_0013053,ISIC-2017_Training_Data/ISIC_0013053.jpg,ISIC-2017_Training_Part1_GroundTruth/ISIC_0013053_segmentation.png
1453,test,ISIC_0003346,ISIC-2017_Training_Data/ISIC_0003346.jpg,ISIC-2017_Training_Part1_GroundTruth/ISIC_0003346_segmentation.png
1454,test,ISIC_0014081,ISIC-2017_Training_Data/ISIC_0014081.jpg,ISIC-2017_Training_Part1_GroundTruth/ISIC_0014081_segmentation.png
1455,test,ISIC_0014049,ISIC-2017_Training_Data/ISIC_0014049.jpg,ISIC-2017_Training_Part1_GroundTruth/ISIC_0014049_segmentation.png
1456,test,ISIC_0010241,ISIC-2017_Training_Data/ISIC_0010241.jpg,ISIC-2017_Training_Part1_GroundTruth/ISIC_0010241_segmentation.png
1457,test,ISIC_0012835,ISIC-2017_Training_Data/ISIC_0012835.jpg,ISIC-2017_Training_Part1_GroundTruth/ISIC_0012835_segmentation.png
1458,test,ISIC_0000403,ISIC-2017_Training_Data/ISIC_0000403.jpg,ISIC-2017_Training_Part1_GroundTruth/ISIC_0000403_segmentation.png
1459,test,ISIC_0013667,ISIC-2017_Training_Data/ISIC_0013667.jpg,ISIC-2017_Training_Part1_GroundTruth/ISIC_0013667_segmentation.png
1460,test,ISIC_0012360,ISIC-2017_Training_Data/ISIC_0012360.jpg,ISIC-2017_Training_Part1_GroundTruth/ISIC_0012360_segmentation.png
1461,test,ISIC_0014072,ISIC-2017_Training_Data/ISIC_0014072.jpg,ISIC-2017_Training_Part1_GroundTruth/ISIC_0014072_segmentation.png
1462,test,ISIC_0013639,ISIC-2017_Training_Data/ISIC_0013639.jpg,ISIC-2017_Training_Part1_GroundTruth/ISIC_0013639_segmentation.png
1463,test,ISIC_0012549,ISIC-2017_Training_Data/ISIC_0012549.jpg,ISIC-2017_Training_Part1_GroundTruth/ISIC_0012549_segmentation.png
1464,test,ISIC_0009945,ISIC-2017_Training_Data/ISIC_0009945.jpg,ISIC-2017_Training_Part1_GroundTruth/ISIC_0009945_segmentation.png
1465,test,ISIC_0010093,ISIC-2017_Training_Data/ISIC_0010093.jpg,ISIC-2017_Training_Part1_GroundTruth/ISIC_0010093_segmentation.png
1466,test,ISIC_0009961,ISIC-2017_Training_Data/ISIC_0009961.jpg,ISIC-2017_Training_Part1_GroundTruth/ISIC_0009961_segmentation.png
1467,test,ISIC_0013958,ISIC-2017_Training_Data/ISIC_0013958.jpg,ISIC-2017_Training_Part1_GroundTruth/ISIC_0013958_segmentation.png
1468,test,ISIC_0006711,ISIC-2017_Training_Data/ISIC_0006711.jpg,ISIC-2017_Training_Part1_GroundTruth/ISIC_0006711_segmentation.png
1469,test,ISIC_0000513,ISIC-2017_Training_Data/ISIC_0000513.jpg,ISIC-2017_Training_Part1_GroundTruth/ISIC_0000513_segmentation.png
1470,test,ISIC_0000268,ISIC-2017_Training_Data/ISIC_0000268.jpg,ISIC-2017_Training_Part1_GroundTruth/ISIC_0000268_segmentation.png
1471,test,ISIC_0012804,ISIC-2017_Training_Data/ISIC_0012804.jpg,ISIC-2017_Training_Part1_GroundTruth/ISIC_0012804_segmentation.png
1472,test,ISIC_0012217,ISIC-2017_Training_Data/ISIC_0012217.jpg,ISIC-2017_Training_Part1_GroundTruth/ISIC_0012217_segmentation.png
1473,test,ISIC_0000231,ISIC-2017_Training_Data/ISIC_0000231.jpg,ISIC-2017_Training_Part1_GroundTruth/ISIC_0000231_segmentation.png
1474,test,ISIC_0014911,ISIC-2017_Training_Data/ISIC_0014911.jpg,ISIC-2017_Training_Part1_GroundTruth/ISIC_0014911_segmentation.png
1475,test,ISIC_0012339,ISIC-2017_Training_Data/ISIC_0012339.jpg,ISIC-2017_Training_Part1_GroundTruth/ISIC_0012339_segmentation.png
1476,test,ISIC_0000442,ISIC-2017_Training_Data/ISIC_0000442.jpg,ISIC-2017_Training_Part1_GroundTruth/ISIC_0000442_segmentation.png
1477,test,ISIC_0014713,ISIC-2017_Training_Data/ISIC_0014713.jpg,ISIC-2017_Training_Part1_GroundTruth/ISIC_0014713_segmentation.png
1478,test,ISIC_0000181,ISIC-2017_Training_Data/ISIC_0000181.jpg,ISIC-2017_Training_Part1_GroundTruth/ISIC_0000181_segmentation.png
1479,test,ISIC_0000275,ISIC-2017_Training_Data/ISIC_0000275.jpg,ISIC-2017_Training_Part1_GroundTruth/ISIC_0000275_segmentation.png
1480,test,ISIC_0009875,ISIC-2017_Training_Data/ISIC_0009875.jpg,ISIC-2017_Training_Part1_GroundTruth/ISIC_0009875_segmentation.png
1481,test,ISIC_0010864,ISIC-2017_Training_Data/ISIC_0010864.jpg,ISIC-2017_Training_Part1_GroundTruth/ISIC_0010864_segmentation.png
1482,test,ISIC_0000172,ISIC-2017_Training_Data/ISIC_0000172.jpg,ISIC-2017_Training_Part1_GroundTruth/ISIC_0000172_segmentation.png
1483,test,ISIC_0013200,ISIC-2017_Training_Data/ISIC_0013200.jpg,ISIC-2017_Training_Part1_GroundTruth/ISIC_0013200_segmentation.png
1484,test,ISIC_0011097,ISIC-2017_Training_Data/ISIC_0011097.jpg,ISIC-2017_Training_Part1_GroundTruth/ISIC_0011097_segmentation.png
1485,test,ISIC_0013568,ISIC-2017_Training_Data/ISIC_0013568.jpg,ISIC-2017_Training_Part1_GroundTruth/ISIC_0013568_segmentation.png
1486,test,ISIC_0000137,ISIC-2017_Training_Data/ISIC_0000137.jpg,ISIC-2017_Training_Part1_GroundTruth/ISIC_0000137_segmentation.png
1487,test,ISIC_0012230,ISIC-2017_Training_Data/ISIC_0012230.jpg,ISIC-2017_Training_Part1_GroundTruth/ISIC_0012230_segmentation.png
1488,test,ISIC_0000350,ISIC-2017_Training_Data/ISIC_0000350.jpg,ISIC-2017_Training_Part1_GroundTruth/ISIC_0000350_segmentation.png
1489,test,ISIC_0015005,ISIC-2017_Training_Data/ISIC_0015005.jpg,ISIC-2017_Training_Part1_GroundTruth/ISIC_0015005_segmentation.png
1490,test,ISIC_0012663,ISIC-2017_Training_Data/ISIC_0012663.jpg,ISIC-2017_Training_Part1_GroundTruth/ISIC_0012663_segmentation.png
1491,test,ISIC_0000298,ISIC-2017_Training_Data/ISIC_0000298.jpg,ISIC-2017_Training_Part1_GroundTruth/ISIC_0000298_segmentation.png
1492,test,ISIC_0000527,ISIC-2017_Training_Data/ISIC_0000527.jpg,ISIC-2017_Training_Part1_GroundTruth/ISIC_0000527_segmentation.png
1493,test,ISIC_0011167,ISIC-2017_Training_Data/ISIC_0011167.jpg,ISIC-2017_Training_Part1_GroundTruth/ISIC_0011167_segmentation.png
1494,test,ISIC_0012253,ISIC-2017_Training_Data/ISIC_0012253.jpg,ISIC-2017_Training_Part1_GroundTruth/ISIC_0012253_segmentation.png
1495,test,ISIC_0013213,ISIC-2017_Training_Data/ISIC_0013213.jpg,ISIC-2017_Training_Part1_GroundTruth/ISIC_0013213_segmentation.png
1496,test,ISIC_0010466,ISIC-2017_Training_Data/ISIC_0010466.jpg,ISIC-2017_Training_Part1_GroundTruth/ISIC_0010466_segmentation.png
1497,test,ISIC_0012450,ISIC-2017_Training_Data/ISIC_0012450.jpg,ISIC-2017_Training_Part1_GroundTruth/ISIC_0012450_segmentation.png
1498,test,ISIC_0000540,ISIC-2017_Training_Data/ISIC_0000540.jpg,ISIC-2017_Training_Part1_GroundTruth/ISIC_0000540_segmentation.png
1499,test,ISIC_0000456,ISIC-2017_Training_Data/ISIC_0000456.jpg,ISIC-2017_Training_Part1_GroundTruth/ISIC_0000456_segmentation.png
1500,test,ISIC_0014838,ISIC-2017_Training_Data/ISIC_0014838.jpg,ISIC-2017_Training_Part1_GroundTruth/ISIC_0014838_segmentation.png
1501,test,ISIC_0013778,ISIC-2017_Training_Data/ISIC_0013778.jpg,ISIC-2017_Training_Part1_GroundTruth/ISIC_0013778_segmentation.png
1502,test,ISIC_0009982,ISIC-2017_Training_Data/ISIC_0009982.jpg,ISIC-2017_Training_Part1_GroundTruth/ISIC_0009982_segmentation.png
1503,test,ISIC_0013329,ISIC-2017_Training_Data/ISIC_0013329.jpg,ISIC-2017_Training_Part1_GroundTruth/ISIC_0013329_segmentation.png
1504,test,ISIC_0012384,ISIC-2017_Training_Data/ISIC_0012384.jpg,ISIC-2017_Training_Part1_GroundTruth/ISIC_0012384_segmentation.png
1505,test,ISIC_0014794,ISIC-2017_Training_Data/ISIC_0014794.jpg,ISIC-2017_Training_Part1_GroundTruth/ISIC_0014794_segmentation.png
1506,test,ISIC_0012679,ISIC-2017_Training_Data/ISIC_0012679.jpg,ISIC-2017_Training_Part1_GroundTruth/ISIC_0012679_segmentation.png
1507,test,ISIC_0009966,ISIC-2017_Training_Data/ISIC_0009966.jpg,ISIC-2017_Training_Part1_GroundTruth/ISIC_0009966_segmentation.png
1508,test,ISIC_0014092,ISIC-2017_Training_Data/ISIC_0014092.jpg,ISIC-2017_Training_Part1_GroundTruth/ISIC_0014092_segmentation.png
1509,test,ISIC_0014812,ISIC-2017_Training_Data/ISIC_0014812.jpg,ISIC-2017_Training_Part1_GroundTruth/ISIC_0014812_segmentation.png
1510,test,ISIC_0013910,ISIC-2017_Training_Data/ISIC_0013910.jpg,ISIC-2017_Training_Part1_GroundTruth/ISIC_0013910_segmentation.png
1511,test,ISIC_0015006,ISIC-2017_Training_Data/ISIC_0015006.jpg,ISIC-2017_Training_Part1_GroundTruth/ISIC_0015006_segmentation.png
1512,test,ISIC_0012259,ISIC-2017_Training_Data/ISIC_0012259.jpg,ISIC-2017_Training_Part1_GroundTruth/ISIC_0012259_segmentation.png
1513,test,ISIC_0000500,ISIC-2017_Training_Data/ISIC_0000500.jpg,ISIC-2017_Training_Part1_GroundTruth/ISIC_0000500_segmentation.png
1514,test,ISIC_0000289,ISIC-2017_Training_Data/ISIC_0000289.jpg,ISIC-2017_Training_Part1_GroundTruth/ISIC_0000289_segmentation.png
1515,test,ISIC_0000110,ISIC-2017_Training_Data/ISIC_0000110.jpg,ISIC-2017_Training_Part1_GroundTruth/ISIC_0000110_segmentation.png
1516,test,ISIC_0009035,ISIC-2017_Training_Data/ISIC_0009035.jpg,ISIC-2017_Training_Part1_GroundTruth/ISIC_0009035_segmentation.png
1517,test,ISIC_0014834,ISIC-2017_Training_Data/ISIC_0014834.jpg,ISIC-2017_Training_Part1_GroundTruth/ISIC_0014834_segmentation.png
1518,test,ISIC_0010861,ISIC-2017_Training_Data/ISIC_0010861.jpg,ISIC-2017_Training_Part1_GroundTruth/ISIC_0010861_segmentation.png
1519,test,ISIC_0014169,ISIC-2017_Training_Data/ISIC_0014169.jpg,ISIC-2017_Training_Part1_GroundTruth/ISIC_0014169_segmentation.png
1520,test,ISIC_0011157,ISIC-2017_Training_Data/ISIC_0011157.jpg,ISIC-2017_Training_Part1_GroundTruth/ISIC_0011157_segmentation.png
1521,test,ISIC_0000486,ISIC-2017_Training_Data/ISIC_0000486.jpg,ISIC-2017_Training_Part1_GroundTruth/ISIC_0000486_segmentation.png
1522,test,ISIC_0014238,ISIC-2017_Training_Data/ISIC_0014238.jpg,ISIC-2017_Training_Part1_GroundTruth/ISIC_0014238_segmentation.png
1523,test,ISIC_0000026,ISIC-2017_Training_Data/ISIC_0000026.jpg,ISIC-2017_Training_Part1_GroundTruth/ISIC_0000026_segmentation.png
1524,test,ISIC_0010562,ISIC-2017_Training_Data/ISIC_0010562.jpg,ISIC-2017_Training_Part1_GroundTruth/ISIC_0010562_segmentation.png
1525,test,ISIC_0013141,ISIC-2017_Training_Data/ISIC_0013141.jpg,ISIC-2017_Training_Part1_GroundTruth/ISIC_0013141_segmentation.png
1526,test,ISIC_0012511,ISIC-2017_Training_Data/ISIC_0012511.jpg,ISIC-2017_Training_Part1_GroundTruth/ISIC_0012511_segmentation.png
1527,test,ISIC_0014132,ISIC-2017_Training_Data/ISIC_0014132.jpg,ISIC-2017_Training_Part1_GroundTruth/ISIC_0014132_segmentation.png
1528,test,ISIC_0013438,ISIC-2017_Training_Data/ISIC_0013438.jpg,ISIC-2017_Training_Part1_GroundTruth/ISIC_0013438_segmentation.png
1529,test,ISIC_0014831,ISIC-2017_Training_Data/ISIC_0014831.jpg,ISIC-2017_Training_Part1_GroundTruth/ISIC_0014831_segmentation.png
1530,test,ISIC_0013688,ISIC-2017_Training_Data/ISIC_0013688.jpg,ISIC-2017_Training_Part1_GroundTruth/ISIC_0013688_segmentation.png
1531,test,ISIC_0000518,ISIC-2017_Training_Data/ISIC_0000518.jpg,ISIC-2017_Training_Part1_GroundTruth/ISIC_0000518_segmentation.png
1532,test,ISIC_0014731,ISIC-2017_Training_Data/ISIC_0014731.jpg,ISIC-2017_Training_Part1_GroundTruth/ISIC_0014731_segmentation.png
1533,test,ISIC_0009951,ISIC-2017_Training_Data/ISIC_0009951.jpg,ISIC-2017_Training_Part1_GroundTruth/ISIC_0009951_segmentation.png
1534,test,ISIC_0012391,ISIC-2017_Training_Data/ISIC_0012391.jpg,ISIC-2017_Training_Part1_GroundTruth/ISIC_0012391_segmentation.png
1535,test,ISIC_0013190,ISIC-2017_Training_Data/ISIC_0013190.jpg,ISIC-2017_Training_Part1_GroundTruth/ISIC_0013190_segmentation.png
1536,test,ISIC_0011310,ISIC-2017_Training_Data/ISIC_0011310.jpg,ISIC-2017_Training_Part1_GroundTruth/ISIC_0011310_segmentation.png
1537,test,ISIC_0010565,ISIC-2017_Training_Data/ISIC_0010565.jpg,ISIC-2017_Training_Part1_GroundTruth/ISIC_0010565_segmentation.png
1538,test,ISIC_0011161,ISIC-2017_Training_Data/ISIC_0011161.jpg,ISIC-2017_Training_Part1_GroundTruth/ISIC_0011161_segmentation.png
1539,test,ISIC_0000346,ISIC-2017_Training_Data/ISIC_0000346.jpg,ISIC-2017_Training_Part1_GroundTruth/ISIC_0000346_segmentation.png
1540,test,ISIC_0000317,ISIC-2017_Training_Data/ISIC_0000317.jpg,ISIC-2017_Training_Part1_GroundTruth/ISIC_0000317_segmentation.png
1541,test,ISIC_0012435,ISIC-2017_Training_Data/ISIC_0012435.jpg,ISIC-2017_Training_Part1_GroundTruth/ISIC_0012435_segmentation.png
1542,test,ISIC_0012976,ISIC-2017_Training_Data/ISIC_0012976.jpg,ISIC-2017_Training_Part1_GroundTruth/ISIC_0012976_segmentation.png
1543,test,ISIC_0012342,ISIC-2017_Training_Data/ISIC_0012342.jpg,ISIC-2017_Training_Part1_GroundTruth/ISIC_0012342_segmentation.png
1544,test,ISIC_0011321,ISIC-2017_Training_Data/ISIC_0011321.jpg,ISIC-2017_Training_Part1_GroundTruth/ISIC_0011321_segmentation.png
1545,test,ISIC_0012949,ISIC-2017_Training_Data/ISIC_0012949.jpg,ISIC-2017_Training_Part1_GroundTruth/ISIC_0012949_segmentation.png
1546,test,ISIC_0014004,ISIC-2017_Training_Data/ISIC_0014004.jpg,ISIC-2017_Training_Part1_GroundTruth/ISIC_0014004_segmentation.png
1547,test,ISIC_0014073,ISIC-2017_Training_Data/ISIC_0014073.jpg,ISIC-2017_Training_Part1_GroundTruth/ISIC_0014073_segmentation.png
1548,test,ISIC_0009920,ISIC-2017_Training_Data/ISIC_0009920.jpg,ISIC-2017_Training_Part1_GroundTruth/ISIC_0009920_segmentation.png
1549,test,ISIC_0012214,ISIC-2017_Training_Data/ISIC_0012214.jpg,ISIC-2017_Training_Part1_GroundTruth/ISIC_0012214_segmentation.png
1550,test,ISIC_0000301,ISIC-2017_Training_Data/ISIC_0000301.jpg,ISIC-2017_Training_Part1_GroundTruth/ISIC_0000301_segmentation.png
1551,test,ISIC_0013181,ISIC-2017_Training_Data/ISIC_0013181.jpg,ISIC-2017_Training_Part1_GroundTruth/ISIC_0013181_segmentation.png
1552,test,ISIC_0013695,ISIC-2017_Training_Data/ISIC_0013695.jpg,ISIC-2017_Training_Part1_GroundTruth/ISIC_0013695_segmentation.png
1553,test,ISIC_0009881,ISIC-2017_Training_Data/ISIC_0009881.jpg,ISIC-2017_Training_Part1_GroundTruth/ISIC_0009881_segmentation.png
1554,test,ISIC_0011348,ISIC-2017_Training_Data/ISIC_0011348.jpg,ISIC-2017_Training_Part1_GroundTruth/ISIC_0011348_segmentation.png
1555,test,ISIC_0013288,ISIC-2017_Training_Data/ISIC_0013288.jpg,ISIC-2017_Training_Part1_GroundTruth/ISIC_0013288_segmentation.png
1556,test,ISIC_0014836,ISIC-2017_Training_Data/ISIC_0014836.jpg,ISIC-2017_Training_Part1_GroundTruth/ISIC_0014836_segmentation.png
1557,test,ISIC_0012520,ISIC-2017_Training_Data/ISIC_0012520.jpg,ISIC-2017_Training_Part1_GroundTruth/ISIC_0012520_segmentation.png
1558,test,ISIC_0013680,ISIC-2017_Training_Data/ISIC_0013680.jpg,ISIC-2017_Training_Part1_GroundTruth/ISIC_0013680_segmentation.png
1559,test,ISIC_0000147,ISIC-2017_Training_Data/ISIC_0000147.jpg,ISIC-2017_Training_Part1_GroundTruth/ISIC_0000147_segmentation.png
1560,test,ISIC_0014860,ISIC-2017_Training_Data/ISIC_0014860.jpg,ISIC-2017_Training_Part1_GroundTruth/ISIC_0014860_segmentation.png
1561,test,ISIC_0000256,ISIC-2017_Training_Data/ISIC_0000256.jpg,ISIC-2017_Training_Part1_GroundTruth/ISIC_0000256_segmentation.png
1562,test,ISIC_0014473,ISIC-2017_Training_Data/ISIC_0014473.jpg,ISIC-2017_Training_Part1_GroundTruth/ISIC_0014473_segmentation.png
1563,test,ISIC_0000431,ISIC-2017_Training_Data/ISIC_0000431.jpg,ISIC-2017_Training_Part1_GroundTruth/ISIC_0000431_segmentation.png
1564,test,ISIC_0000324,ISIC-2017_Training_Data/ISIC_0000324.jpg,ISIC-2017_Training_Part1_GroundTruth/ISIC_0000324_segmentation.png
1565,test,ISIC_0000030,ISIC-2017_Training_Data/ISIC_0000030.jpg,ISIC-2017_Training_Part1_GroundTruth/ISIC_0000030_segmentation.png
1566,test,ISIC_0013341,ISIC-2017_Training_Data/ISIC_0013341.jpg,ISIC-2017_Training_Part1_GroundTruth/ISIC_0013341_segmentation.png
1567,test,ISIC_0011219,ISIC-2017_Training_Data/ISIC_0011219.jpg,ISIC-2017_Training_Part1_GroundTruth/ISIC_0011219_segmentation.png
1568,test,ISIC_0014658,ISIC-2017_Training_Data/ISIC_0014658.jpg,ISIC-2017_Training_Part1_GroundTruth/ISIC_0014658_segmentation.png
1569,test,ISIC_0014769,ISIC-2017_Training_Data/ISIC_0014769.jpg,ISIC-2017_Training_Part1_GroundTruth/ISIC_0014769_segmentation.png
1570,test,ISIC_0001103,ISIC-2017_Training_Data/ISIC_0001103.jpg,ISIC-2017_Training_Part1_GroundTruth/ISIC_0001103_segmentation.png
1571,test,ISIC_0001118,ISIC-2017_Training_Data/ISIC_0001118.jpg,ISIC-2017_Training_Part1_GroundTruth/ISIC_0001118_segmentation.png
1572,test,ISIC_0007760,ISIC-2017_Training_Data/ISIC_0007760.jpg,ISIC-2017_Training_Part1_GroundTruth/ISIC_0007760_segmentation.png
1573,test,ISIC_0013238,ISIC-2017_Training_Data/ISIC_0013238.jpg,ISIC-2017_Training_Part1_GroundTruth/ISIC_0013238_segmentation.png
1574,test,ISIC_0000371,ISIC-2017_Training_Data/ISIC_0000371.jpg,ISIC-2017_Training_Part1_GroundTruth/ISIC_0000371_segmentation.png
1575,test,ISIC_0012298,ISIC-2017_Training_Data/ISIC_0012298.jpg,ISIC-2017_Training_Part1_GroundTruth/ISIC_0012298_segmentation.png
1576,test,ISIC_0013359,ISIC-2017_Training_Data/ISIC_0013359.jpg,ISIC-2017_Training_Part1_GroundTruth/ISIC_0013359_segmentation.png
1577,test,ISIC_0000020,ISIC-2017_Training_Data/ISIC_0000020.jpg,ISIC-2017_Training_Part1_GroundTruth/ISIC_0000020_segmentation.png
1578,test,ISIC_0013835,ISIC-2017_Training_Data/ISIC_0013835.jpg,ISIC-2017_Training_Part1_GroundTruth/ISIC_0013835_segmentation.png
1579,test,ISIC_0009932,ISIC-2017_Training_Data/ISIC_0009932.jpg,ISIC-2017_Training_Part1_GroundTruth/ISIC_0009932_segmentation.png
1580,test,ISIC_0013789,ISIC-2017_Training_Data/ISIC_0013789.jpg,ISIC-2017_Training_Part1_GroundTruth/ISIC_0013789_segmentation.png
1581,test,ISIC_0013879,ISIC-2017_Training_Data/ISIC_0013879.jpg,ISIC-2017_Training_Part1_GroundTruth/ISIC_0013879_segmentation.png
1582,test,ISIC_0014187,ISIC-2017_Training_Data/ISIC_0014187.jpg,ISIC-2017_Training_Part1_GroundTruth/ISIC_0014187_segmentation.png
1583,test,ISIC_0009873,ISIC-2017_Training_Data/ISIC_0009873.jpg,ISIC-2017_Training_Part1_GroundTruth/ISIC_0009873_segmentation.png
1584,test,ISIC_0013684,ISIC-2017_Training_Data/ISIC_0013684.jpg,ISIC-2017_Training_Part1_GroundTruth/ISIC_0013684_segmentation.png
1585,test,ISIC_0000555,ISIC-2017_Training_Data/ISIC_0000555.jpg,ISIC-2017_Training_Part1_GroundTruth/ISIC_0000555_segmentation.png
1586,test,ISIC_0010570,ISIC-2017_Training_Data/ISIC_0010570.jpg,ISIC-2017_Training_Part1_GroundTruth/ISIC_0010570_segmentation.png
1587,test,ISIC_0012294,ISIC-2017_Training_Data/ISIC_0012294.jpg,ISIC-2017_Training_Part1_GroundTruth/ISIC_0012294_segmentation.png
1588,test,ISIC_0000382,ISIC-2017_Training_Data/ISIC_0000382.jpg,ISIC-2017_Training_Part1_GroundTruth/ISIC_0000382_segmentation.png
1589,test,ISIC_0014891,ISIC-2017_Training_Data/ISIC_0014891.jpg,ISIC-2017_Training_Part1_GroundTruth/ISIC_0014891_segmentation.png
1590,test,ISIC_0010497,ISIC-2017_Training_Data/ISIC_0010497.jpg,ISIC-2017_Training_Part1_GroundTruth/ISIC_0010497_segmentation.png
1591,test,ISIC_0000523,ISIC-2017_Training_Data/ISIC_0000523.jpg,ISIC-2017_Training_Part1_GroundTruth/ISIC_0000523_segmentation.png
1592,test,ISIC_0013929,ISIC-2017_Training_Data/ISIC_0013929.jpg,ISIC-2017_Training_Part1_GroundTruth/ISIC_0013929_segmentation.png
1593,test,ISIC_0008396,ISIC-2017_Training_Data/ISIC_0008396.jpg,ISIC-2017_Training_Part1_GroundTruth/ISIC_0008396_segmentation.png
1594,test,ISIC_0014274,ISIC-2017_Training_Data/ISIC_0014274.jpg,ISIC-2017_Training_Part1_GroundTruth/ISIC_0014274_segmentation.png
1595,test,ISIC_0014502,ISIC-2017_Training_Data/ISIC_0014502.jpg,ISIC-2017_Training_Part1_GroundTruth/ISIC_0014502_segmentation.png
1596,test,ISIC_0014832,ISIC-2017_Training_Data/ISIC_0014832.jpg,ISIC-2017_Training_Part1_GroundTruth/ISIC_0014832_segmentation.png
1597,test,ISIC_0000328,ISIC-2017_Training_Data/ISIC_0000328.jpg,ISIC-2017_Training_Part1_GroundTruth/ISIC_0000328_segmentation.png
1598,test,ISIC_0014925,ISIC-2017_Training_Data/ISIC_0014925.jpg,ISIC-2017_Training_Part1_GroundTruth/ISIC_0014925_segmentation.png
1599,test,ISIC_0010173,ISIC-2017_Training_Data/ISIC_0010173.jpg,ISIC-2017_Training_Part1_GroundTruth/ISIC_0010173_segmentation.png
1600,test,ISIC_0012742,ISIC-2017_Training_Data/ISIC_0012742.jpg,ISIC-2017_Training_Part1_GroundTruth/ISIC_0012742_segmentation.png
1601,test,ISIC_0000521,ISIC-2017_Training_Data/ISIC_0000521.jpg,ISIC-2017_Training_Part1_GroundTruth/ISIC_0000521_segmentation.png
1602,test,ISIC_0013150,ISIC-2017_Training_Data/ISIC_0013150.jpg,ISIC-2017_Training_Part1_GroundTruth/ISIC_0013150_segmentation.png
1603,test,ISIC_0012150,ISIC-2017_Training_Data/ISIC_0012150.jpg,ISIC-2017_Training_Part1_GroundTruth/ISIC_0012150_segmentation.png
1604,test,ISIC_0014108,ISIC-2017_Training_Data/ISIC_0014108.jpg,ISIC-2017_Training_Part1_GroundTruth/ISIC_0014108_segmentation.png
1605,test,ISIC_0000552,ISIC-2017_Training_Data/ISIC_0000552.jpg,ISIC-2017_Training_Part1_GroundTruth/ISIC_0000552_segmentation.png
1606,test,ISIC_0010094,ISIC-2017_Training_Data/ISIC_0010094.jpg,ISIC-2017_Training_Part1_GroundTruth/ISIC_0010094_segmentation.png
1607,test,ISIC_0012381,ISIC-2017_Training_Data/ISIC_0012381.jpg,ISIC-2017_Training_Part1_GroundTruth/ISIC_0012381_segmentation.png
1608,test,ISIC_0010456,ISIC-2017_Training_Data/ISIC_0010456.jpg,ISIC-2017_Training_Part1_GroundTruth/ISIC_0010456_segmentation.png
1609,test,ISIC_0012950,ISIC-2017_Training_Data/ISIC_0012950.jpg,ISIC-2017_Training_Part1_GroundTruth/ISIC_0012950_segmentation.png
1610,test,ISIC_0013244,ISIC-2017_Training_Data/ISIC_0013244.jpg,ISIC-2017_Training_Part1_GroundTruth/ISIC_0013244_segmentation.png
1611,test,ISIC_0012473,ISIC-2017_Training_Data/ISIC_0012473.jpg,ISIC-2017_Training_Part1_GroundTruth/ISIC_0012473_segmentation.png
1612,test,ISIC_0000224,ISIC-2017_Training_Data/ISIC_0000224.jpg,ISIC-2017_Training_Part1_GroundTruth/ISIC_0000224_segmentation.png
1613,test,ISIC_0011317,ISIC-2017_Training_Data/ISIC_0011317.jpg,ISIC-2017_Training_Part1_GroundTruth/ISIC_0011317_segmentation.png
1614,test,ISIC_0012097,ISIC-2017_Training_Data/ISIC_0012097.jpg,ISIC-2017_Training_Part1_GroundTruth/ISIC_0012097_segmentation.png
1615,test,ISIC_0013674,ISIC-2017_Training_Data/ISIC_0013674.jpg,ISIC-2017_Training_Part1_GroundTruth/ISIC_0013674_segmentation.png
1616,test,ISIC_0013691,ISIC-2017_Training_Data/ISIC_0013691.jpg,ISIC-2017_Training_Part1_GroundTruth/ISIC_0013691_segmentation.png
1617,test,ISIC_0000451,ISIC-2017_Training_Data/ISIC_0000451.jpg,ISIC-2017_Training_Part1_GroundTruth/ISIC_0000451_segmentation.png
1618,test,ISIC_0000149,ISIC-2017_Training_Data/ISIC_0000149.jpg,ISIC-2017_Training_Part1_GroundTruth/ISIC_0000149_segmentation.png
1619,test,ISIC_0000258,ISIC-2017_Training_Data/ISIC_0000258.jpg,ISIC-2017_Training_Part1_GroundTruth/ISIC_0000258_segmentation.png
1620,test,ISIC_0012702,ISIC-2017_Training_Data/ISIC_0012702.jpg,ISIC-2017_Training_Part1_GroundTruth/ISIC_0012702_segmentation.png
1621,test,ISIC_0013807,ISIC-2017_Training_Data/ISIC_0013807.jpg,ISIC-2017_Training_Part1_GroundTruth/ISIC_0013807_segmentation.png
1622,test,ISIC_0013306,ISIC-2017_Training_Data/ISIC_0013306.jpg,ISIC-2017_Training_Part1_GroundTruth/ISIC_0013306_segmentation.png
1623,test,ISIC_0010492,ISIC-2017_Training_Data/ISIC_0010492.jpg,ISIC-2017_Training_Part1_GroundTruth/ISIC_0010492_segmentation.png
1624,test,ISIC_0002616,ISIC-2017_Training_Data/ISIC_0002616.jpg,ISIC-2017_Training_Part1_GroundTruth/ISIC_0002616_segmentation.png
1625,test,ISIC_0000014,ISIC-2017_Training_Data/ISIC_0000014.jpg,ISIC-2017_Training_Part1_GroundTruth/ISIC_0000014_segmentation.png
1626,test,ISIC_0015110,ISIC-2017_Training_Data/ISIC_0015110.jpg,ISIC-2017_Training_Part1_GroundTruth/ISIC_0015110_segmentation.png
1627,test,ISIC_0013606,ISIC-2017_Training_Data/ISIC_0013606.jpg,ISIC-2017_Training_Part1_GroundTruth/ISIC_0013606_segmentation.png
1628,test,ISIC_0014248,ISIC-2017_Training_Data/ISIC_0014248.jpg,ISIC-2017_Training_Part1_GroundTruth/ISIC_0014248_segmentation.png
1629,test,ISIC_0009931,ISIC-2017_Training_Data/ISIC_0009931.jpg,ISIC-2017_Training_Part1_GroundTruth/ISIC_0009931_segmentation.png
1630,test,ISIC_0000216,ISIC-2017_Training_Data/ISIC_0000216.jpg,ISIC-2017_Training_Part1_GroundTruth/ISIC_0000216_segmentation.png
1631,test,ISIC_0012501,ISIC-2017_Training_Data/ISIC_0012501.jpg,ISIC-2017_Training_Part1_GroundTruth/ISIC_0012501_segmentation.png
1632,test,ISIC_0011171,ISIC-2017_Training_Data/ISIC_0011171.jpg,ISIC-2017_Training_Part1_GroundTruth/ISIC_0011171_segmentation.png
1633,test,ISIC_0000136,ISIC-2017_Training_Data/ISIC_0000136.jpg,ISIC-2017_Training_Part1_GroundTruth/ISIC_0000136_segmentation.png
1634,test,ISIC_0012299,ISIC-2017_Training_Data/ISIC_0012299.jpg,ISIC-2017_Training_Part1_GroundTruth/ISIC_0012299_segmentation.png
1635,test,ISIC_0011131,ISIC-2017_Training_Data/ISIC_0011131.jpg,ISIC-2017_Training_Part1_GroundTruth/ISIC_0011131_segmentation.png
1636,test,ISIC_0010862,ISIC-2017_Training_Data/ISIC_0010862.jpg,ISIC-2017_Training_Part1_GroundTruth/ISIC_0010862_segmentation.png
1637,test,ISIC_0013594,ISIC-2017_Training_Data/ISIC_0013594.jpg,ISIC-2017_Training_Part1_GroundTruth/ISIC_0013594_segmentation.png
1638,test,ISIC_0000508,ISIC-2017_Training_Data/ISIC_0000508.jpg,ISIC-2017_Training_Part1_GroundTruth/ISIC_0000508_segmentation.png
1639,test,ISIC_0001960,ISIC-2017_Training_Data/ISIC_0001960.jpg,ISIC-2017_Training_Part1_GroundTruth/ISIC_0001960_segmentation.png
1640,test,ISIC_0000494,ISIC-2017_Training_Data/ISIC_0000494.jpg,ISIC-2017_Training_Part1_GroundTruth/ISIC_0000494_segmentation.png
1641,test,ISIC_0012699,ISIC-2017_Training_Data/ISIC_0012699.jpg,ISIC-2017_Training_Part1_GroundTruth/ISIC_0012699_segmentation.png
1642,test,ISIC_0010493,ISIC-2017_Training_Data/ISIC_0010493.jpg,ISIC-2017_Training_Part1_GroundTruth/ISIC_0010493_segmentation.png
1643,test,ISIC_0014783,ISIC-2017_Training_Data/ISIC_0014783.jpg,ISIC-2017_Training_Part1_GroundTruth/ISIC_0014783_segmentation.png
1644,test,ISIC_0000254,ISIC-2017_Training_Data/ISIC_0000254.jpg,ISIC-2017_Training_Part1_GroundTruth/ISIC_0000254_segmentation.png
1645,test,ISIC_0012478,ISIC-2017_Training_Data/ISIC_0012478.jpg,ISIC-2017_Training_Part1_GroundTruth/ISIC_0012478_segmentation.png
1646,test,ISIC_0014431,ISIC-2017_Training_Data/ISIC_0014431.jpg,ISIC-2017_Training_Part1_GroundTruth/ISIC_0014431_segmentation.png
1647,test,ISIC_0014328,ISIC-2017_Training_Data/ISIC_0014328.jpg,ISIC-2017_Training_Part1_GroundTruth/ISIC_0014328_segmentation.png
1648,test,ISIC_0000501,ISIC-2017_Training_Data/ISIC_0000501.jpg,ISIC-2017_Training_Part1_GroundTruth/ISIC_0000501_segmentation.png
1649,test,ISIC_0000358,ISIC-2017_Training_Data/ISIC_0000358.jpg,ISIC-2017_Training_Part1_GroundTruth/ISIC_0000358_segmentation.png
1650,test,ISIC_0014869,ISIC-2017_Training_Data/ISIC_0014869.jpg,ISIC-2017_Training_Part1_GroundTruth/ISIC_0014869_segmentation.png
1651,test,ISIC_0012228,ISIC-2017_Training_Data/ISIC_0012228.jpg,ISIC-2017_Training_Part1_GroundTruth/ISIC_0012228_segmentation.png
1652,test,ISIC_0000466,ISIC-2017_Training_Data/ISIC_0000466.jpg,ISIC-2017_Training_Part1_GroundTruth/ISIC_0000466_segmentation.png
1653,test,ISIC_0000142,ISIC-2017_Training_Data/ISIC_0000142.jpg,ISIC-2017_Training_Part1_GroundTruth/ISIC_0000142_segmentation.png
1654,test,ISIC_0000493,ISIC-2017_Training_Data/ISIC_0000493.jpg,ISIC-2017_Training_Part1_GroundTruth/ISIC_0000493_segmentation.png
1655,test,ISIC_0010480,ISIC-2017_Training_Data/ISIC_0010480.jpg,ISIC-2017_Training_Part1_GroundTruth/ISIC_0010480_segmentation.png
1656,test,ISIC_0012333,ISIC-2017_Training_Data/ISIC_0012333.jpg,ISIC-2017_Training_Part1_GroundTruth/ISIC_0012333_segmentation.png
1657,test,ISIC_0012744,ISIC-2017_Training_Data/ISIC_0012744.jpg,ISIC-2017_Training_Part1_GroundTruth/ISIC_0012744_segmentation.png
1658,test,ISIC_0014372,ISIC-2017_Training_Data/ISIC_0014372.jpg,ISIC-2017_Training_Part1_GroundTruth/ISIC_0014372_segmentation.png
1659,test,ISIC_0013370,ISIC-2017_Training_Data/ISIC_0013370.jpg,ISIC-2017_Training_Part1_GroundTruth/ISIC_0013370_segmentation.png
1660,test,ISIC_0000551,ISIC-2017_Training_Data/ISIC_0000551.jpg,ISIC-2017_Training_Part1_GroundTruth/ISIC_0000551_segmentation.png
1661,test,ISIC_0010329,ISIC-2017_Training_Data/ISIC_0010329.jpg,ISIC-2017_Training_Part1_GroundTruth/ISIC_0010329_segmentation.png
1662,test,ISIC_0010185,ISIC-2017_Training_Data/ISIC_0010185.jpg,ISIC-2017_Training_Part1_GroundTruth/ISIC_0010185_segmentation.png
1663,test,ISIC_0000211,ISIC-2017_Training_Data/ISIC_0000211.jpg,ISIC-2017_Training_Part1_GroundTruth/ISIC_0000211_segmentation.png
1664,test,ISIC_0013311,ISIC-2017_Training_Data/ISIC_0013311.jpg,ISIC-2017_Training_Part1_GroundTruth/ISIC_0013311_segmentation.png
1665,test,ISIC_0010206,ISIC-2017_Training_Data/ISIC_0010206.jpg,ISIC-2017_Training_Part1_GroundTruth/ISIC_0010206_segmentation.png
1666,test,ISIC_0014346,ISIC-2017_Training_Data/ISIC_0014346.jpg,ISIC-2017_Training_Part1_GroundTruth/ISIC_0014346_segmentation.png
1667,test,ISIC_0000496,ISIC-2017_Training_Data/ISIC_0000496.jpg,ISIC-2017_Training_Part1_GroundTruth/ISIC_0000496_segmentation.png
1668,test,ISIC_0014770,ISIC-2017_Training_Data/ISIC_0014770.jpg,ISIC-2017_Training_Part1_GroundTruth/ISIC_0014770_segmentation.png
1669,test,ISIC_0013567,ISIC-2017_Training_Data/ISIC_0013567.jpg,ISIC-2017_Training_Part1_GroundTruth/ISIC_0013567_segmentation.png
1670,test,ISIC_0014782,ISIC-2017_Training_Data/ISIC_0014782.jpg,ISIC-2017_Training_Part1_GroundTruth/ISIC_0014782_segmentation.png
1671,test,ISIC_0013490,ISIC-2017_Training_Data/ISIC_0013490.jpg,ISIC-2017_Training_Part1_GroundTruth/ISIC_0013490_segmentation.png
1672,test,ISIC_0013656,ISIC-2017_Training_Data/ISIC_0013656.jpg,ISIC-2017_Training_Part1_GroundTruth/ISIC_0013656_segmentation.png
1673,test,ISIC_0009968,ISIC-2017_Training_Data/ISIC_0009968.jpg,ISIC-2017_Training_Part1_GroundTruth/ISIC_0009968_segmentation.png
1674,test,ISIC_0000302,ISIC-2017_Training_Data/ISIC_0000302.jpg,ISIC-2017_Training_Part1_GroundTruth/ISIC_0000302_segmentation.png
1675,test,ISIC_0011217,ISIC-2017_Training_Data/ISIC_0011217.jpg,ISIC-2017_Training_Part1_GroundTruth/ISIC_0011217_segmentation.png
1676,test,ISIC_0013946,ISIC-2017_Training_Data/ISIC_0013946.jpg,ISIC-2017_Training_Part1_GroundTruth/ISIC_0013946_segmentation.png
1677,test,ISIC_0010477,ISIC-2017_Training_Data/ISIC_0010477.jpg,ISIC-2017_Training_Part1_GroundTruth/ISIC_0010477_segmentation.png
1678,test,ISIC_0010016,ISIC-2017_Training_Data/ISIC_0010016.jpg,ISIC-2017_Training_Part1_GroundTruth/ISIC_0010016_segmentation.png
1679,test,ISIC_0013219,ISIC-2017_Training_Data/ISIC_0013219.jpg,ISIC-2017_Training_Part1_GroundTruth/ISIC_0013219_segmentation.png
1680,test,ISIC_0013056,ISIC-2017_Training_Data/ISIC_0013056.jpg,ISIC-2017_Training_Part1_GroundTruth/ISIC_0013056_segmentation.png
1681,test,ISIC_0014263,ISIC-2017_Training_Data/ISIC_0014263.jpg,ISIC-2017_Training_Part1_GroundTruth/ISIC_0014263_segmentation.png
1682,test,ISIC_0015166,ISIC-2017_Training_Data/ISIC_0015166.jpg,ISIC-2017_Training_Part1_GroundTruth/ISIC_0015166_segmentation.png
1683,test,ISIC_0013400,ISIC-2017_Training_Data/ISIC_0013400.jpg,ISIC-2017_Training_Part1_GroundTruth/ISIC_0013400_segmentation.png
1684,test,ISIC_0000264,ISIC-2017_Training_Data/ISIC_0000264.jpg,ISIC-2017_Training_Part1_GroundTruth/ISIC_0000264_segmentation.png
1685,test,ISIC_0013942,ISIC-2017_Training_Data/ISIC_0013942.jpg,ISIC-2017_Training_Part1_GroundTruth/ISIC_0013942_segmentation.png
1686,test,ISIC_0000277,ISIC-2017_Training_Data/ISIC_0000277.jpg,ISIC-2017_Training_Part1_GroundTruth/ISIC_0000277_segmentation.png
1687,test,ISIC_0013394,ISIC-2017_Training_Data/ISIC_0013394.jpg,ISIC-2017_Training_Part1_GroundTruth/ISIC_0013394_segmentation.png
1688,test,ISIC_0010857,ISIC-2017_Training_Data/ISIC_0010857.jpg,ISIC-2017_Training_Part1_GroundTruth/ISIC_0010857_segmentation.png
1689,test,ISIC_0000025,ISIC-2017_Training_Data/ISIC_0000025.jpg,ISIC-2017_Training_Part1_GroundTruth/ISIC_0000025_segmentation.png
1690,test,ISIC_0012988,ISIC-2017_Training_Data/ISIC_0012988.jpg,ISIC-2017_Training_Part1_GroundTruth/ISIC_0012988_segmentation.png
1691,test,ISIC_0009943,ISIC-2017_Training_Data/ISIC_0009943.jpg,ISIC-2017_Training_Part1_GroundTruth/ISIC_0009943_segmentation.png
1692,test,ISIC_0011330,ISIC-2017_Training_Data/ISIC_0011330.jpg,ISIC-2017_Training_Part1_GroundTruth/ISIC_0011330_segmentation.png
1693,test,ISIC_0014745,ISIC-2017_Training_Data/ISIC_0014745.jpg,ISIC-2017_Training_Part1_GroundTruth/ISIC_0014745_segmentation.png
1694,test,ISIC_0012773,ISIC-2017_Training_Data/ISIC_0012773.jpg,ISIC-2017_Training_Part1_GroundTruth/ISIC_0012773_segmentation.png
1695,test,ISIC_0008116,ISIC-2017_Training_Data/ISIC_0008116.jpg,ISIC-2017_Training_Part1_GroundTruth/ISIC_0008116_segmentation.png
1696,test,ISIC_0015032,ISIC-2017_Training_Data/ISIC_0015032.jpg,ISIC-2017_Training_Part1_GroundTruth/ISIC_0015032_segmentation.png
1697,test,ISIC_0010104,ISIC-2017_Training_Data/ISIC_0010104.jpg,ISIC-2017_Training_Part1_GroundTruth/ISIC_0010104_segmentation.png
1698,test,ISIC_0006940,ISIC-2017_Training_Data/ISIC_0006940.jpg,ISIC-2017_Training_Part1_GroundTruth/ISIC_0006940_segmentation.png
1699,test,ISIC_0000306,ISIC-2017_Training_Data/ISIC_0000306.jpg,ISIC-2017_Training_Part1_GroundTruth/ISIC_0000306_segmentation.png
1700,test,ISIC_0012898,ISIC-2017_Training_Data/ISIC_0012898.jpg,ISIC-2017_Training_Part1_GroundTruth/ISIC_0012898_segmentation.png
1701,test,ISIC_0000509,ISIC-2017_Training_Data/ISIC_0000509.jpg,ISIC-2017_Training_Part1_GroundTruth/ISIC_0000509_segmentation.png
1702,test,ISIC_0000453,ISIC-2017_Training_Data/ISIC_0000453.jpg,ISIC-2017_Training_Part1_GroundTruth/ISIC_0000453_segmentation.png
1703,test,ISIC_0014711,ISIC-2017_Training_Data/ISIC_0014711.jpg,ISIC-2017_Training_Part1_GroundTruth/ISIC_0014711_segmentation.png
1704,test,ISIC_0000531,ISIC-2017_Training_Data/ISIC_0000531.jpg,ISIC-2017_Training_Part1_GroundTruth/ISIC_0000531_segmentation.png
1705,test,ISIC_0013874,ISIC-2017_Training_Data/ISIC_0013874.jpg,ISIC-2017_Training_Part1_GroundTruth/ISIC_0013874_segmentation.png
1706,test,ISIC_0014730,ISIC-2017_Training_Data/ISIC_0014730.jpg,ISIC-2017_Training_Part1_GroundTruth/ISIC_0014730_segmentation.png
1707,test,ISIC_0000009,ISIC-2017_Training_Data/ISIC_0000009.jpg,ISIC-2017_Training_Part1_GroundTruth/ISIC_0000009_segmentation.png
1708,test,ISIC_0013995,ISIC-2017_Training_Data/ISIC_0013995.jpg,ISIC-2017_Training_Part1_GroundTruth/ISIC_0013995_segmentation.png
1709,test,ISIC_0008280,ISIC-2017_Training_Data/ISIC_0008280.jpg,ISIC-2017_Training_Part1_GroundTruth/ISIC_0008280_segmentation.png
1710,test,ISIC_0014173,ISIC-2017_Training_Data/ISIC_0014173.jpg,ISIC-2017_Training_Part1_GroundTruth/ISIC_0014173_segmentation.png
1711,test,ISIC_0013424,ISIC-2017_Training_Data/ISIC_0013424.jpg,ISIC-2017_Training_Part1_GroundTruth/ISIC_0013424_segmentation.png
1712,test,ISIC_0014661,ISIC-2017_Training_Data/ISIC_0014661.jpg,ISIC-2017_Training_Part1_GroundTruth/ISIC_0014661_segmentation.png
1713,test,ISIC_0000232,ISIC-2017_Training_Data/ISIC_0000232.jpg,ISIC-2017_Training_Part1_GroundTruth/ISIC_0000232_segmentation.png
1714,test,ISIC_0012469,ISIC-2017_Training_Data/ISIC_0012469.jpg,ISIC-2017_Training_Part1_GroundTruth/ISIC_0012469_segmentation.png
1715,test,ISIC_0006982,ISIC-2017_Training_Data/ISIC_0006982.jpg,ISIC-2017_Training_Part1_GroundTruth/ISIC_0006982_segmentation.png
1716,test,ISIC_0000549,ISIC-2017_Training_Data/ISIC_0000549.jpg,ISIC-2017_Training_Part1_GroundTruth/ISIC_0000549_segmentation.png
1717,test,ISIC_0014748,ISIC-2017_Training_Data/ISIC_0014748.jpg,ISIC-2017_Training_Part1_GroundTruth/ISIC_0014748_segmentation.png
1718,test,ISIC_0013719,ISIC-2017_Training_Data/ISIC_0013719.jpg,ISIC-2017_Training_Part1_GroundTruth/ISIC_0013719_segmentation.png
1719,test,ISIC_0010006,ISIC-2017_Training_Data/ISIC_0010006.jpg,ISIC-2017_Training_Part1_GroundTruth/ISIC_0010006_segmentation.png
1720,test,ISIC_0000392,ISIC-2017_Training_Data/ISIC_0000392.jpg,ISIC-2017_Training_Part1_GroundTruth/ISIC_0000392_segmentation.png
1721,test,ISIC_0010236,ISIC-2017_Training_Data/ISIC_0010236.jpg,ISIC-2017_Training_Part1_GroundTruth/ISIC_0010236_segmentation.png
1722,test,ISIC_0013088,ISIC-2017_Training_Data/ISIC_0013088.jpg,ISIC-2017_Training_Part1_GroundTruth/ISIC_0013088_segmentation.png
1723,test,ISIC_0000311,ISIC-2017_Training_Data/ISIC_0000311.jpg,ISIC-2017_Training_Part1_GroundTruth/ISIC_0000311_segmentation.png
1724,test,ISIC_0003728,ISIC-2017_Training_Data/ISIC_0003728.jpg,ISIC-2017_Training_Part1_GroundTruth/ISIC_0003728_segmentation.png
1725,test,ISIC_0013802,ISIC-2017_Training_Data/ISIC_0013802.jpg,ISIC-2017_Training_Part1_GroundTruth/ISIC_0013802_segmentation.png
1726,test,ISIC_0000545,ISIC-2017_Training_Data/ISIC_0000545.jpg,ISIC-2017_Training_Part1_GroundTruth/ISIC_0000545_segmentation.png
1727,test,ISIC_0012324,ISIC-2017_Training_Data/ISIC_0012324.jpg,ISIC-2017_Training_Part1_GroundTruth/ISIC_0012324_segmentation.png
1728,test,ISIC_0009895,ISIC-2017_Training_Data/ISIC_0009895.jpg,ISIC-2017_Training_Part1_GroundTruth/ISIC_0009895_segmentation.png
1729,test,ISIC_0014898,ISIC-2017_Training_Data/ISIC_0014898.jpg,ISIC-2017_Training_Part1_GroundTruth/ISIC_0014898_segmentation.png
1730,test,ISIC_0015108,ISIC-2017_Training_Data/ISIC_0015108.jpg,ISIC-2017_Training_Part1_GroundTruth/ISIC_0015108_segmentation.png
1731,test,ISIC_0013369,ISIC-2017_Training_Data/ISIC_0013369.jpg,ISIC-2017_Training_Part1_GroundTruth/ISIC_0013369_segmentation.png
1732,test,ISIC_0012889,ISIC-2017_Training_Data/ISIC_0012889.jpg,ISIC-2017_Training_Part1_GroundTruth/ISIC_0012889_segmentation.png
1733,test,ISIC_0000192,ISIC-2017_Training_Data/ISIC_0000192.jpg,ISIC-2017_Training_Part1_GroundTruth/ISIC_0000192_segmentation.png
1734,test,ISIC_0010581,ISIC-2017_Training_Data/ISIC_0010581.jpg,ISIC-2017_Training_Part1_GroundTruth/ISIC_0010581_segmentation.png
1735,test,ISIC_0011090,ISIC-2017_Training_Data/ISIC_0011090.jpg,ISIC-2017_Training_Part1_GroundTruth/ISIC_0011090_segmentation.png
1736,test,ISIC_0013742,ISIC-2017_Training_Data/ISIC_0013742.jpg,ISIC-2017_Training_Part1_GroundTruth/ISIC_0013742_segmentation.png
1737,test,ISIC_0014264,ISIC-2017_Training_Data/ISIC_0014264.jpg,ISIC-2017_Training_Part1_GroundTruth/ISIC_0014264_segmentation.png
1738,test,ISIC_0012382,ISIC-2017_Training_Data/ISIC_0012382.jpg,ISIC-2017_Training_Part1_GroundTruth/ISIC_0012382_segmentation.png
1739,test,ISIC_0010360,ISIC-2017_Training_Data/ISIC_0010360.jpg,ISIC-2017_Training_Part1_GroundTruth/ISIC_0010360_segmentation.png
1740,test,ISIC_0014930,ISIC-2017_Training_Data/ISIC_0014930.jpg,ISIC-2017_Training_Part1_GroundTruth/ISIC_0014930_segmentation.png
1741,test,ISIC_0010568,ISIC-2017_Training_Data/ISIC_0010568.jpg,ISIC-2017_Training_Part1_GroundTruth/ISIC_0010568_segmentation.png
1742,test,ISIC_0010848,ISIC-2017_Training_Data/ISIC_0010848.jpg,ISIC-2017_Training_Part1_GroundTruth/ISIC_0010848_segmentation.png
1743,test,ISIC_0000255,ISIC-2017_Training_Data/ISIC_0000255.jpg,ISIC-2017_Training_Part1_GroundTruth/ISIC_0000255_segmentation.png
1744,test,ISIC_0014846,ISIC-2017_Training_Data/ISIC_0014846.jpg,ISIC-2017_Training_Part1_GroundTruth/ISIC_0014846_segmentation.png
1745,test,ISIC_0013302,ISIC-2017_Training_Data/ISIC_0013302.jpg,ISIC-2017_Training_Part1_GroundTruth/ISIC_0013302_segmentation.png
1746,test,ISIC_0000108,ISIC-2017_Training_Data/ISIC_0000108.jpg,ISIC-2017_Training_Part1_GroundTruth/ISIC_0000108_segmentation.png
1747,test,ISIC_0000491,ISIC-2017_Training_Data/ISIC_0000491.jpg,ISIC-2017_Training_Part1_GroundTruth/ISIC_0000491_segmentation.png
1748,test,ISIC_0013174,ISIC-2017_Training_Data/ISIC_0013174.jpg,ISIC-2017_Training_Part1_GroundTruth/ISIC_0013174_segmentation.png
1749,test,ISIC_0000010,ISIC-2017_Training_Data/ISIC_0000010.jpg,ISIC-2017_Training_Part1_GroundTruth/ISIC_0000010_segmentation.png
1750,test,ISIC_0013890,ISIC-2017_Training_Data/ISIC_0013890.jpg,ISIC-2017_Training_Part1_GroundTruth/ISIC_0013890_segmentation.png
1751,test,ISIC_0010334,ISIC-2017_Training_Data/ISIC_0010334.jpg,ISIC-2017_Training_Part1_GroundTruth/ISIC_0010334_segmentation.png
1752,test,ISIC_0009987,ISIC-2017_Training_Data/ISIC_0009987.jpg,ISIC-2017_Training_Part1_GroundTruth/ISIC_0009987_segmentation.png
1753,test,ISIC_0014855,ISIC-2017_Training_Data/ISIC_0014855.jpg,ISIC-2017_Training_Part1_GroundTruth/ISIC_0014855_segmentation.png
1754,test,ISIC_0014726,ISIC-2017_Training_Data/ISIC_0014726.jpg,ISIC-2017_Training_Part1_GroundTruth/ISIC_0014726_segmentation.png
1755,test,ISIC_0000530,ISIC-2017_Training_Data/ISIC_0000530.jpg,ISIC-2017_Training_Part1_GroundTruth/ISIC_0000530_segmentation.png
1756,test,ISIC_0000528,ISIC-2017_Training_Data/ISIC_0000528.jpg,ISIC-2017_Training_Part1_GroundTruth/ISIC_0000528_segmentation.png
1757,test,ISIC_0010558,ISIC-2017_Training_Data/ISIC_0010558.jpg,ISIC-2017_Training_Part1_GroundTruth/ISIC_0010558_segmentation.png
1758,test,ISIC_0010201,ISIC-2017_Training_Data/ISIC_0010201.jpg,ISIC-2017_Training_Part1_GroundTruth/ISIC_0010201_segmentation.png
1759,test,ISIC_0000046,ISIC-2017_Training_Data/ISIC_0000046.jpg,ISIC-2017_Training_Part1_GroundTruth/ISIC_0000046_segmentation.png
1760,test,ISIC_0014657,ISIC-2017_Training_Data/ISIC_0014657.jpg,ISIC-2017_Training_Part1_GroundTruth/ISIC_0014657_segmentation.png
1761,test,ISIC_0013554,ISIC-2017_Training_Data/ISIC_0013554.jpg,ISIC-2017_Training_Part1_GroundTruth/ISIC_0013554_segmentation.png
1762,test,ISIC_0012320,ISIC-2017_Training_Data/ISIC_0012320.jpg,ISIC-2017_Training_Part1_GroundTruth/ISIC_0012320_segmentation.png
1763,test,ISIC_0000365,ISIC-2017_Training_Data/ISIC_0000365.jpg,ISIC-2017_Training_Part1_GroundTruth/ISIC_0000365_segmentation.png
1764,test,ISIC_0014775,ISIC-2017_Training_Data/ISIC_0014775.jpg,ISIC-2017_Training_Part1_GroundTruth/ISIC_0014775_segmentation.png
1765,test,ISIC_0012118,ISIC-2017_Training_Data/ISIC_0012118.jpg,ISIC-2017_Training_Part1_GroundTruth/ISIC_0012118_segmentation.png
1766,test,ISIC_0014061,ISIC-2017_Training_Data/ISIC_0014061.jpg,ISIC-2017_Training_Part1_GroundTruth/ISIC_0014061_segmentation.png
1767,test,ISIC_0012749,ISIC-2017_Training_Data/ISIC_0012749.jpg,ISIC-2017_Training_Part1_GroundTruth/ISIC_0012749_segmentation.png
1768,test,ISIC_0010591,ISIC-2017_Training_Data/ISIC_0010591.jpg,ISIC-2017_Training_Part1_GroundTruth/ISIC_0010591_segmentation.png
1769,test,ISIC_0000533,ISIC-2017_Training_Data/ISIC_0000533.jpg,ISIC-2017_Training_Part1_GroundTruth/ISIC_0000533_segmentation.png
1770,test,ISIC_0010597,ISIC-2017_Training_Data/ISIC_0010597.jpg,ISIC-2017_Training_Part1_GroundTruth/ISIC_0010597_segmentation.png
1771,test,ISIC_0000425,ISIC-2017_Training_Data/ISIC_0000425.jpg,ISIC-2017_Training_Part1_GroundTruth/ISIC_0000425_segmentation.png
1772,test,ISIC_0010193,ISIC-2017_Training_Data/ISIC_0010193.jpg,ISIC-2017_Training_Part1_GroundTruth/ISIC_0010193_segmentation.png
1773,test,ISIC_0014580,ISIC-2017_Training_Data/ISIC_0014580.jpg,ISIC-2017_Training_Part1_GroundTruth/ISIC_0014580_segmentation.png
1774,test,ISIC_0010194,ISIC-2017_Training_Data/ISIC_0010194.jpg,ISIC-2017_Training_Part1_GroundTruth/ISIC_0010194_segmentation.png
1775,test,ISIC_0000163,ISIC-2017_Training_Data/ISIC_0000163.jpg,ISIC-2017_Training_Part1_GroundTruth/ISIC_0000163_segmentation.png
1776,test,ISIC_0012911,ISIC-2017_Training_Data/ISIC_0012911.jpg,ISIC-2017_Training_Part1_GroundTruth/ISIC_0012911_segmentation.png
1777,test,ISIC_0000153,ISIC-2017_Training_Data/ISIC_0000153.jpg,ISIC-2017_Training_Part1_GroundTruth/ISIC_0000153_segmentation.png
1778,test,ISIC_0013397,ISIC-2017_Training_Data/ISIC_0013397.jpg,ISIC-2017_Training_Part1_GroundTruth/ISIC_0013397_segmentation.png
1779,test,ISIC_0014913,ISIC-2017_Training_Data/ISIC_0014913.jpg,ISIC-2017_Training_Part1_GroundTruth/ISIC_0014913_segmentation.png
1780,test,ISIC_0010170,ISIC-2017_Training_Data/ISIC_0010170.jpg,ISIC-2017_Training_Part1_GroundTruth/ISIC_0010170_segmentation.png
1781,test,ISIC_0000000,ISIC-2017_Training_Data/ISIC_0000000.jpg,ISIC-2017_Training_Part1_GroundTruth/ISIC_0000000_segmentation.png
1782,test,ISIC_0012233,ISIC-2017_Training_Data/ISIC_0012233.jpg,ISIC-2017_Training_Part1_GroundTruth/ISIC_0012233_segmentation.png
1783,test,ISIC_0013236,ISIC-2017_Training_Data/ISIC_0013236.jpg,ISIC-2017_Training_Part1_GroundTruth/ISIC_0013236_segmentation.png
1784,test,ISIC_0012790,ISIC-2017_Training_Data/ISIC_0012790.jpg,ISIC-2017_Training_Part1_GroundTruth/ISIC_0012790_segmentation.png
1785,test,ISIC_0000410,ISIC-2017_Training_Data/ISIC_0000410.jpg,ISIC-2017_Training_Part1_GroundTruth/ISIC_0000410_segmentation.png
1786,test,ISIC_0011297,ISIC-2017_Training_Data/ISIC_0011297.jpg,ISIC-2017_Training_Part1_GroundTruth/ISIC_0011297_segmentation.png
1787,test,ISIC_0014518,ISIC-2017_Training_Data/ISIC_0014518.jpg,ISIC-2017_Training_Part1_GroundTruth/ISIC_0014518_segmentation.png
1788,test,ISIC_0001131,ISIC-2017_Training_Data/ISIC_0001131.jpg,ISIC-2017_Training_Part1_GroundTruth/ISIC_0001131_segmentation.png
1789,test,ISIC_0012810,ISIC-2017_Training_Data/ISIC_0012810.jpg,ISIC-2017_Training_Part1_GroundTruth/ISIC_0012810_segmentation.png
1790,test,ISIC_0000118,ISIC-2017_Training_Data/ISIC_0000118.jpg,ISIC-2017_Training_Part1_GroundTruth/ISIC_0000118_segmentation.png
1791,test,ISIC_0000123,ISIC-2017_Training_Data/ISIC_0000123.jpg,ISIC-2017_Training_Part1_GroundTruth/ISIC_0000123_segmentation.png
1792,test,ISIC_0014032,ISIC-2017_Training_Data/ISIC_0014032.jpg,ISIC-2017_Training_Part1_GroundTruth/ISIC_0014032_segmentation.png
1793,test,ISIC_0010589,ISIC-2017_Training_Data/ISIC_0010589.jpg,ISIC-2017_Training_Part1_GroundTruth/ISIC_0010589_segmentation.png
1794,test,ISIC_0011123,ISIC-2017_Training_Data/ISIC_0011123.jpg,ISIC-2017_Training_Part1_GroundTruth/ISIC_0011123_segmentation.png
1795,test,ISIC_0013224,ISIC-2017_Training_Data/ISIC_0013224.jpg,ISIC-2017_Training_Part1_GroundTruth/ISIC_0013224_segmentation.png
1796,test,ISIC_0010340,ISIC-2017_Training_Data/ISIC_0010340.jpg,ISIC-2017_Training_Part1_GroundTruth/ISIC_0010340_segmentation.png
1797,test,ISIC_0012238,ISIC-2017_Training_Data/ISIC_0012238.jpg,ISIC-2017_Training_Part1_GroundTruth/ISIC_0012238_segmentation.png
1798,test,ISIC_0013706,ISIC-2017_Training_Data/ISIC_0013706.jpg,ISIC-2017_Training_Part1_GroundTruth/ISIC_0013706_segmentation.png
1799,test,ISIC_0000135,ISIC-2017_Training_Data/ISIC_0000135.jpg,ISIC-2017_Training_Part1_GroundTruth/ISIC_0000135_segmentation.png
1800,test,ISIC_0000055,ISIC-2017_Training_Data/ISIC_0000055.jpg,ISIC-2017_Training_Part1_GroundTruth/ISIC_0000055_segmentation.png
1801,test,ISIC_0012518,ISIC-2017_Training_Data/ISIC_0012518.jpg,ISIC-2017_Training_Part1_GroundTruth/ISIC_0012518_segmentation.png
1802,test,ISIC_0012208,ISIC-2017_Training_Data/ISIC_0012208.jpg,ISIC-2017_Training_Part1_GroundTruth/ISIC_0012208_segmentation.png
1803,test,ISIC_0013837,ISIC-2017_Training_Data/ISIC_0013837.jpg,ISIC-2017_Training_Part1_GroundTruth/ISIC_0013837_segmentation.png
1804,test,ISIC_0000015,ISIC-2017_Training_Data/ISIC_0000015.jpg,ISIC-2017_Training_Part1_GroundTruth/ISIC_0000015_segmentation.png
1805,test,ISIC_0011393,ISIC-2017_Training_Data/ISIC_0011393.jpg,ISIC-2017_Training_Part1_GroundTruth/ISIC_0011393_segmentation.png
1806,test,ISIC_0014866,ISIC-2017_Training_Data/ISIC_0014866.jpg,ISIC-2017_Training_Part1_GroundTruth/ISIC_0014866_segmentation.png
1807,test,ISIC_0010575,ISIC-2017_Training_Data/ISIC_0010575.jpg,ISIC-2017_Training_Part1_GroundTruth/ISIC_0010575_segmentation.png
1808,test,ISIC_0000391,ISIC-2017_Training_Data/ISIC_0000391.jpg,ISIC-2017_Training_Part1_GroundTruth/ISIC_0000391_segmentation.png
1809,test,ISIC_0010584,ISIC-2017_Training_Data/ISIC_0010584.jpg,ISIC-2017_Training_Part1_GroundTruth/ISIC_0010584_segmentation.png
1810,test,ISIC_0010168,ISIC-2017_Training_Data/ISIC_0010168.jpg,ISIC-2017_Training_Part1_GroundTruth/ISIC_0010168_segmentation.png
1811,test,ISIC_0014229,ISIC-2017_Training_Data/ISIC_0014229.jpg,ISIC-2017_Training_Part1_GroundTruth/ISIC_0014229_segmentation.png
1812,test,ISIC_0012245,ISIC-2017_Training_Data/ISIC_0012245.jpg,ISIC-2017_Training_Part1_GroundTruth/ISIC_0012245_segmentation.png
1813,test,ISIC_0014573,ISIC-2017_Training_Data/ISIC_0014573.jpg,ISIC-2017_Training_Part1_GroundTruth/ISIC_0014573_segmentation.png
1814,test,ISIC_0013434,ISIC-2017_Training_Data/ISIC_0013434.jpg,ISIC-2017_Training_Part1_GroundTruth/ISIC_0013434_segmentation.png
1815,test,ISIC_0012692,ISIC-2017_Training_Data/ISIC_0012692.jpg,ISIC-2017_Training_Part1_GroundTruth/ISIC_0012692_segmentation.png
1816,test,ISIC_0000189,ISIC-2017_Training_Data/ISIC_0000189.jpg,ISIC-2017_Training_Part1_GroundTruth/ISIC_0000189_segmentation.png
1817,test,ISIC_0010475,ISIC-2017_Training_Data/ISIC_0010475.jpg,ISIC-2017_Training_Part1_GroundTruth/ISIC_0010475_segmentation.png
1818,test,ISIC_0013217,ISIC-2017_Training_Data/ISIC_0013217.jpg,ISIC-2017_Training_Part1_GroundTruth/ISIC_0013217_segmentation.png
1819,test,ISIC_0010105,ISIC-2017_Training_Data/ISIC_0010105.jpg,ISIC-2017_Training_Part1_GroundTruth/ISIC_0010105_segmentation.png
1820,test,ISIC_0015190,ISIC-2017_Training_Data/ISIC_0015190.jpg,ISIC-2017_Training_Part1_GroundTruth/ISIC_0015190_segmentation.png
1821,test,ISIC_0000372,ISIC-2017_Training_Data/ISIC_0000372.jpg,ISIC-2017_Training_Part1_GroundTruth/ISIC_0000372_segmentation.png
1822,test,ISIC_0011140,ISIC-2017_Training_Data/ISIC_0011140.jpg,ISIC-2017_Training_Part1_GroundTruth/ISIC_0011140_segmentation.png
1823,test,ISIC_0009921,ISIC-2017_Training_Data/ISIC_0009921.jpg,ISIC-2017_Training_Part1_GroundTruth/ISIC_0009921_segmentation.png
1824,test,ISIC_0012945,ISIC-2017_Training_Data/ISIC_0012945.jpg,ISIC-2017_Training_Part1_GroundTruth/ISIC_0012945_segmentation.png
1825,test,ISIC_0013971,ISIC-2017_Training_Data/ISIC_0013971.jpg,ISIC-2017_Training_Part1_GroundTruth/ISIC_0013971_segmentation.png
1826,test,ISIC_0000263,ISIC-2017_Training_Data/ISIC_0000263.jpg,ISIC-2017_Training_Part1_GroundTruth/ISIC_0000263_segmentation.png
1827,test,ISIC_0000473,ISIC-2017_Training_Data/ISIC_0000473.jpg,ISIC-2017_Training_Part1_GroundTruth/ISIC_0000473_segmentation.png
1828,test,ISIC_0000233,ISIC-2017_Training_Data/ISIC_0000233.jpg,ISIC-2017_Training_Part1_GroundTruth/ISIC_0000233_segmentation.png
1829,test,ISIC_0001152,ISIC-2017_Training_Data/ISIC_0001152.jpg,ISIC-2017_Training_Part1_GroundTruth/ISIC_0001152_segmentation.png
1830,test,ISIC_0014029,ISIC-2017_Training_Data/ISIC_0014029.jpg,ISIC-2017_Training_Part1_GroundTruth/ISIC_0014029_segmentation.png
1831,test,ISIC_0014360,ISIC-2017_Training_Data/ISIC_0014360.jpg,ISIC-2017_Training_Part1_GroundTruth/ISIC_0014360_segmentation.png
1832,test,ISIC_0011165,ISIC-2017_Training_Data/ISIC_0011165.jpg,ISIC-2017_Training_Part1_GroundTruth/ISIC_0011165_segmentation.png
1833,test,ISIC_0012940,ISIC-2017_Training_Data/ISIC_0012940.jpg,ISIC-2017_Training_Part1_GroundTruth/ISIC_0012940_segmentation.png
1834,test,ISIC_0014922,ISIC-2017_Training_Data/ISIC_0014922.jpg,ISIC-2017_Training_Part1_GroundTruth/ISIC_0014922_segmentation.png
1835,test,ISIC_0010191,ISIC-2017_Training_Data/ISIC_0010191.jpg,ISIC-2017_Training_Part1_GroundTruth/ISIC_0010191_segmentation.png
1836,test,ISIC_0001105,ISIC-2017_Training_Data/ISIC_0001105.jpg,ISIC-2017_Training_Part1_GroundTruth/ISIC_0001105_segmentation.png
1837,test,ISIC_0010372,ISIC-2017_Training_Data/ISIC_0010372.jpg,ISIC-2017_Training_Part1_GroundTruth/ISIC_0010372_segmentation.png
1838,test,ISIC_0000116,ISIC-2017_Training_Data/ISIC_0000116.jpg,ISIC-2017_Training_Part1_GroundTruth/ISIC_0000116_segmentation.png
1839,test,ISIC_0000191,ISIC-2017_Training_Data/ISIC_0000191.jpg,ISIC-2017_Training_Part1_GroundTruth/ISIC_0000191_segmentation.png
1840,test,ISIC_0010607,ISIC-2017_Training_Data/ISIC_0010607.jpg,ISIC-2017_Training_Part1_GroundTruth/ISIC_0010607_segmentation.png
1841,test,ISIC_0010040,ISIC-2017_Training_Data/ISIC_0010040.jpg,ISIC-2017_Training_Part1_GroundTruth/ISIC_0010040_segmentation.png
1842,test,ISIC_0011215,ISIC-2017_Training_Data/ISIC_0011215.jpg,ISIC-2017_Training_Part1_GroundTruth/ISIC_0011215_segmentation.png
1843,test,ISIC_0000426,ISIC-2017_Training_Data/ISIC_0000426.jpg,ISIC-2017_Training_Part1_GroundTruth/ISIC_0000426_segmentation.png
1844,test,ISIC_0000490,ISIC-2017_Training_Data/ISIC_0000490.jpg,ISIC-2017_Training_Part1_GroundTruth/ISIC_0000490_segmentation.png
1845,test,ISIC_0013026,ISIC-2017_Training_Data/ISIC_0013026.jpg,ISIC-2017_Training_Part1_GroundTruth/ISIC_0013026_segmentation.png
1846,test,ISIC_0000166,ISIC-2017_Training_Data/ISIC_0000166.jpg,ISIC-2017_Training_Part1_GroundTruth/ISIC_0000166_segmentation.png
1847,test,ISIC_0014365,ISIC-2017_Training_Data/ISIC_0014365.jpg,ISIC-2017_Training_Part1_GroundTruth/ISIC_0014365_segmentation.png
1848,test,ISIC_0013685,ISIC-2017_Training_Data/ISIC_0013685.jpg,ISIC-2017_Training_Part1_GroundTruth/ISIC_0013685_segmentation.png
1849,test,ISIC_0014357,ISIC-2017_Training_Data/ISIC_0014357.jpg,ISIC-2017_Training_Part1_GroundTruth/ISIC_0014357_segmentation.png
1850,test,ISIC_0013432,ISIC-2017_Training_Data/ISIC_0013432.jpg,ISIC-2017_Training_Part1_GroundTruth/ISIC_0013432_segmentation.png
1851,test,ISIC_0012237,ISIC-2017_Training_Data/ISIC_0012237.jpg,ISIC-2017_Training_Part1_GroundTruth/ISIC_0012237_segmentation.png
1852,test,ISIC_0009918,ISIC-2017_Training_Data/ISIC_0009918.jpg,ISIC-2017_Training_Part1_GroundTruth/ISIC_0009918_segmentation.png
1853,test,ISIC_0013112,ISIC-2017_Training_Data/ISIC_0013112.jpg,ISIC-2017_Training_Part1_GroundTruth/ISIC_0013112_segmentation.png
1854,test,ISIC_0000247,ISIC-2017_Training_Data/ISIC_0000247.jpg,ISIC-2017_Training_Part1_GroundTruth/ISIC_0000247_segmentation.png
1855,test,ISIC_0012544,ISIC-2017_Training_Data/ISIC_0012544.jpg,ISIC-2017_Training_Part1_GroundTruth/ISIC_0012544_segmentation.png
1856,test,ISIC_0013155,ISIC-2017_Training_Data/ISIC_0013155.jpg,ISIC-2017_Training_Part1_GroundTruth/ISIC_0013155_segmentation.png
1857,test,ISIC_0013410,ISIC-2017_Training_Data/ISIC_0013410.jpg,ISIC-2017_Training_Part1_GroundTruth/ISIC_0013410_segmentation.png
1858,test,ISIC_0008785,ISIC-2017_Training_Data/ISIC_0008785.jpg,ISIC-2017_Training_Part1_GroundTruth/ISIC_0008785_segmentation.png
1859,test,ISIC_0012105,ISIC-2017_Training_Data/ISIC_0012105.jpg,ISIC-2017_Training_Part1_GroundTruth/ISIC_0012105_segmentation.png
1860,test,ISIC_0014639,ISIC-2017_Training_Data/ISIC_0014639.jpg,ISIC-2017_Training_Part1_GroundTruth/ISIC_0014639_segmentation.png
1861,test,ISIC_0013962,ISIC-2017_Training_Data/ISIC_0013962.jpg,ISIC-2017_Training_Part1_GroundTruth/ISIC_0013962_segmentation.png
1862,test,ISIC_0014591,ISIC-2017_Training_Data/ISIC_0014591.jpg,ISIC-2017_Training_Part1_GroundTruth/ISIC_0014591_segmentation.png
1863,test,ISIC_0009599,ISIC-2017_Training_Data/ISIC_0009599.jpg,ISIC-2017_Training_Part1_GroundTruth/ISIC_0009599_segmentation.png
1864,test,ISIC_0011303,ISIC-2017_Training_Data/ISIC_0011303.jpg,ISIC-2017_Training_Part1_GroundTruth/ISIC_0011303_segmentation.png
1865,test,ISIC_0000184,ISIC-2017_Training_Data/ISIC_0000184.jpg,ISIC-2017_Training_Part1_GroundTruth/ISIC_0000184_segmentation.png
1866,test,ISIC_0014579,ISIC-2017_Training_Data/ISIC_0014579.jpg,ISIC-2017_Training_Part1_GroundTruth/ISIC_0014579_segmentation.png
1867,test,ISIC_0014595,ISIC-2017_Training_Data/ISIC_0014595.jpg,ISIC-2017_Training_Part1_GroundTruth/ISIC_0014595_segmentation.png
1868,test,ISIC_0014114,ISIC-2017_Training_Data/ISIC_0014114.jpg,ISIC-2017_Training_Part1_GroundTruth/ISIC_0014114_segmentation.png
1869,test,ISIC_0014839,ISIC-2017_Training_Data/ISIC_0014839.jpg,ISIC-2017_Training_Part1_GroundTruth/ISIC_0014839_segmentation.png
1870,test,ISIC_0014651,ISIC-2017_Training_Data/ISIC_0014651.jpg,ISIC-2017_Training_Part1_GroundTruth/ISIC_0014651_segmentation.png
1871,test,ISIC_0013090,ISIC-2017_Training_Data/ISIC_0013090.jpg,ISIC-2017_Training_Part1_GroundTruth/ISIC_0013090_segmentation.png
1872,test,ISIC_0010847,ISIC-2017_Training_Data/ISIC_0010847.jpg,ISIC-2017_Training_Part1_GroundTruth/ISIC_0010847_segmentation.png
1873,test,ISIC_0010233,ISIC-2017_Training_Data/ISIC_0010233.jpg,ISIC-2017_Training_Part1_GroundTruth/ISIC_0010233_segmentation.png
1874,test,ISIC_0000325,ISIC-2017_Training_Data/ISIC_0000325.jpg,ISIC-2017_Training_Part1_GroundTruth/ISIC_0000325_segmentation.png
1875,test,ISIC_0002806,ISIC-2017_Training_Data/ISIC_0002806.jpg,ISIC-2017_Training_Part1_GroundTruth/ISIC_0002806_segmentation.png
1876,test,ISIC_0014685,ISIC-2017_Training_Data/ISIC_0014685.jpg,ISIC-2017_Training_Part1_GroundTruth/ISIC_0014685_segmentation.png
1877,test,ISIC_0012516,ISIC-2017_Training_Data/ISIC_0012516.jpg,ISIC-2017_Training_Part1_GroundTruth/ISIC_0012516_segmentation.png
1878,test,ISIC_0014607,ISIC-2017_Training_Data/ISIC_0014607.jpg,ISIC-2017_Training_Part1_GroundTruth/ISIC_0014607_segmentation.png
1879,test,ISIC_0000470,ISIC-2017_Training_Data/ISIC_0000470.jpg,ISIC-2017_Training_Part1_GroundTruth/ISIC_0000470_segmentation.png
1880,test,ISIC_0000243,ISIC-2017_Training_Data/ISIC_0000243.jpg,ISIC-2017_Training_Part1_GroundTruth/ISIC_0000243_segmentation.png
1881,test,ISIC_0010003,ISIC-2017_Training_Data/ISIC_0010003.jpg,ISIC-2017_Training_Part1_GroundTruth/ISIC_0010003_segmentation.png
1882,test,ISIC_0002871,ISIC-2017_Training_Data/ISIC_0002871.jpg,ISIC-2017_Training_Part1_GroundTruth/ISIC_0002871_segmentation.png
1883,test,ISIC_0014682,ISIC-2017_Training_Data/ISIC_0014682.jpg,ISIC-2017_Training_Part1_GroundTruth/ISIC_0014682_segmentation.png
1884,test,ISIC_0014845,ISIC-2017_Training_Data/ISIC_0014845.jpg,ISIC-2017_Training_Part1_GroundTruth/ISIC_0014845_segmentation.png
1885,test,ISIC_0009912,ISIC-2017_Training_Data/ISIC_0009912.jpg,ISIC-2017_Training_Part1_GroundTruth/ISIC_0009912_segmentation.png
1886,test,ISIC_0011304,ISIC-2017_Training_Data/ISIC_0011304.jpg,ISIC-2017_Training_Part1_GroundTruth/ISIC_0011304_segmentation.png
1887,test,ISIC_0009969,ISIC-2017_Training_Data/ISIC_0009969.jpg,ISIC-2017_Training_Part1_GroundTruth/ISIC_0009969_segmentation.png
1888,test,ISIC_0002836,ISIC-2017_Training_Data/ISIC_0002836.jpg,ISIC-2017_Training_Part1_GroundTruth/ISIC_0002836_segmentation.png
1889,test,ISIC_0013097,ISIC-2017_Training_Data/ISIC_0013097.jpg,ISIC-2017_Training_Part1_GroundTruth/ISIC_0013097_segmentation.png
1890,test,ISIC_0012103,ISIC-2017_Training_Data/ISIC_0012103.jpg,ISIC-2017_Training_Part1_GroundTruth/ISIC_0012103_segmentation.png
1891,test,ISIC_0014606,ISIC-2017_Training_Data/ISIC_0014606.jpg,ISIC-2017_Training_Part1_GroundTruth/ISIC_0014606_segmentation.png
1892,test,ISIC_0011220,ISIC-2017_Training_Data/ISIC_0011220.jpg,ISIC-2017_Training_Part1_GroundTruth/ISIC_0011220_segmentation.png
1893,test,ISIC_0000359,ISIC-2017_Training_Data/ISIC_0000359.jpg,ISIC-2017_Training_Part1_GroundTruth/ISIC_0000359_segmentation.png
1894,test,ISIC_0011177,ISIC-2017_Training_Data/ISIC_0011177.jpg,ISIC-2017_Training_Part1_GroundTruth/ISIC_0011177_segmentation.png
1895,test,ISIC_0011164,ISIC-2017_Training_Data/ISIC_0011164.jpg,ISIC-2017_Training_Part1_GroundTruth/ISIC_0011164_segmentation.png
1896,test,ISIC_0015112,ISIC-2017_Training_Data/ISIC_0015112.jpg,ISIC-2017_Training_Part1_GroundTruth/ISIC_0015112_segmentation.png
1897,test,ISIC_0009897,ISIC-2017_Training_Data/ISIC_0009897.jpg,ISIC-2017_Training_Part1_GroundTruth/ISIC_0009897_segmentation.png
1898,test,ISIC_0010846,ISIC-2017_Training_Data/ISIC_0010846.jpg,ISIC-2017_Training_Part1_GroundTruth/ISIC_0010846_segmentation.png
1899,test,ISIC_0013197,ISIC-2017_Training_Data/ISIC_0013197.jpg,ISIC-2017_Training_Part1_GroundTruth/ISIC_0013197_segmentation.png
1900,test,ISIC_0014754,ISIC-2017_Training_Data/ISIC_0014754.jpg,ISIC-2017_Training_Part1_GroundTruth/ISIC_0014754_segmentation.png
1901,test,ISIC_0000517,ISIC-2017_Training_Data/ISIC_0000517.jpg,ISIC-2017_Training_Part1_GroundTruth/ISIC_0000517_segmentation.png
1902,test,ISIC_0000092,ISIC-2017_Training_Data/ISIC_0000092.jpg,ISIC-2017_Training_Part1_GroundTruth/ISIC_0000092_segmentation.png
1903,test,ISIC_0013015,ISIC-2017_Training_Data/ISIC_0013015.jpg,ISIC-2017_Training_Part1_GroundTruth/ISIC_0013015_segmentation.png
1904,test,ISIC_0000355,ISIC-2017_Training_Data/ISIC_0000355.jpg,ISIC-2017_Training_Part1_GroundTruth/ISIC_0000355_segmentation.png
1905,test,ISIC_0014166,ISIC-2017_Training_Data/ISIC_0014166.jpg,ISIC-2017_Training_Part1_GroundTruth/ISIC_0014166_segmentation.png
1906,test,ISIC_0014191,ISIC-2017_Training_Data/ISIC_0014191.jpg,ISIC-2017_Training_Part1_GroundTruth/ISIC_0014191_segmentation.png
1907,test,ISIC_0000503,ISIC-2017_Training_Data/ISIC_0000503.jpg,ISIC-2017_Training_Part1_GroundTruth/ISIC_0000503_segmentation.png
1908,test,ISIC_0014291,ISIC-2017_Training_Data/ISIC_0014291.jpg,ISIC-2017_Training_Part1_GroundTruth/ISIC_0014291_segmentation.png
1909,test,ISIC_0000087,ISIC-2017_Training_Data/ISIC_0000087.jpg,ISIC-2017_Training_Part1_GroundTruth/ISIC_0000087_segmentation.png
1910,test,ISIC_0013316,ISIC-2017_Training_Data/ISIC_0013316.jpg,ISIC-2017_Training_Part1_GroundTruth/ISIC_0013316_segmentation.png
1911,test,ISIC_0000343,ISIC-2017_Training_Data/ISIC_0000343.jpg,ISIC-2017_Training_Part1_GroundTruth/ISIC_0000343_segmentation.png
1912,test,ISIC_0014131,ISIC-2017_Training_Data/ISIC_0014131.jpg,ISIC-2017_Training_Part1_GroundTruth/ISIC_0014131_segmentation.png
1913,test,ISIC_0014082,ISIC-2017_Training_Data/ISIC_0014082.jpg,ISIC-2017_Training_Part1_GroundTruth/ISIC_0014082_segmentation.png
1914,test,ISIC_0009758,ISIC-2017_Training_Data/ISIC_0009758.jpg,ISIC-2017_Training_Part1_GroundTruth/ISIC_0009758_segmentation.png
1915,test,ISIC_0012203,ISIC-2017_Training_Data/ISIC_0012203.jpg,ISIC-2017_Training_Part1_GroundTruth/ISIC_0012203_segmentation.png
1916,test,ISIC_0012756,ISIC-2017_Training_Data/ISIC_0012756.jpg,ISIC-2017_Training_Part1_GroundTruth/ISIC_0012756_segmentation.png
1917,test,ISIC_0000091,ISIC-2017_Training_Data/ISIC_0000091.jpg,ISIC-2017_Training_Part1_GroundTruth/ISIC_0000091_segmentation.png
1918,test,ISIC_0014299,ISIC-2017_Training_Data/ISIC_0014299.jpg,ISIC-2017_Training_Part1_GroundTruth/ISIC_0014299_segmentation.png
1919,test,ISIC_0013205,ISIC-2017_Training_Data/ISIC_0013205.jpg,ISIC-2017_Training_Part1_GroundTruth/ISIC_0013205_segmentation.png
1920,test,ISIC_0013178,ISIC-2017_Training_Data/ISIC_0013178.jpg,ISIC-2017_Training_Part1_GroundTruth/ISIC_0013178_segmentation.png
1921,test,ISIC_0012873,ISIC-2017_Training_Data/ISIC_0012873.jpg,ISIC-2017_Training_Part1_GroundTruth/ISIC_0012873_segmentation.png
1922,test,ISIC_0011132,ISIC-2017_Training_Data/ISIC_0011132.jpg,ISIC-2017_Training_Part1_GroundTruth/ISIC_0011132_segmentation.png
1923,test,ISIC_0009954,ISIC-2017_Training_Data/ISIC_0009954.jpg,ISIC-2017_Training_Part1_GroundTruth/ISIC_0009954_segmentation.png
1924,test,ISIC_0007087,ISIC-2017_Training_Data/ISIC_0007087.jpg,ISIC-2017_Training_Part1_GroundTruth/ISIC_0007087_segmentation.png
1925,test,ISIC_0009909,ISIC-2017_Training_Data/ISIC_0009909.jpg,ISIC-2017_Training_Part1_GroundTruth/ISIC_0009909_segmentation.png
1926,test,ISIC_0015182,ISIC-2017_Training_Data/ISIC_0015182.jpg,ISIC-2017_Training_Part1_GroundTruth/ISIC_0015182_segmentation.png
1927,test,ISIC_0011218,ISIC-2017_Training_Data/ISIC_0011218.jpg,ISIC-2017_Training_Part1_GroundTruth/ISIC_0011218_segmentation.png
1928,test,ISIC_0009950,ISIC-2017_Training_Data/ISIC_0009950.jpg,ISIC-2017_Training_Part1_GroundTruth/ISIC_0009950_segmentation.png
1929,test,ISIC_0010074,ISIC-2017_Training_Data/ISIC_0010074.jpg,ISIC-2017_Training_Part1_GroundTruth/ISIC_0010074_segmentation.png
1930,test,ISIC_0013689,ISIC-2017_Training_Data/ISIC_0013689.jpg,ISIC-2017_Training_Part1_GroundTruth/ISIC_0013689_segmentation.png
1931,test,ISIC_0000134,ISIC-2017_Training_Data/ISIC_0000134.jpg,ISIC-2017_Training_Part1_GroundTruth/ISIC_0000134_segmentation.png
1932,test,ISIC_0014919,ISIC-2017_Training_Data/ISIC_0014919.jpg,ISIC-2017_Training_Part1_GroundTruth/ISIC_0014919_segmentation.png
1933,test,ISIC_0013721,ISIC-2017_Training_Data/ISIC_0013721.jpg,ISIC-2017_Training_Part1_GroundTruth/ISIC_0013721_segmentation.png
1934,test,ISIC_0012982,ISIC-2017_Training_Data/ISIC_0012982.jpg,ISIC-2017_Training_Part1_GroundTruth/ISIC_0012982_segmentation.png
1935,test,ISIC_0012806,ISIC-2017_Training_Data/ISIC_0012806.jpg,ISIC-2017_Training_Part1_GroundTruth/ISIC_0012806_segmentation.png
1936,test,ISIC_0008256,ISIC-2017_Training_Data/ISIC_0008256.jpg,ISIC-2017_Training_Part1_GroundTruth/ISIC_0008256_segmentation.png
1937,test,ISIC_0015038,ISIC-2017_Training_Data/ISIC_0015038.jpg,ISIC-2017_Training_Part1_GroundTruth/ISIC_0015038_segmentation.png
1938,test,ISIC_0000492,ISIC-2017_Training_Data/ISIC_0000492.jpg,ISIC-2017_Training_Part1_GroundTruth/ISIC_0000492_segmentation.png
1939,test,ISIC_0000165,ISIC-2017_Training_Data/ISIC_0000165.jpg,ISIC-2017_Training_Part1_GroundTruth/ISIC_0000165_segmentation.png
1940,test,ISIC_0002287,ISIC-2017_Training_Data/ISIC_0002287.jpg,ISIC-2017_Training_Part1_GroundTruth/ISIC_0002287_segmentation.png
1941,test,ISIC_0013517,ISIC-2017_Training_Data/ISIC_0013517.jpg,ISIC-2017_Training_Part1_GroundTruth/ISIC_0013517_segmentation.png
1942,test,ISIC_0012378,ISIC-2017_Training_Data/ISIC_0012378.jpg,ISIC-2017_Training_Part1_GroundTruth/ISIC_0012378_segmentation.png
1943,test,ISIC_0013220,ISIC-2017_Training_Data/ISIC_0013220.jpg,ISIC-2017_Training_Part1_GroundTruth/ISIC_0013220_segmentation.png
1944,test,ISIC_0010013,ISIC-2017_Training_Data/ISIC_0010013.jpg,ISIC-2017_Training_Part1_GroundTruth/ISIC_0010013_segmentation.png
1945,test,ISIC_0010246,ISIC-2017_Training_Data/ISIC_0010246.jpg,ISIC-2017_Training_Part1_GroundTruth/ISIC_0010246_segmentation.png
1946,test,ISIC_0011166,ISIC-2017_Training_Data/ISIC_0011166.jpg,ISIC-2017_Training_Part1_GroundTruth/ISIC_0011166_segmentation.png
1947,test,ISIC_0014062,ISIC-2017_Training_Data/ISIC_0014062.jpg,ISIC-2017_Training_Part1_GroundTruth/ISIC_0014062_segmentation.png
1948,test,ISIC_0012777,ISIC-2017_Training_Data/ISIC_0012777.jpg,ISIC-2017_Training_Part1_GroundTruth/ISIC_0012777_segmentation.png
1949,test,ISIC_0009885,ISIC-2017_Training_Data/ISIC_0009885.jpg,ISIC-2017_Training_Part1_GroundTruth/ISIC_0009885_segmentation.png
1950,test,ISIC_0000310,ISIC-2017_Training_Data/ISIC_0000310.jpg,ISIC-2017_Training_Part1_GroundTruth/ISIC_0000310_segmentation.png
1951,test,ISIC_0013146,ISIC-2017_Training_Data/ISIC_0013146.jpg,ISIC-2017_Training_Part1_GroundTruth/ISIC_0013146_segmentation.png
1952,test,ISIC_0000071,ISIC-2017_Training_Data/ISIC_0000071.jpg,ISIC-2017_Training_Part1_GroundTruth/ISIC_0000071_segmentation.png
1953,test,ISIC_0010350,ISIC-2017_Training_Data/ISIC_0010350.jpg,ISIC-2017_Training_Part1_GroundTruth/ISIC_0010350_segmentation.png
1954,test,ISIC_0000204,ISIC-2017_Training_Data/ISIC_0000204.jpg,ISIC-2017_Training_Part1_GroundTruth/ISIC_0000204_segmentation.png
1955,test,ISIC_0008807,ISIC-2017_Training_Data/ISIC_0008807.jpg,ISIC-2017_Training_Part1_GroundTruth/ISIC_0008807_segmentation.png
1956,test,ISIC_0013783,ISIC-2017_Training_Data/ISIC_0013783.jpg,ISIC-2017_Training_Part1_GroundTruth/ISIC_0013783_segmentation.png
1957,test,ISIC_0013886,ISIC-2017_Training_Data/ISIC_0013886.jpg,ISIC-2017_Training_Part1_GroundTruth/ISIC_0013886_segmentation.png
1958,test,ISIC_0006021,ISIC-2017_Training_Data/ISIC_0006021.jpg,ISIC-2017_Training_Part1_GroundTruth/ISIC_0006021_segmentation.png
1959,test,ISIC_0010487,ISIC-2017_Training_Data/ISIC_0010487.jpg,ISIC-2017_Training_Part1_GroundTruth/ISIC_0010487_segmentation.png
1960,test,ISIC_0014806,ISIC-2017_Training_Data/ISIC_0014806.jpg,ISIC-2017_Training_Part1_GroundTruth/ISIC_0014806_segmentation.png
1961,test,ISIC_0010256,ISIC-2017_Training_Data/ISIC_0010256.jpg,ISIC-2017_Training_Part1_GroundTruth/ISIC_0010256_segmentation.png
1962,test,ISIC_0012227,ISIC-2017_Training_Data/ISIC_0012227.jpg,ISIC-2017_Training_Part1_GroundTruth/ISIC_0012227_segmentation.png
1963,test,ISIC_0012657,ISIC-2017_Training_Data/ISIC_0012657.jpg,ISIC-2017_Training_Part1_GroundTruth/ISIC_0012657_segmentation.png
1964,test,ISIC_0009942,ISIC-2017_Training_Data/ISIC_0009942.jpg,ISIC-2017_Training_Part1_GroundTruth/ISIC_0009942_segmentation.png
1965,test,ISIC_0010341,ISIC-2017_Training_Data/ISIC_0010341.jpg,ISIC-2017_Training_Part1_GroundTruth/ISIC_0010341_segmentation.png
1966,test,ISIC_0008552,ISIC-2017_Training_Data/ISIC_0008552.jpg,ISIC-2017_Training_Part1_GroundTruth/ISIC_0008552_segmentation.png
1967,test,ISIC_0000205,ISIC-2017_Training_Data/ISIC_0000205.jpg,ISIC-2017_Training_Part1_GroundTruth/ISIC_0000205_segmentation.png
1968,test,ISIC_0000221,ISIC-2017_Training_Data/ISIC_0000221.jpg,ISIC-2017_Training_Part1_GroundTruth/ISIC_0000221_segmentation.png
1969,test,ISIC_0000202,ISIC-2017_Training_Data/ISIC_0000202.jpg,ISIC-2017_Training_Part1_GroundTruth/ISIC_0000202_segmentation.png
1970,test,ISIC_0014289,ISIC-2017_Training_Data/ISIC_0014289.jpg,ISIC-2017_Training_Part1_GroundTruth/ISIC_0014289_segmentation.png
1971,test,ISIC_0000546,ISIC-2017_Training_Data/ISIC_0000546.jpg,ISIC-2017_Training_Part1_GroundTruth/ISIC_0000546_segmentation.png
1972,test,ISIC_0000265,ISIC-2017_Training_Data/ISIC_0000265.jpg,ISIC-2017_Training_Part1_GroundTruth/ISIC_0000265_segmentation.png
1973,test,ISIC_0014650,ISIC-2017_Training_Data/ISIC_0014650.jpg,ISIC-2017_Training_Part1_GroundTruth/ISIC_0014650_segmentation.png
1974,test,ISIC_0010595,ISIC-2017_Training_Data/ISIC_0010595.jpg,ISIC-2017_Training_Part1_GroundTruth/ISIC_0010595_segmentation.png
1975,test,ISIC_0013558,ISIC-2017_Training_Data/ISIC_0013558.jpg,ISIC-2017_Training_Part1_GroundTruth/ISIC_0013558_segmentation.png
1976,test,ISIC_0014158,ISIC-2017_Training_Data/ISIC_0014158.jpg,ISIC-2017_Training_Part1_GroundTruth/ISIC_0014158_segmentation.png
1977,test,ISIC_0000999,ISIC-2017_Training_Data/ISIC_0000999.jpg,ISIC-2017_Training_Part1_GroundTruth/ISIC_0000999_segmentation.png
1978,test,ISIC_0013096,ISIC-2017_Training_Data/ISIC_0013096.jpg,ISIC-2017_Training_Part1_GroundTruth/ISIC_0013096_segmentation.png
1979,test,ISIC_0005787,ISIC-2017_Training_Data/ISIC_0005787.jpg,ISIC-2017_Training_Part1_GroundTruth/ISIC_0005787_segmentation.png
1980,test,ISIC_0013599,ISIC-2017_Training_Data/ISIC_0013599.jpg,ISIC-2017_Training_Part1_GroundTruth/ISIC_0013599_segmentation.png
1981,test,ISIC_0014185,ISIC-2017_Training_Data/ISIC_0014185.jpg,ISIC-2017_Training_Part1_GroundTruth/ISIC_0014185_segmentation.png
1982,test,ISIC_0014120,ISIC-2017_Training_Data/ISIC_0014120.jpg,ISIC-2017_Training_Part1_GroundTruth/ISIC_0014120_segmentation.png
1983,test,ISIC_0014190,ISIC-2017_Training_Data/ISIC_0014190.jpg,ISIC-2017_Training_Part1_GroundTruth/ISIC_0014190_segmentation.png
1984,test,ISIC_0012998,ISIC-2017_Training_Data/ISIC_0012998.jpg,ISIC-2017_Training_Part1_GroundTruth/ISIC_0012998_segmentation.png
1985,test,ISIC_0009979,ISIC-2017_Training_Data/ISIC_0009979.jpg,ISIC-2017_Training_Part1_GroundTruth/ISIC_0009979_segmentation.png
1986,test,ISIC_0012155,ISIC-2017_Training_Data/ISIC_0012155.jpg,ISIC-2017_Training_Part1_GroundTruth/ISIC_0012155_segmentation.png
1987,test,ISIC_0010064,ISIC-2017_Training_Data/ISIC_0010064.jpg,ISIC-2017_Training_Part1_GroundTruth/ISIC_0010064_segmentation.png
1988,test,ISIC_0000094,ISIC-2017_Training_Data/ISIC_0000094.jpg,ISIC-2017_Training_Part1_GroundTruth/ISIC_0000094_segmentation.png
1989,test,ISIC_0010180,ISIC-2017_Training_Data/ISIC_0010180.jpg,ISIC-2017_Training_Part1_GroundTruth/ISIC_0010180_segmentation.png
1990,test,ISIC_0014699,ISIC-2017_Training_Data/ISIC_0014699.jpg,ISIC-2017_Training_Part1_GroundTruth/ISIC_0014699_segmentation.png
1991,test,ISIC_0001134,ISIC-2017_Training_Data/ISIC_0001134.jpg,ISIC-2017_Training_Part1_GroundTruth/ISIC_0001134_segmentation.png
1992,test,ISIC_0000050,ISIC-2017_Training_Data/ISIC_0000050.jpg,ISIC-2017_Training_Part1_GroundTruth/ISIC_0000050_segmentation.png
1993,test,ISIC_0000483,ISIC-2017_Training_Data/ISIC_0000483.jpg,ISIC-2017_Training_Part1_GroundTruth/ISIC_0000483_segmentation.png
1994,test,ISIC_0011326,ISIC-2017_Training_Data/ISIC_0011326.jpg,ISIC-2017_Training_Part1_GroundTruth/ISIC_0011326_segmentation.png
1995,test,ISIC_0000206,ISIC-2017_Training_Data/ISIC_0000206.jpg,ISIC-2017_Training_Part1_GroundTruth/ISIC_0000206_segmentation.png
1996,test,ISIC_0010444,ISIC-2017_Training_Data/ISIC_0010444.jpg,ISIC-2017_Training_Part1_GroundTruth/ISIC_0010444_segmentation.png
1997,test,ISIC_0010036,ISIC-2017_Training_Data/ISIC_0010036.jpg,ISIC-2017_Training_Part1_GroundTruth/ISIC_0010036_segmentation.png
1998,test,ISIC_0012481,ISIC-2017_Training_Data/ISIC_0012481.jpg,ISIC-2017_Training_Part1_GroundTruth/ISIC_0012481_segmentation.png
1999,test,ISIC_0009938,ISIC-2017_Training_Data/ISIC_0009938.jpg,ISIC-2017_Training_Part1_GroundTruth/ISIC_0009938_segmentation.png
